"T1","T2","T3","T4","T5","T6","T7","T8","T9","T10","T11","T12","T13","T14","T15","T16","T17","T18","T19","T20","T21","T22","T23","T24","T25","T26","T27","T28","T29","T30","T31","T32","T33","T34","T35","T36","T37","T38","T39","T40","T41","T42","T43","T44","T45","T46","T47","T48","T49","T50"
0,0,0,0,0,0,0,0,0,0,0,0,0,0,0,0,0,0,0,0,0,0,0,0,0,0,0,0,0,0,0,0,0,0,0,0,0,0,0,0,0,0,0,0,0,0,0,0,0,0
18.4601845999991,19.0601905999993,34.5603456000008,26.3502635000007,16.4901649000008,12.2901228999995,16.7601676000013,17.1901719000001,19.9301993000005,14.9801498000009,27.3502734999988,17.3301732999994,24.3702437000004,15.1801517999991,22.3302233000006,18.5401853999996,20.6602066000005,13.2001320000007,10.9901098999999,16.5001649999999,13.6701367000005,18.5901859000015,12.3101231,82.1308213000002,24.1002409999996,16.9401694000007,14.7801477999998,14.3701436999991,12.5401253999998,11.7301172999996,10.7801078,9.13009129999964,7.50007499999927,8.10008100000015,37.8003779999988,10.6101060999995,33.7503375000001,20.6602065999999,31.2303122999988,27.9302793000003,27.2202722000006,25.7502575000005,25.1002509999987,18.0801808000007,19.7801978000007,24.5702456999992,8.43008430000058,10.6801068000009,5.83005830000051,9.41009410000073
41.9699999999985,44.6299999999997,83.1400000000001,62.1600000000011,39.0399999999996,30.0603005999989,41.0900000000007,41.2899999999987,47.6200000000016,36.4600000000018,64.5299999999979,41.8699999999989,56.58,36.6099999999993,54.3005430000012,43.4699999999994,51.71,28.2402824000003,27.0802707999999,42.8204281999992,34.7099999999991,45.3700000000016,32.1300000000004,177.020000000001,53.7999999999991,36.5703657,31.7899999999994,31.5403153999984,26.7102671000015,26.3302632999992,23.1500000000009,18.9701897000001,15.3401534000007,17.3401734000017,148.75,22.9502294999994,73.6300000000002,47.8699999999998,106.219999999997,86.6808668000003,59.11,56.8300000000005,54.4799999999991,41.08,37.5100000000018,51.1905118999988,17.8601785999985,21.5000000000009,11.3200000000006,18.6101861000012
41.9704196999985,44.6304462999997,83.1408314000001,62.1606216000011,39.0403903999996,43.8599999999989,41.0904109000007,41.2904128999987,47.6204762000016,36.4603646000018,64.5306452999979,41.8704186999989,56.5805658,36.6103660999993,78.1007810000024,43.4704346999994,51.7105171,50.2100000000006,45.7904579000002,62.2606225999999,34.7103470999991,45.3704537000016,32.1303213000004,177.021770200001,53.8005379999991,62.4906248999994,31.7903178999994,49.5499999999991,42.3504235000004,39.0599999999981,23.1502315000009,27.9400000000001,23.850238500005,25.9900000000006,148.7514875,34.4999999999999,73.6307363000002,47.8704786999998,106.221062199997,118.290000000001,59.1105911,56.8305683000005,54.4805447999991,41.0804108,37.5103751000018,84.0299999999979,25.4499999999983,21.5002150000009,11.3201132000006,29.0700000000016
60.3206031999983,75.1107511000014,117.0611706,87.9600000000014,65.3806538000022,43.8604385999989,57.9805798000003,67.2699999999958,65.720000000003,51.8305183000014,91.580915799996,60.0999999999985,80.070800699999,52.5705257000005,124.211242099998,60.3706036999982,73.6407364000011,50.2105021000006,58.4100000000006,98.7299999999973,48.809999999999,63.8806388000019,45.9804598000017,421.679999999998,115.261152599999,84.9099999999987,50.349999999999,49.5504954999991,60.1400000000021,39.0603905999981,36.460364600001,27.9402794000001,32.3800000000049,25.9902599000006,194.021940200001,34.5003449999999,116.8311683,71.9299999999999,143.839999999998,118.291182900001,94.0209402000009,90.3309033,105.591055899997,62.1899999999994,64.7206472000033,84.0308402999979,25.4502544999983,33.8703387000011,17.4301743000019,29.0702907000016
87.6599999999989,94.4700000000021,180.590000000005,87.9608796000014,82.7000000000018,65.2700000000024,83.1708317000006,67.2706726999958,65.720657200003,77.5900000000017,142.701426999995,60.1006009999985,124.34,79.1499999999993,163.601635999999,88.5999999999991,110.200000000003,76.3907638999997,58.4105841000006,98.7309872999973,48.810488099999,95.4500000000042,70.8007080000055,421.684216799998,147.101470999999,84.9108490999987,50.350503499999,71.9999999999991,60.1406014000021,54.7199999999998,51.570515699999,37.480374799999,32.380323800005,35.759999999998,243.602436000002,49.9800000000037,197.181971800002,71.9307192999999,143.841438399998,153.701537000001,150.761507600001,136.851368500003,137.581375799997,62.1906218999994,87.7800000000041,129.6,33.3800000000006,44.5499999999982,22.9600000000042,38.0503805000018
87.6608765999989,94.4709447000021,180.591805900005,127.24,82.7008270000018,65.2706527000024,111.420000000004,84.0208401999957,98.0099999999986,77.5907759000017,190.581905799995,87.399999999997,124.3412434,79.1507914999993,195.199999999999,88.6008859999991,110.201102000003,93.6509364999993,73.8707387000005,123.421234199997,74.9400000000022,95.4509545000042,89.0508905000056,521.375213699997,262.3526235,151.531515299999,74.6899999999993,72.0007199999991,77.8700000000009,54.7205471999998,70.8507084999959,47.4304742999972,41.2604126000074,35.760357599998,417.924179200001,49.9804998000037,332.783327800002,115.570000000002,183.871838699997,273.6127361,253.092530900002,232.272322700004,184.621846199999,93.629999999995,87.7808778000041,129.601296,33.3803338000006,44.5504454999982,22.9602296000042,48.0800000000018
111.431114299999,120.331203300003,229.442294400004,127.2412724,104.8110481,82.4608246000024,111.421114200004,108.931089299996,98.0109800999986,99.8309983000012,229.342293399995,87.400873999997,157.7815778,100.501004999999,195.201951999999,116.241162399999,140.861408600002,114.391143899999,88.1008809999999,150.801507999997,74.9407494000022,122.901229000004,108.291082900005,790.387903799997,316.603166,180.521805199998,74.6907468999993,86.0108600999991,77.8707787000009,71.5307152999972,85.290852899999,55.4099999999969,48.6404864000071,44.9504494999991,520.425204199999,64.4306443000056,408.664086600002,115.571155700002,326.693266899999,327.503274999999,306.7430674,271.522715200003,275.942759399996,93.630936299995,104.421044200003,174.4117441,41.4404144,54.3905438999989,28.4202842000042,48.0804808000018
143.931439300001,146.121461200002,281.260000000005,163.5416354,127.2512725,114.880000000002,133.081330800004,126.601265999996,127.561275599999,120.541205400002,296.249999999989,111.991119899997,214.882148799996,136.850000000002,270.120000000002,136.571365699999,161.531615300002,152.250000000002,97.8809787999999,213.849999999996,95.9009590000024,146.601466000005,144.540000000007,1093.79,341.333413299999,196.841968399997,96.7809678,115.901159,89.4508945000014,82.440824399997,95.9099999999992,55.410554099997,59.0405904000072,53.2905328999989,560.385603799999,75.1307513000052,443.760000000003,155.991559900004,395.433954300001,355.809999999999,334.8433484,298.340000000003,302.893028899996,148.059999999995,159.570000000001,221.012210099995,49.5504954999997,65.1906519000002,33.7603376000046,56.9005690000016
164.531645300001,186.250000000004,281.262812600005,193.359999999998,161.900000000001,114.881148800002,164.510000000006,146.051460499997,152.721527199999,137.101371000003,296.252962499989,132.191321899998,257.042570399997,136.851368500002,270.122701200002,158.231582299998,187.920000000004,152.251522500002,128.920000000001,213.852138499996,114.681146800003,182.120000000002,144.541445400007,1093.8009379,361.553615499999,211.342113399997,136.58,137.361373599999,117.540000000003,93.3009329999966,95.9109590999992,65.8406583999995,67.1606716000095,63.7806377999999,684.6368463,95.1309513000052,443.764437600003,229.770000000002,428.654286500001,355.8135581,359.313593100001,298.342983400003,324.953249499996,148.061480599995,159.571595700001,244.482444799995,57.5205752000014,75.1007510000005,38.7403874000048,66.9506694999995
187.86,186.251862500004,361.440000000005,193.361933599998,161.901619000001,130.551305500001,164.511645100006,173.050000000001,174.011740099999,164.540000000001,325.543255399989,149.181491799998,284.512845099997,157.461574600003,292.042920400002,184.951849499998,187.921879200004,164.331643300002,128.921289200001,228.952289499996,144.850000000005,182.121821200002,156.271562700007,1180.2218021,412.314123099999,240.412404099997,136.5813658,149.991499899999,117.541175400003,116.309999999997,105.691056899999,73.6907368999996,75.5907559000121,71.0607105999999,776.077760699999,104.421044200005,472.744727400003,229.772297700002,455.884558800002,419.924199200001,408.9340893,320.023200200003,373.193731899994,177.481774799995,189.211892100001,266.512665099995,63.5706357,84.9808498000028,44.2600000000047,75.9407593999964
187.8618786,206.122061200004,361.443614400005,220.192201899998,178.641786400001,141.971419700001,182.111821100005,173.051730500001,206.920000000001,164.541645400001,378.523785199987,187.239999999998,331.2133121,171.541715400003,342.603426000003,213.042130399999,254.810000000007,189.9818998,146.941469400001,264.152641499996,144.851448500005,200.472004700002,180.641806400009,1253.5725356,470.044700400002,266.892668899996,150.9415094,174.271742699998,128.721287200002,116.311163099997,119.631196300001,82.8508284999989,82.1808218000123,79.7807977999993,879.3,119.201192000005,542.875428700002,251.812518100002,526.695266900002,475.044750400002,472.204722,355.853558500004,429.194291899995,196.071960699995,217.862178600002,317.823178199995,72.8707286999991,95.0909509000025,44.2604426000047,86.300862999995
214.692146899999,236.402364000004,396.803968000005,262.819999999995,204.702047000003,162.891628900002,210.082100800005,199.181991800002,206.922069200002,190.821908200004,426.554265499984,187.241872399998,374.943749400001,199.331993300003,388.073880700005,234.812348099996,254.812548100007,206.322063200001,166.691666900001,290.762907599997,158.951589500005,227.662276600002,198.191981900008,1486.0248601,539.275392700002,290.432904299995,164.0816408,195.301952999997,144.921449200001,132.141321399999,132.931329300003,92.7409273999989,91.2809128000146,89.0008900000018,879.308793,132.891328900006,618.816188100002,270.422704200002,591.755917500001,524.6752467,525.435254300001,398.503985000003,473.094730899993,211.422114199995,233.012330100002,361.723617199995,80.3408033999997,107.731077300001,49.5500000000066,95.7899999999936
243.862438599998,268.622686200005,459.674596700006,262.822628199995,226.812268100004,182.341823400003,234.892348900008,226.5922659,239.392393900003,212.052120500004,484.444844399983,214.742147399996,424.8442484,225.232252300002,427.394273900005,264.582645799996,287.562875600006,234.572345700001,179.841798400001,319.9131991,185.041850400007,258.022580200001,225.492254900008,1754.6275461,608.466084600002,315.253152499994,190.7519075,215.632156299996,163.581635800003,146.5614656,149.110000000003,101.651016499998,100.011000100016,99.2809928000007,912.3191231,149.841498400006,709.117091100002,307.393073900002,677.506775000002,548.555485500001,590.325903200004,448.194481900003,531.095310899995,238.282382799994,257.702577000003,404.474044699993,92.9309293000001,119.290000000001,49.5504955000066,95.7909578999936
266.922669199997,293.682936800005,529.355293500005,298.982989799995,254.552545500003,204.792047900002,264.650000000008,246.4824648,264.612646100001,239.840000000005,523.125231199985,240.302402999996,457.414574100001,245.342453400003,461.384613800006,288.522885199995,324.483244800005,257.6125761,197.111971100001,360.893608899999,203.822038200009,291.072910700001,246.902469000009,1981.6998168,646.490000000005,346.203461999996,210.962109600001,234.792347899994,180.581805800003,161.6916169,149.111491100003,112.831128299999,109.821098200022,109.411094100001,1034.7903478,163.281632800007,799.187991800002,356.293562900002,761.087610800005,613.896138899998,630.036300300003,487.1448714,567.009999999995,273.102730999994,282.332823300004,458.259999999986,104.6410464,119.291192900001,55.3405534000067,106.461064599994
291.282912799998,320.093200900006,579.055790500004,337.123371199992,282.0328203,220.062200600002,264.652646500008,271.432714300002,299.042990400003,239.842398400005,574.495744899981,268.822688199995,500.825008199997,268.5126851,509.685096800009,315.949999999994,351.233512300006,284.7528475,217.8221782,400.444004400002,225.532255300008,313.593135900001,274.362743600009,2240.7324071,646.496464900005,417.404173999992,233.392333900003,260.432604299992,196.581965800004,177.901778999999,163.990000000003,123.359999999999,121.411214100022,120.541205400002,1090.7209071,181.161811600008,848.540000000004,396.630000000002,807.548075400005,653.856538499995,738.797387900003,541.5854158,567.015670099995,302.233022299993,314.403144000004,458.264582599986,112.2511225,129.651296500003,60.6406064000039,115.931159299993
320.203201999997,352.013520100008,628.346283400004,366.483664799993,306.143061400001,242.892428900004,285.922859200007,298.312983100005,325.313253100004,260.962609600004,636.226362199981,289.392893899994,553.995539899997,296.782967799999,559.735597300008,315.953159499995,391.133911300006,312.963129599998,239.012390099998,435.174351700001,252.822528200007,345.763457600002,301.283012800009,2354.3535433,712.527125200004,444.054440499992,261.602616000007,293.462934599992,217.962179599999,196.301962999998,163.991639900003,123.361233599999,133.541335400024,133.801338,1269.5526954,197.551975500007,848.548485400004,396.633966300002,958.849588400005,778.827788199998,798.757987500004,644.066440599997,622.266222599995,328.623286199995,340.813408100006,492.724927199986,120.44,142.171421699999,67.060670600003,127.271272699994
354.783547799997,389.593895900008,692.636926300003,407.664076599993,340.163401600002,265.052650500004,314.453144500006,329.743297400006,359.213592100004,287.00287,692.386923799982,317.803177999991,603.756037499998,330.0933009,609.640000000007,346.623466199995,429.194291900009,341.663416599998,258.052580499998,467.974679700001,279.652796500007,380.613806100001,327.933279300006,2614.3061428,835.428354199999,475.674756699993,282.322823200009,320.169999999993,240.172401699998,216.612166099998,181.591815900006,135.641356399998,141.871418700023,146.171461700001,1386.5038649,215.190000000006,993.799937900009,426.474264700001,1039.10039090001,839.568395599998,857.088570800005,690.456904499997,719.777197699992,365.383653799996,366.943669400005,543.295432899986,120.4412044,157.501574999999,74.0607406000019,140.461404599993
388.633886299999,426.934269300008,757.057570500004,446.564465599991,367.553675500001,297.880000000004,346.453464500005,361.093610900004,391.670000000003,320.6632066,748.717487099982,353.533535299993,651.126511199996,363.4236342,609.646096400008,378.083780799995,473.234732300009,362.633626299998,278.292782899997,507.335073300001,310.023100200006,415.824158200002,353.593535900006,2954.31,898.028980199999,507.70999999999,306.713067100009,320.173201699993,257.332573299999,234.752347499998,202.922029200005,144.961449599998,154.061540600025,155.7715577,1633.15,215.192151900006,1079.03079020001,475.504754999999,1118.4011839,900.169001599999,908.490000000004,742.559999999998,773.187731799991,425.169999999997,399.313993100004,585.845858399987,NA,174.041740400001,81.6108161000005,154.021540199994
418.5141851,459.594595900007,822.038220300003,495.194951899991,401.530000000002,297.882978800004,379.213792100004,389.183891800005,391.673916700003,351.853518499999,802.59802589998,388.943889399992,708.83999999999,391.0239102,659.326593200008,409.114091099995,517.39517390001,389.533895299998,293.252932499997,570.925709200007,339.993399900006,449.574495700002,373.823738200006,2954.3395431,947.009999999998,507.71507709999,349.89349890001,342.693426899993,276.602765999998,249.762497599998,220.720000000004,158.551585499997,164.261642600022,168.611686099998,1633.1663315,237.382373800007,1146.06000000001,522.315223099999,1179.91000000001,1068.3306832,908.499084900004,742.567425599998,821.759999999989,425.174251699997,427.374273700003,641.976419699988,NA,192.371923700001,89.6108961000006,164.329999999994
452.879999999997,502.730000000001,892.608926000003,543.605435999989,401.534015300002,325.630000000003,410.414104100005,417.534175300003,425.394253900002,381.043810399999,872.178721699982,418.004179999992,708.84708839999,428.3242832,703.707037000009,432.574325699994,557.655576500009,419.044190399999,325.153251499999,602.306023000007,368.253682500007,487.8748787,411.484114800003,3109.8,947.019470099998,535.42535419999,374.60374600001,366.279999999993,307.259999999996,275.652756500002,220.722207200004,170.931709299996,173.591735900022,177.961779599998,1750.0675005,253.472534700007,1146.07146060001,600.146001399998,1179.92179910001,1118.22,953.019530100004,785.677856699998,821.768217599989,457.684576799996,487.444874400002,677.446774399987,NA,203.182031800002,95.6709567000036,164.331643299994
452.884528799997,502.735027300001,977.689776799999,584.925849199989,436.344363400002,325.633256300003,442.580000000008,454.924549200005,460.534605300003,409.849999999997,966.769999999981,457.654576499993,754.867548599991,480.909999999998,781.78781780001,460.319999999997,627.03000000001,457.474574699999,340.543405399998,633.076330700006,399.18399180001,524.635246299999,431.714317100005,3109.831098,988.729999999999,634.98634979999,401.970000000012,366.283662799993,307.263072599996,310.060000000002,235.872358700004,181.971819699996,184.46184460002,192.681926799997,1917.9391792,269.142691400007,1336.03336020001,640.169999999998,1233.16,1118.2311822,1099.95099940001,830.689999999998,864.48999999999,492.959999999998,519.255192500004,742.507424999988,NA,215.172151699998,101.161011600004,175.261752599996
480.294802899997,534.075340700001,1036.0503604,629.039999999987,485.194851900004,353.780000000004,442.584425800008,475.674756700005,495.134951300002,409.854098499997,966.779667699981,478.714787099993,836.058360499989,480.914809099998,822.438224300008,460.324603199997,627.03627030001,476.1147611,384.209999999997,659.516595100005,418.97418970001,572.925729199999,452.904529000005,3251.4025137,988.739887299999,699.556995499988,401.974019700012,408.839999999991,326.063260599995,310.063100600002,255.270000000006,197.011970099995,199.700000000017,202.932029299996,2050.720507,285.732857300008,1395.87395860001,640.176401699998,1233.1723316,1235.0723506,1169.2016919,830.698306899998,864.49864489999,492.964929599998,603.270000000005,791.897918899987,NA,226.712267099999,107.321073200002,190.351903499996
525.139999999997,590.27,1092.6809267,629.046290399987,508.685086800004,353.783537800004,469.824698200008,495.654956500008,528.755287499999,432.664326599998,1014.50014489998,509.845098399991,891.428914199989,503.605035999997,929.620000000011,484.664846599996,656.836568300011,495.074950700001,384.213842099997,746.060000000004,463.180000000008,598.105981000001,505.900000000003,3517.8751784,1103.1610315,769.587695799989,NA,408.844088399991,347.073470699997,327.613276100001,255.272552700006,208.342083400001,199.701997000017,216.832168299994,2129.56,316.180000000008,1480.20480190001,675.766757599997,1371.9837197,1278.8827887,1268.5526854,NA,NA,523.579999999998,603.276032700005,845.338453299989,NA,240.0224002,113.251132500003,202.482024799996
525.145251399998,590.2759027,1199.26,673.006729999986,531.665316600009,370.703707000003,513.880000000007,522.58522580001,555.765557599999,473.354733499999,1071.41071399998,560.919999999992,929.329293199993,531.345313399997,929.629296200011,521.435214299993,683.766837600011,548.790000000003,NA,746.067460600005,463.184631800009,623.366233600003,505.905059000003,3940.62,1168.63168619999,803.988039799991,NA,431.19431189999,387.889999999999,347.183471799999,NA,222.972229700002,208.232082300018,226.742267399993,2129.5812956,316.183161800008,1611.72611710001,720.207201999997,1452.7645275,1406.8640685,1377.6037759,NA,NA,523.585235799998,642.886428800003,889.968899599987,NA,252.542525400001,121.631216300002,213.259999999997
550.425504199997,NA,1199.2719926,706.007059999987,566.035660300011,402.674026700004,513.885138800007,548.055480500011,600.319999999997,499.784997799998,1137.78137769998,560.925609199992,978.259782499993,553.445534399995,974.919749100011,547.535475299991,719.65719650001,548.795487900003,NA,NA,482.714827100005,657.686576800005,525.615256100003,3940.6594062,1340.86340849999,832.308322999992,NA,455.704556999988,387.893878899999,368.303682999999,NA,232.712327100002,217.902179000018,235.652356499993,2196.4319641,335.593355900006,1696.81696800002,822.978229699999,1650.9465093,1471.7347172,1433.5343352,NA,NA,556.615566099998,696.126961200004,932.979329699987,NA,270.052700500002,126.201262000003,213.262132599997
582.325823199998,NA,1251.7625175,762.05999999999,594.875948700012,451.320000000004,536.735367300009,569.475694700011,600.326003199997,520.345203399998,1183.75183739998,581.335813299991,1015.82015809999,589.565895599993,1048.79048780001,571.425714199991,810.22000000001,NA,NA,NA,506.805068000005,694.986949800006,561.875618700004,4241.4024136,1464.71464699999,863.84999999999,NA,484.234842299988,414.4841448,390.703907,NA,246.022460200003,231.000000000018,246.562465599992,2378.6037858,357.123571200005,1840.40840390002,868.758687499998,1800.8980088,1528.615286,1486.1648615,NA,NA,638.699999999999,753.827538200004,982.459824499987,NA,279.202791999999,132.6213262,224.442244399994
605.716057099997,NA,1330.4233041,762.06762059999,632.316323100011,451.324513200004,559.565595600006,603.396033900012,631.216312099995,547.585475799996,1254.30254289998,618.896188899991,1075.56075549999,628.006279999995,1088.93088920001,592.585925799988,810.22810220001,NA,NA,NA,536.285362800007,720.147201400006,593.995939900001,4535.7253568,1521.99521979999,863.85863849999,NA,516.345163399989,437.25,407.104070999999,NA,257.122571200003,231.002310000018,259.152591499992,2483.9748395,375.740000000004,1916.85916840002,941.159411499999,1873.8587384,1649.616496,1557.4655745,NA,NA,638.706386999999,786.097860900003,1032.04999999999,NA,293.902939,137.7513775,232.972329699992
639.696396899998,NA,1387.4938748,791.777917699986,655.666556600011,NA,590.255902500007,631.940000000012,656.096560899995,571.315713099997,1331.88331869998,640.286402799991,1141.00140989999,667.536675299993,1167.79167780001,620.906208999988,876.03876030001,NA,NA,NA,556.955569500007,758.967589600005,631.836318300001,4813.7581371,1570.76570749999,NA,NA,543.495434899989,437.2543725,431.644316399999,NA,266.922669200003,243.062430600018,270.792707899993,2659.3765935,375.743757400004,1982.13982120002,1021.4702146,1933.7293371,1774.4277441,1634.0063399,NA,NA,691.7469174,825.0582505,1032.06032049999,NA,304.380000000001,143.3414334,245.072450699992
666.446664399998,NA,1472.8847287,833.968339599989,692.680000000012,NA,613.686136800006,631.946319400012,696.186961799994,600.206001999996,1396.55396539998,681.08681079999,1192.33192319999,688.836888299994,1238.62238610001,655.339999999989,906.06906060001,NA,NA,NA,588.075880700006,792.667926600005,661.516615100002,5134.5613451,1686.0368602,NA,NA,564.085640799989,454.3645436,454.494544899999,NA,278.442784400004,253.522535200021,283.852838499993,2826.3482632,390.603906000004,2102.23102210002,1061.2706126,2079.19079170001,1825.62,1737.1573714,NA,NA,727.567275599999,854.2785427,1092.25092239999,NA,304.383043800001,150.801507999999,254.652546499992
704.857048499999,NA,1554.2955428,866.328663199988,692.686926800012,NA,646.796467900008,659.826598200014,723.867238599994,638.656386499995,1481.08481069998,720.33720329999,1263.25263239999,718.627186199991,1292.76292750001,655.346553399989,978.21978210001,NA,NA,NA,624.536245300005,830.628306200005,694.726947200002,5295.57295519999,1805.29805279999,NA,NA,595.169999999986,483.774837700001,475.984759799998,NA,292.052920500003,264.772647700021,294.9629496,3002.00001969999,409.924099200006,2375.07375050001,1103.5410353,2226.94226920001,1825.6382562,1842.518425,NA,NA,785.417854099999,888.648886400001,1159.17159159999,NA,315.130000000001,157.551575499998,264.852648499992
735.5773557,NA,1625.9362592,911.369113599989,721.587215800013,NA,682.846828400005,694.476944700014,757.397573899994,671.256712499995,1539.04539029998,750.097500899989,1307.95307939999,749.527495199991,1358.43358420001,691.826918199989,1030.05030040001,NA,NA,NA,652.326523200005,871.458714500006,723.457234500009,5642.22642169999,1895.418954,NA,NA,595.175951699987,507.735077299999,500.405003999998,NA,306.913069100002,274.71274710002,311.433114299996,3076.87076839999,429.774297700007,2508.55508530002,1167.5016749,2338.6433862,1897.9989798,2017.2901727,NA,NA,820.528205199999,928.6192861,1234.36999999999,NA,315.133151300001,165.241652399999,277.572775699994
776.217762100001,NA,1712.4871247,963.879638699991,761.117611100014,NA,713.097130900008,729.507295000013,795.677956699994,711.757117499995,1592.77592759998,782.96782959999,1369.19369179999,805.39805389999,1420.39420380001,718.937189299989,1071.74071730001,NA,NA,NA,690.056900500004,912.539125300005,757.277572700006,6002.0400198,1971.3297131,NA,NA,625.226252199986,530.235302299999,519.805198000001,NA,318.143181400005,288.502885000022,325.523255199994,3224.532245,449.224492200008,2650.28650260001,1221.08221069999,2430.8843086,2082.5808256,2129.221292,NA,NA,850.418504099999,973.629736199999,1234.38234369999,NA,330.103301000002,173.621736199998,291.262912599994
805.178051700001,NA,1798.3879837,1005.65005639999,812.010000000014,NA,740.477404700008,755.847558400013,835.708356999996,751.397513899994,1676.15676139998,822.788227799989,1455.81999999999,835.158351499991,1497.01497000001,748.847488399987,1130.96130950001,NA,NA,NA,714.767147600004,963.209632000002,787.397873900006,6497.60497539999,2098.5109849,NA,NA,655.046550399987,554.855548499998,558.949999999997,NA,332.553325500005,301.713017100019,335.423354199994,3482.2548222,469.414694100008,2785.75785730001,1295.05295039999,2582.08582060001,2148.5314851,2205.3020528,NA,NA,904.959049499998,1028.2002819,1299.96299949999,NA,343.943439400001,178.681786799999,303.513035099993
841.418414100001,NA,1856.9385692,1059.75059739999,812.018120100014,NA,778.317783100007,792.29792290001,875.608755999996,779.797797899993,1776.58999999999,858.398583899989,1455.83455819999,875.678756699992,1573.89573880001,781.707816999987,1169.54169530001,NA,NA,NA,763.227632200004,992.369923600004,820.958209500007,6805.63805569999,2285.9128589,NA,NA,702.569999999986,582.455824499998,558.955589499997,NA,349.190000000008,313.993139900019,349.173491699994,3746.9774694,490.954909500007,2931.49931470001,1370.1937018,2791.95791930001,2277.8727785,2357.5335751,NA,NA,952.479524699998,1085.4508544,1371.81999999999,NA,359.7635976,185.841858399999,317.653176499993
881.638816300003,NA,1927.4092739,1105.63105619999,840.348403400013,NA,816.228162200007,831.680000000014,915.969159599995,823.899999999994,1776.60776589999,898.818988099991,NA,917.409173999993,1658.27658260001,822.279999999987,1224.12224110001,NA,NA,NA,785.847858400002,1020.610206,842.368423600006,7120.44120369999,2368.7036868,NA,NA,702.577025699986,609.2160921,NA,NA,349.193491900008,326.62326620002,361.823618199993,3930.7993076,524.365243600011,3129.79129760001,1440.0844007,2911.91911890001,2453.2345321,2441.1844116,NA,NA,1009.98009969999,1128.6212861,1371.83371819999,NA,376.733767300002,191.691916899999,331.953319499992
932.570000000004,NA,1997.1799716,1155.83155819999,879.568795600013,NA,849.278492700006,831.688316800014,962.909628999997,823.908238999994,1848.20848189998,930.439304299991,NA,958.549585399993,1774.19000000002,822.288222799987,1281.81281800001,NA,NA,NA,823.548235400002,1059.4205941,900.319003100009,7472.86472789999,2459.2145919,NA,NA,735.087350799986,653.746537399997,NA,NA,359.213592100007,337.43337430002,373.523735199993,4109.641096,544.815448100008,3259.87259840001,1522.0252201,3124.45124420001,2524.7952477,2518.7751875,NA,NA,1050.90050889999,1189.411894,NA,NA,392.323923200001,198.091980899995,341.223412199991
932.579325700005,NA,2119.39,1209.35209339999,930.269302600014,NA,896.380000000007,862.218622100017,998.259982499997,858.678586699994,1946.04946029998,990.039999999989,NA,1013.31013299999,1774.20774190002,842.908428999987,1326.95326940001,NA,NA,NA,845.218452100002,1109.47,938.349383400007,7909.26999999999,2637.5163749,NA,NA,766.717667099988,680.266802599996,NA,NA,375.443754400008,354.183541800021,389.869999999992,4295.7729573,576.755767500009,3396.30396270001,1649.1364912,3252.69252660001,2602.7660274,2668.7966877,NA,NA,1111.92111909999,1271.7527174,NA,NA,402.144021400003,205.702056999994,355.973559699991
980.569805600006,NA,2119.4111939,1244.17244159999,959.149591400014,NA,896.388963800007,883.288832800018,1044.0704406,880.198801899997,2026.41026389998,990.049900399989,NA,1046.81046799999,1846.16846150002,881.558815499988,1399.25399240001,NA,NA,NA,877.328773200001,1109.4810947,963.509635000008,7909.34909269999,2719.1571913,NA,NA,800.948009399988,708.757087499992,NA,NA,389.023890200008,370.393703900023,389.873898699992,4471.6747163,599.60599600001,3525.33525300001,1723.6972368,3372.40372370001,2776.927769,2714.9871496,NA,NA,1198.63999999999,1357.46999999999,NA,NA,413.184131800002,213.822138199994,366.363663599991
1006.7800677,NA,2199.7719975,1303.09999999999,998.779987700015,NA,922.179221700006,903.559035500021,1069.2806927,902.129021199994,2074.17074149998,1021.37021359999,NA,1086.97086959999,1957.94957930002,917.619176099988,1454.30454290001,NA,NA,NA,910.319103100002,1144.1414413,1018.43018420001,8279.18279099999,2761.8576183,NA,NA,846.868468599987,752.357523499991,NA,NA,401.654016500007,382.593825900023,NA,4734.9373489,620.326203200009,3717.65717620001,1833.81833799999,3459.73459700001,2850.1985017,2780.3678034,NA,NA,1198.65198639999,1357.48357469999,NA,NA,428.864288600003,220.922209199994,378.363783599992
1042.1904218,NA,2289.722897,1303.11303099999,1025.37025360002,NA,958.859588500007,942.630000000023,1104.30104289999,945.069450599994,2134.68134659998,1060.85060839999,NA,1114.72114709999,1998.44998430002,946.459464499988,1553.62000000001,NA,NA,NA,946.099460899999,1181.59181579999,1049.59049580001,8604.33604249999,2829.6982967,NA,NA,882.229999999989,783.867838599989,NA,NA,413.404134000006,394.173941700024,NA,4859.7985975,637.676376700009,3775.11775080001,1868.61868599999,3511.23511200001,2917.9891796,2820.5382051,NA,NA,NA,NA,NA,NA,445.274452700001,228.802287999987,392.333923299991
1067.9406793,NA,2401.5440152,1352.82352809999,1063.63063620002,NA,1004.58000000001,942.639426300023,1129.2612925,984.329843199988,2185.87185849998,1114.84114829999,NA,1168.71168699999,2048.39048370002,966.969669599992,1553.63553620001,NA,NA,NA,991.54,1230.72230709999,1070.88070870001,8953.52999999999,2868,NA,NA,882.238822299989,801.988019799989,NA,NA,426.054260500007,404.844048400024,NA,5017.8701782,652.566525600009,3831.41831380001,1937.70937689999,3712.29712260001,3044.0004397,2888.9888896,NA,NA,NA,NA,NA,NA,457.854578500002,235.012350099986,405.844058399988
1105.91105900001,NA,2469.5146949,1387.26387249999,1097.69097680002,NA,1004.59004580001,975.009750000024,1167.83167819999,1016.21016199999,2263.13263109998,1155.75155739999,NA,1208.12208109999,2092.86092840002,1001.13999999999,NA,NA,NA,NA,991.5499154,1269.1826917,1098.33098320001,8953.61953529999,2868.02868,NA,NA,NA,822.848228399989,NA,NA,441.324413200007,420.014200100023,NA,5082.4308238,683.476834700009,3923.78923750001,1971.37999999999,3761.81000000001,3088.06,2995.829958,NA,NA,NA,NA,NA,NA,475.304753000002,241.602415999987,418.34418339999
1151.96151950001,NA,2551.3655134,1438.86438849999,1135.10135090002,NA,1028.80028790001,1008.82008810002,1214.12214109999,1057.99057979999,2359.69359669997,1208.47208459999,NA,1231.29231279999,2163.92163900002,1001.15001139999,NA,NA,NA,NA,NA,1315.69315679999,1139.59139580001,NA,NA,NA,NA,NA,845.388453799988,NA,NA,453.024530200007,430.454304500024,NA,5263.1326308,701.197011900009,4038.32038280001,1971.39971379999,3761.84761810001,3088.0908806,3090.4909046,NA,NA,NA,NA,NA,NA,489.404894000003,248.832488299988,430.74430739999
1190.55190540001,NA,2660.3166029,1498.23498219999,1184.90184890002,NA,1063.80063790001,1047.09047080002,1253.25253239999,1097.21097199999,2427.65427629997,1247.17247159999,NA,1267.73267719999,2272.11272090002,1036.22036209999,NA,NA,NA,NA,NA,1340.71340699999,1192.92192910001,NA,NA,NA,NA,NA,867.168671599987,NA,NA,468.77468770001,445.424454200021,NA,5326.2632621,719.657196500009,4180.43180390001,NA,NA,NA,3180.2418021,NA,NA,NA,NA,NA,NA,503.795037900002,256.682566799988,444.29444289999
1232.64232630001,NA,2717.9571793,1549.78549769999,1208.88208870002,NA,1099.72099710001,1067.58067570002,1297.69297679999,1118.96118949999,2498.83498809997,1269.45269439999,NA,1309.31309299999,2336.60336580002,1073.71073699999,NA,NA,NA,NA,NA,1383.83383819999,1225.80225790001,NA,NA,NA,NA,NA,908.769087599987,NA,NA,481.694816900009,457.354573500021,NA,5507.8150776,740.837408300009,4310.11310070001,NA,NA,NA,3255.1125508,NA,NA,NA,NA,NA,NA,516.575165700003,265.27265269999,456.074560699991
1258.02258010001,NA,2790.8779085,1607.24607229999,1241.55241540001,NA,1144.76000000001,1096.76096750002,1323.06323049999,1151.45151439999,2586.78586759997,1304.11304099999,NA,1345.29345279999,2401.44401420002,1095.43095419999,NA,NA,NA,NA,NA,1426.17426159999,1263.65263640001,NA,NA,NA,NA,NA,932.029320199987,NA,NA,496.824968200009,471.464714600022,NA,5680.4668041,763.657636500007,4433.76433720001,NA,NA,NA,3364.4936446,NA,NA,NA,NA,NA,NA,534.425344200005,273.73273729999,471.28471279999
1291.46291450001,NA,2872.16872139999,1654.41654399999,1276.08276070001,NA,1144.77144760001,1125.02125010002,1366.74366729999,1186.49186479999,2658.02657999997,1340.81340799999,NA,1383.79383779999,2479.47479450002,1132.32132309999,NA,NA,NA,NA,NA,1465.27465259999,1284.60284590001,NA,NA,NA,NA,NA,961.689616799988,NA,NA,507.43507430001,482.804828000022,NA,5850.2185016,782.877828700007,4562.29562250001,NA,NA,NA,3407.6040757,NA,NA,NA,NA,NA,NA,551.445514400007,281.06281059999,485.64485639999
1325.65325640001,NA,2963.59963569999,1686.28686269999,1317.41317400001,NA,1167.65167640001,1161.14161130002,1407.38407369999,1229.30229289999,2708.55708529997,1374.06374049999,NA,1411.18411169999,2556.26556240002,1159.57159559999,NA,NA,NA,NA,NA,1501.89501879999,1315.85315840001,NA,NA,NA,NA,NA,990.069900599989,NA,NA,520.38520380001,493.414934100022,NA,6061.6006154,804.708047000007,4704.53704490001,NA,NA,NA,3518.1651813,NA,NA,NA,NA,NA,NA,566.755667500008,285.752857499989,494.86494859999
1357.13357120001,NA,3048.23048199999,1736.45736439999,1352.99352980001,NA,1199.07199060001,1189.77189760002,1449.30449289999,1258.01257999999,2770.35770329997,1414.88414869999,NA,1461.92461909999,2598.74598720002,1189.90189889999,NA,NA,NA,NA,NA,1548.57548559999,1346.00345990001,NA,NA,NA,NA,NA,1017.14017129999,NA,NA,537.21537210001,505.015050100023,NA,6325.9032584,821.198211900007,4756.81756770001,NA,NA,NA,3673.4867345,NA,NA,NA,NA,NA,NA,576.675766700008,291.582915799989,508.075080699989
1390.16390150001,NA,3108.0910806,1793.08793069999,1382.57382560001,NA,1238.67238660001,1216.62216610002,1481.49481479999,1289.05289039999,2864.17864149997,1455.45455439999,NA,1511.66511649999,2668.02668000002,1218.02218009999,NA,NA,NA,NA,NA,1594.63594619999,1372.74372730001,NA,NA,NA,NA,NA,1036.13999999999,NA,NA,553.405534000008,521.455214500023,NA,6568.6156855,841.808418000006,4955.03954990001,NA,NA,NA,3822.0282199,NA,NA,NA,NA,NA,NA,589.705897000009,297.502974999988,519.685196799988
1433.31433300001,NA,3182.7518272,1836.61836599999,1431.97431960001,NA,1271.04271030001,1253.15253140003,1523.47523459999,1329.28329269999,2958.36958339997,1505.87505859999,NA,1544.87544859999,2734.68734660002,1246.35246339999,NA,NA,NA,NA,NA,1624.80624789999,1424.41424400001,NA,NA,NA,NA,NA,1036.15036139999,NA,NA,563.595635900008,537.395373900023,NA,6752.44752379999,871.908719000005,5135.89135840001,NA,NA,NA,3925.1992516,NA,NA,NA,NA,NA,NA,604.426044200011,302.613026099988,532.96532959999
1475.20475190001,NA,3285.91285879999,1882.86882849999,1477.95477940001,NA,1303.47303460001,1286.21286200003,1563.84563829999,1365.73365719999,3015.32015289997,1539.60539589999,NA,1576.88576869999,2840.47840450002,1282.32282309998,NA,NA,NA,NA,NA,1668.25668239999,1477.2947728,NA,NA,NA,NA,NA,NA,NA,NA,575.455754500009,551.445514400022,NA,6814.7981473,903.389033800006,5284.55284500001,NA,NA,NA,4011.5801154,NA,NA,NA,NA,NA,NA,614.686146800011,309.223092199986,542.42999999999
1502.49502480001,NA,3390.14,1936.80936789999,1507.73507720001,NA,1331.87331860001,1308.75308740003,1590.12590109999,1388.85388839999,3085.36085329997,1588.89588879999,NA,1613.02613009999,2948.83948810002,1303.67303659999,NA,NA,NA,NA,NA,1697.5469753,1506.3950638,NA,NA,NA,NA,NA,NA,NA,NA,589.88589880001,566.775667700022,NA,7063.1606309,925.269252600007,5425.35425300001,NA,NA,NA,4109.6610962,NA,NA,NA,NA,NA,NA,626.576265700012,317.383173799988,542.43542429999
1536.54536530001,NA,3390.1739014,1973.56973549999,1541.25541240001,NA,1375.92375910001,1337.86337850003,1632.60632589999,1423.83423819999,3162.70162669997,1625.56625549999,NA,1650.62650609999,3011.29011260002,1336.70336689999,NA,NA,NA,NA,NA,1742.49742479999,1535.5553554,NA,NA,NA,NA,NA,NA,NA,NA,606.176061700011,581.495814900022,NA,7254.4325436,949.639496300006,5542.90542850001,NA,NA,NA,4257.9825794,NA,NA,NA,NA,NA,NA,643.04643040001,326.033260299987,NA
1563.64563630001,NA,3463.4746344,2025.85025829999,1569.54569530001,NA,1417.28417270001,1359.26359250003,1658.87658859999,1446.43446419999,3237.97237939997,1658.45658439999,NA,1688.42688409999,3080.78080750002,1367.72367709999,NA,NA,NA,NA,NA,1788.56788549999,1586.9658695,NA,NA,NA,NA,NA,NA,NA,NA,621.696216900011,596.075960700022,NA,7411.3241125,970.319703100006,5676.02675970001,NA,NA,NA,4381.143811,NA,NA,NA,NA,NA,NA,661.57661570001,334.413344099986,NA
1599.52599510001,NA,3539.54539509999,2075.82075799999,1604.29604280001,NA,1444.41444400001,1388.35388340003,1701.65701639999,1481.05481039999,3332.07332039997,1694.25694239999,NA,1740.30740289999,3149.17149140002,1388.92388909999,NA,NA,NA,NA,NA,1835.94835929999,1609.8660985,NA,NA,NA,NA,NA,NA,NA,NA,636.226362200011,603.476034700024,NA,7595.9059583,993.679936700005,5865.69865640001,NA,NA,NA,4446.8144677,NA,NA,NA,NA,NA,NA,679.16000000001,340.403403999986,NA
1634.08634070001,NA,3618.68618649999,2113.04113019999,1639.47639460001,NA,1470.02470010001,1418.10418090003,1746.34746329999,1517.84517829999,3375.89375859997,1731.61731599999,NA,1761.95761939999,3255.03255000002,1420.78420769999,NA,NA,NA,NA,NA,1862.31862299999,1642.4564244,NA,NA,NA,NA,NA,NA,NA,NA,643.466434600011,613.696136900021,NA,7783.8578378,1023.90023890001,6011.07011010001,NA,NA,NA,4511.245112,NA,NA,NA,NA,NA,NA,679.16679160001,345.203451999986,NA
1677.86677850001,NA,3701.39701359999,2164.91164889999,1687.35687340001,NA,1502.7450273,1455.57455560003,1788.62788609999,1558.40558389999,3423.41423379997,1783.50783489999,NA,1792.60792589999,3294.58294550002,1450.37450359998,NA,NA,NA,NA,NA,1889.39889379999,1665.4266541,NA,NA,NA,NA,NA,NA,NA,NA,653.736537300011,620.476204700021,NA,7966.5696649,1037.01037000001,6108.76108700001,NA,NA,NA,4619.8961985,NA,NA,NA,NA,NA,NA,692.38692380001,349.713497099986,NA
1701.03701020001,NA,3808.01807979999,2214.41214389999,1710.10710090001,NA,1535.7453573,1479.33479320003,1812.60812589999,1580.03580019999,3480.28480249997,1809.07809059999,NA,1814.47814459999,3333.35333320002,1485.92485909998,NA,NA,NA,NA,NA,1920.20920189999,1693.5669355,NA,NA,NA,NA,NA,NA,NA,NA,661.956619500011,626.536265300021,NA,8134.881348,1049.39049380001,6209.36209300001,NA,NA,NA,4797.8279778,NA,NA,NA,NA,NA,NA,701.677016700011,354.203541999987,NA
1724.86724850001,NA,3867.47867439999,2269.68269659999,1732.54732530001,NA,1569.3656935,1500.43500420003,1840.07840059999,1617.61617599998,3558.35558319997,1834.08834069999,NA,1851.88851869999,3396.88396850002,1505.43505419999,NA,NA,NA,NA,NA,1966.35966339999,1724.6372462,NA,NA,NA,NA,NA,NA,NA,NA,669.556695500011,636.446364400021,NA,8316.5031642,1060.97060960001,6353.39353330001,NA,NA,NA,4891.0189097,NA,NA,NA,NA,NA,NA,711.647116400011,358.643586399987,NA
1752.34752330001,NA,3928.38928349999,2305.64305619999,1760.30760290001,NA,1613.01613,1523.68523670003,1884.48884469999,1638.83638819999,3601.87601839997,1867.93867919999,NA,1904.85904839998,3428.05428020002,1538.09538079999,NA,NA,NA,NA,NA,1984.90984889999,1740.917409,NA,NA,NA,NA,NA,NA,NA,NA,684.306843000011,643.776437700026,NA,8489.1948911,1081.32081310001,6480.17480110001,NA,NA,NA,4951.6295158,NA,NA,NA,NA,NA,NA,720.567205600009,366.783667799987,NA
1789.55789540001,NA,3998.84998809999,2340.85340829999,1796.39796380001,NA,1636.8463683,1553.97553960003,1913.80913789999,1660.80660789999,3643.52643489997,1906.27906259999,NA,1938.69938679998,3498.42498390002,1563.64563629999,NA,NA,NA,NA,NA,2010.8701085,1761.53761520001,NA,NA,NA,NA,NA,NA,NA,NA,701.287012800008,657.656576500025,NA,8754.88754800001,1103.51103500001,6693.61693550001,NA,NA,NA,5113.551135,NA,NA,NA,NA,NA,NA,729.98729980001,374.683746799993,NA
1812.35812340001,NA,4047.32047279999,2374.03374009999,1813.00812990001,NA,1661.8366182,1576.75576740003,1934.73934719999,1705.61705599999,3706.13706099997,1924.10924089999,NA,1953.32953309998,3536.77536740002,1587.16587149999,NA,NA,NA,NA,NA,2058.4005838,1817.41817400001,NA,NA,NA,NA,NA,NA,NA,NA,709.747097400007,675.246752400028,NA,8903.33903250001,1115.93115920001,6783.08783020002,NA,NA,NA,5173.2917324,NA,NA,NA,NA,NA,NA,747.07747070001,379.323793199992,NA
1832.20832190001,NA,4130.64130599999,2426.00425979999,1865.08865070002,NA,1686.8768686,1614.37614360002,1960.44960429999,1725.74725729999,3805.50805469998,1957.97957959999,NA,1974.99974979998,3606.49606460002,1609.26609249999,NA,NA,NA,NA,NA,2087.7108769,1871.58871570001,NA,NA,NA,NA,NA,NA,NA,NA,719.507195000007,692.386923800026,NA,9171.63171540001,1136.74136730001,7008.37008300002,NA,NA,NA,5322.7032265,NA,NA,NA,NA,NA,NA,756.157561500007,384.053840499995,NA
1859.26859250001,NA,4186.5518651,2461.23461209999,1887.47887460002,NA,1721.1072109,1637.81637800002,2009.43009409999,1742.40742389999,3902.78902749998,1982.48982469999,NA,2025.85025829998,3724.27724240001,1630.09630079999,NA,NA,NA,NA,NA,2134.321343,1887.15887140001,NA,NA,NA,NA,NA,NA,NA,NA,727.697276900006,699.206992000029,NA,9321.32321230001,1149.04149030001,7097.35097280002,NA,NA,NA,5482.0948204,NA,NA,NA,NA,NA,NA,773.047730400006,391.393913899995,NA
1904.1790416,NA,4259.4225938,2487.69487669999,1917.53917520002,NA,1744.24744230001,1654.60654590002,2034.74034719999,1765.70765689999,3941.38941349997,2033.23999999998,NA,2073.25073229998,3839.29839260001,1664.23664219999,NA,NA,NA,NA,NA,2159.77159749999,1937.41937400001,NA,NA,NA,NA,NA,NA,NA,NA,734.667346600005,705.977059700028,NA,9575.44575350001,1183.75183740001,7286.34286270002,NA,NA,NA,5543.5954354,NA,NA,NA,NA,NA,NA,782.820000000005,395.763957599992,NA
1948.01948,NA,4377.92,2524.51524489999,1964.67964660002,NA,1761.71761700001,1671.01671000002,2076.40076379999,1803.75803739999,3980.11980079997,2033.26033239998,NA,2124.49124469998,3870.08870050001,1682.92682909999,NA,NA,NA,NA,NA,2203.52203499999,1957.58957570001,NA,NA,NA,NA,NA,NA,NA,NA,751.607516000005,711.987119800031,NA,9845.01844920001,1194.79194780001,7489.55489480002,NA,NA,NA,5595.0259497,NA,NA,NA,NA,NA,NA,782.827828200005,400.614006099993,NA
1970.5797056,NA,4377.9637792,2584.57999999999,1981.41981400002,NA,1810.5681055,1694.06694050002,2102.70102679999,1818.86818849999,4023.50023459997,NA,NA,2145.39145369998,3900.93900900001,1716.64716629998,NA,NA,NA,NA,NA,2221.19221169999,2010.53010510001,NA,NA,NA,NA,NA,NA,NA,NA,766.417664100005,728.167281600031,NA,9986.3598626,1228.52228510001,7579.92579850002,NA,NA,NA,5649.8664981,NA,NA,NA,NA,NA,NA,NA,406.824068199994,NA
2011.1801116,NA,NA,2584.60584579999,2026.45026430002,NA,1838.2783826,1728.59728580002,2121.73121709999,1839.28839269999,4113.25113209997,NA,NA,2159.92159899998,3939.22939190001,1748.49748479999,NA,NA,NA,NA,NA,2267.92267899999,2023.86023840001,NA,NA,NA,NA,NA,NA,NA,NA,774.147741400003,743.697436900031,NA,10139.0213892,1242.43242420001,7658.33658260002,NA,NA,NA,5712.1171206,NA,NA,NA,NA,NA,NA,NA,411.304112999995,NA
2028.4602844,NA,NA,NA,2043.36043340002,NA,1861.4286141,1761.54761530002,2159.47159449999,1875.13875119999,4209.04208999997,NA,NA,2175.48175459998,4042.56042520001,1770.86770849999,NA,NA,NA,NA,NA,2286.1828616,2039.08039060001,NA,NA,NA,NA,NA,NA,NA,NA,789.807898000003,751.727517200028,NA,10262.3126221,1254.29254280001,7746.36746290002,NA,NA,NA,5768.0276797,NA,NA,NA,NA,NA,NA,NA,416.014160099995,NA
2070.6407062,NA,NA,NA,2065.35065330002,NA,1904.7690475,1777.42777410002,2178.75178729999,1912.98912969999,4243.58243539997,NA,NA,2198.79198769998,4072.41072370001,1804.22804209999,NA,NA,NA,NA,NA,2303.7630374,2063.09063070001,NA,NA,NA,NA,NA,NA,NA,NA,798.747987400009,758.377583700031,NA,10394.503944,1266.05266040001,7832.81832740002,NA,NA,NA,5843.49843439999,NA,NA,NA,NA,NA,NA,NA,422.784227799996,NA
2088.5408852,NA,NA,NA,2112.50112480002,NA,1921.0292101,1811.70811690002,2219.53219509999,1928.63928619999,4276.32276279997,NA,NA,2215.12215099998,4182.75182710001,1821.10821089999,NA,NA,NA,NA,NA,2321.8932187,2076.82076800001,NA,NA,NA,NA,NA,NA,NA,NA,806.318063100008,766.987669800033,NA,10514.7651466,1297.26297250001,7913.23913160002,NA,NA,NA,5909.9790992,NA,NA,NA,NA,NA,NA,NA,428.224282199993,NA
2105.2910527,NA,NA,NA,2129.31129290002,NA,1961.6496163,1827.82827810002,2237.41237389999,1943.28943269999,4320.41320369997,NA,NA,2230.14230119998,4213.23213190001,1837.17837159998,NA,NA,NA,NA,NA,2348.8634884,2093.21093190002,NA,NA,NA,NA,NA,NA,NA,NA,815.538155300009,775.617756100039,NA,10697.45,1329.97329960001,8018.98018900002,NA,NA,NA,5977.5797752,NA,NA,NA,NA,NA,NA,NA,433.794337899993,NA
2121.87121849999,NA,NA,NA,2146.84146820003,NA,1977.9897797,1843.92843910002,2254.98254959999,1958.42958409999,4362.54362499997,NA,NA,2253.38253359998,4254.52254480001,1852.24852229998,NA,NA,NA,NA,NA,2375.623756,2116.21116190002,NA,NA,NA,NA,NA,NA,NA,NA,825.208252000009,783.677836700039,NA,10697.5569745,1345.86345850001,8115.06114980002,NA,NA,NA,6048.9204886,NA,NA,NA,NA,NA,NA,NA,439.264392599994,NA
2146.2314621,NA,NA,NA,2170.66170640003,NA,1994.4499443,1867.49867480003,2281.91281889999,1979.75979739999,4397.03396989996,NA,NA,2286.28286259998,4285.84285800002,1867.33867319998,NA,NA,NA,NA,NA,2409.9840996,2143.24143220002,NA,NA,NA,NA,NA,NA,NA,NA,834.98834980001,794.527945200039,NA,10978.0597795,1359.80359790001,8213.31213230002,NA,NA,NA,6116.3311627,NA,NA,NA,NA,NA,NA,NA,445.354453499993,NA
2170.11170089999,NA,NA,NA,2188.29188270003,NA,2018.39018370001,1890.61890600003,2307.98307959999,2000.47000449999,4464.99464949996,NA,NA,2319.34319319998,4326.09326050002,1890.38890369998,NA,NA,NA,NA,NA,2428.4642844,2170.67170650002,NA,NA,NA,NA,NA,NA,NA,NA,846.848468400009,804.808048000039,NA,11257.7225761,1374.87374860001,8356.71356630002,NA,NA,NA,6271.4227136,NA,NA,NA,NA,NA,NA,NA,451.974519699991,NA
2187.93187909999,NA,NA,NA,2211.83211810002,NA,2060.95060930001,1921.13921120003,2326.15326129999,2015.97015949999,4499.31499269996,NA,NA,2335.61335589998,4383.82383780002,1912.20912189998,NA,NA,NA,NA,NA,2462.7546273,2198.10198080001,NA,NA,NA,NA,NA,NA,NA,NA,858.128581200009,816.788167800041,NA,11409.0340892,1391.36391350001,8503.92503840002,NA,NA,NA,6294.9429488,NA,NA,NA,NA,NA,NA,NA,458.414584099991,NA
2221.7122169,NA,NA,NA,2245.40245380002,NA,2076.9807696,1952.10952090003,2359.34359319999,2048.21999999998,4572.96572919996,NA,NA,2368.08368059998,4443.37443330002,1928.12928109998,NA,NA,NA,NA,NA,2496.2349621,2247.79247770001,NA,NA,NA,NA,NA,NA,NA,NA,873.408734000009,832.388323800041,NA,11560.8756076,1406.94406930001,8702.82702740002,NA,NA,NA,6373.7237366,NA,NA,NA,NA,NA,NA,NA,465.614656099991,NA
2256.9625694,NA,NA,NA,2279.14279120002,NA,2100.3310031,1968.07968060003,2394.64394619999,2048.24048219998,4634.86634819996,NA,NA,2401.35401329998,4501.75501710002,1957.96957949998,NA,NA,NA,NA,NA,2540.7754075,2276.09276070001,NA,NA,NA,NA,NA,NA,NA,NA,886.458864500008,843.228432200041,NA,11825.8782576,1425.09425080001,8857.47857390002,NA,NA,NA,6441.3244126,NA,NA,NA,NA,NA,NA,NA,472.20472199999,NA
2289.8628984,NA,NA,NA,2324.53324510002,NA,2116.9311691,1998.63998620003,2426.72426699999,2082.08999999998,4696.86696819996,NA,NA,2450.37450349998,4558.97558930002,1989.24999999998,NA,NA,NA,NA,NA,2575.2857526,2303.24303220001,NA,NA,NA,NA,NA,NA,NA,NA,898.398983900009,853.548535400042,NA,12116.68,1457.39457380001,8979.95979870002,NA,NA,NA,6504.7550469,NA,NA,NA,NA,NA,NA,NA,478.41478409999,NA
2322.6332261,NA,NA,NA,2357.71357690002,NA,2149.0414902,2029.48029460003,2464.58464559999,2082.11082089998,4788.69788649996,NA,NA,2482.73482709998,4662.79662750002,1989.26989249998,NA,NA,NA,NA,NA,2608.7860876,2331.84331820001,NA,NA,NA,NA,NA,NA,NA,NA,911.979119700011,865.51865510004,NA,12116.8011668,1473.76473750001,9098.27098180002,NA,NA,NA,6600.2460018,NA,NA,NA,NA,NA,NA,NA,484.784847799991,NA
2363.423634,NA,NA,NA,2391.79391770002,NA,2180.6618064,2063.58063560003,2497.81497789999,2112.02111999998,4854.08854039996,NA,NA,2515.79515769997,4720.82720780002,2020.51020489998,NA,NA,NA,NA,NA,2642.5064248,2354.57354550001,NA,NA,NA,NA,NA,NA,NA,NA,923.289232800012,877.678776700037,NA,12354.6935457,1489.54489530001,9227.74227650002,NA,NA,NA,6672.1567209,NA,NA,NA,NA,NA,NA,NA,491.974919699984,NA
2396.3139629,NA,NA,NA,2424.76424740002,NA,2212.0321201,2094.06094040003,2530.95530929999,2143.17143149998,4917.73917689996,NA,NA,2542.76542739997,4746.46746420002,2048.92048899998,NA,NA,NA,NA,NA,2675.426754,2377.17377150001,NA,NA,NA,NA,NA,NA,NA,NA,936.249362400012,883.708837000037,NA,12589.0958897,1498.33498320001,9353.38353290001,NA,NA,NA,6715.8271576,NA,NA,NA,NA,NA,NA,NA,499.684996799986,NA
2428.1142809,NA,NA,NA,2458.53458510002,NA,2243.9324391,2124.76124740003,2562.37562349999,2179.51179489998,4977.40977359996,NA,NA,2556.40556379997,4804.18804140002,2078.42078399998,NA,NA,NA,NA,NA,2716.3071628,2397.84397820001,NA,NA,NA,NA,NA,NA,NA,NA,948.349483400012,890.348903400036,NA,12825.9982587,1513.99513980001,9407.44407350001,NA,NA,NA,6742.8974283,NA,NA,NA,NA,NA,NA,NA,507.285072799985,NA
2454.1745415,NA,NA,NA,2486.15486130002,NA,2285.2028518,2149.18149160003,2592.43592409999,2209.94209919999,5028.29028239996,NA,NA,2583.16583139997,4852.77852730002,2107.34107319998,NA,NA,NA,NA,NA,2732.6873266,2409.42409400001,NA,NA,NA,NA,NA,NA,NA,NA,962.009620000013,901.280000000036,NA,13054.36,1531.90531890001,9437.82437730001,NA,NA,NA,6853.668536,NA,NA,NA,NA,NA,NA,NA,514.395143899985,NA
2480.8948087,NA,NA,NA,2501.26501240002,NA,2316.3731635,2174.56174540003,2629.54999999999,2239.36239339998,5083.03082979996,NA,NA,2610.41610389997,4901.64901600002,2135.48135459998,NA,NA,NA,NA,NA,2767.2476722,2432.35432330001,NA,NA,NA,NA,NA,NA,NA,NA,969.019690100013,901.289012800036,NA,13054.4905436,1550.89550880001,9582.57582480001,NA,NA,NA,6957.6095754,NA,NA,NA,NA,NA,NA,NA,518.905188999985,NA
2509.5050948,NA,NA,NA,2529.77529750002,NA,2347.3634734,2199.12199100003,2629.57629549999,2262.99262969998,5114.79114739996,NA,NA,2637.67637649997,4950.04950000002,2157.58157559998,NA,NA,NA,NA,NA,2803.1080308,2455.11455090001,NA,NA,NA,NA,NA,NA,NA,NA,981.809818000013,913.539135300036,NA,13329.17,1570.45570440001,9719.10719010001,NA,NA,NA,7063.570635,NA,NA,NA,NA,NA,NA,NA,526.245262399984,NA
2529.3352931,NA,NA,NA,2558.36558340002,NA,2373.1537313,2214.80214780003,2650.72650699998,2295.10999999998,5172.21172159996,NA,NA,2665.05665029997,4998.94998900002,2180.64180619997,NA,NA,NA,NA,NA,2839.7583973,2478.24478220001,NA,NA,NA,NA,NA,NA,NA,NA,993.979939700013,925.059250500036,NA,13329.3032917,1588.60588590001,9856.98856890001,NA,NA,NA,7152.8015273,NA,NA,NA,NA,NA,NA,NA,533.285332799984,NA
2552.02552,NA,NA,NA,2586.64586620002,NA,2399.523995,2239.88239860003,2683.26683239998,2295.13295109998,5210.77210719996,NA,NA,2679.84679819997,5049.41049360002,2208.06208039997,NA,NA,NA,NA,NA,2874.36874339999,2490.52490500001,NA,NA,NA,NA,NA,NA,NA,NA,1002.30002290001,935.969359600036,NA,NA,1598.52598510001,9913.31913220001,NA,NA,NA,7182.0218195,NA,NA,NA,NA,NA,NA,NA,540.855408499984,NA
2580.1158009,NA,NA,NA,2615.72615700002,NA,2426.0842606,2265.48265460003,2719.73719709998,2309.83309809998,5273.46273409996,NA,NA,2707.30707279997,5075.63075580002,2228.43228409997,NA,NA,NA,NA,NA,2908.9190889,2513.12513100001,NA,NA,NA,NA,NA,NA,NA,NA,1015.03015020001,947.409474000037,NA,NA,1615.86615850001,9963.26963170001,NA,NA,NA,7268.8226875,NA,NA,NA,NA,NA,NA,NA,545.795457899985,NA
2609.926099,NA,NA,NA,2644.78644760002,NA,2441.7644174,2291.02291000003,2758.41758389998,2335.61335589997,5326.79326739995,NA,NA,2728.08728059997,5106.84106790002,2253.25253229997,NA,NA,NA,NA,NA,2925.4892546,2531.82531800001,NA,NA,NA,NA,NA,NA,NA,NA,1022.62022610001,958.389583800037,NA,NA,1626.34626330001,9998.69998600001,NA,NA,NA,7315.4231535,NA,NA,NA,NA,NA,NA,NA,552.995529899986,NA
2637.4363741,NA,NA,NA,2673.35673330002,NA,2468.5346851,2316.62316600003,2791.39791369998,2363.06999999997,5383.11383059995,NA,NA,2755.39755369997,5156.67156620002,2279.50279479997,NA,NA,NA,NA,NA,2950.3195029,2552.60552580001,NA,NA,NA,NA,NA,NA,NA,NA,1034.69034680001,965.209652000037,NA,NA,1644.37644360001,10121.0612096,NA,NA,NA,7367.1236705,NA,NA,NA,NA,NA,NA,NA,557.585575799987,NA
2655.02655,NA,NA,NA,2689.03689010002,NA,2495.8749585,2332.06332040003,2825.90825879998,2363.09363069997,5439.34439289995,NA,NA,2778.17778149997,5206.44206390002,2303.41303389997,NA,NA,NA,NA,NA,2989.6898966,2573.57573550001,NA,NA,NA,NA,NA,NA,NA,NA,1042.89042880001,973.839738300039,NA,NA,1661.20661190001,10247.6924759,NA,NA,NA,7407.6240755,NA,NA,NA,NA,NA,NA,NA,565.025650199986,NA
2682.5168249,NA,NA,NA,2710.97710950002,NA,2522.3852236,2355.53000000003,2845.74845719999,2392.34392319997,5493.75493699995,NA,NA,2804.92804899997,5241.45241400002,2320.24320219997,NA,NA,NA,NA,NA,3015.5701554,2594.99594970001,NA,NA,NA,NA,NA,NA,NA,NA,1055.43055420001,985.340000000039,NA,NA,1677.93677920001,10283.8528375,NA,NA,NA,7440.1644009,NA,NA,NA,NA,NA,NA,NA,570.685706799985,NA
2706.5970657,NA,NA,NA,2738.87738850002,NA,2537.4853746,2355.55355530003,2876.09876069999,2417.90417879997,5532.77532719996,NA,NA,2832.14832119997,5287.63287580002,2345.23345209997,NA,NA,NA,NA,NA,3051.0405101,2614.39614370001,NA,NA,NA,NA,NA,NA,NA,NA,1068.92068910001,985.349853400039,NA,NA,1691.43691420001,10351.3735127,NA,NA,NA,7469.33469259999,NA,NA,NA,NA,NA,NA,NA,578.405783999984,NA
2734.5173449,NA,NA,NA,2762.07762050002,NA,2564.6556463,2379.76379740003,2917.05917029998,2443.88443859997,5570.78570729995,NA,NA,2853.13853109997,5332.67332620002,2372.06372039997,NA,NA,NA,NA,NA,3075.85075819999,2626.59626570001,NA,NA,NA,NA,NA,NA,NA,NA,1078.62078610002,997.659976500039,NA,NA,1709.44709430001,10392.8139271,NA,NA,NA,7521.04520969999,NA,NA,NA,NA,NA,NA,NA,583.315833099984,NA
2761.6776165,NA,NA,NA,2789.99789970002,NA,2588.2158819,2402.62402600003,2943.10943079999,2458.11458089997,5602.76602709996,NA,NA,2868.15868129997,5356.69356640002,2396.31396289997,NA,NA,NA,NA,NA,3093.5409351,2640.43640410002,NA,NA,NA,NA,NA,NA,NA,NA,1086.53086520001,1005.09005080004,NA,NA,1720.85720840001,10450.8745077,NA,NA,NA,7558.40558329999,NA,NA,NA,NA,NA,NA,NA,588.279999999984,NA
2784.2378421,NA,NA,NA,2812.07812050002,NA,2614.3961437,2426.40426380003,2981.20999999999,2477.58477559997,5630.96630909995,NA,NA,2883.78883759997,5389.47389420003,2419.08419059997,NA,NA,NA,NA,NA,3111.2811125,2654.15654130002,NA,NA,NA,NA,NA,NA,NA,NA,1095.55095540002,1011.87011860004,NA,NA,1731.16731150001,10488.2648816,NA,NA,NA,7603.64603569999,NA,NA,NA,NA,NA,NA,NA,588.285882799984,NA
2801.9680194,NA,NA,NA,2828.51828490002,NA,2637.4463742,2448.56448540003,2981.23981209999,2507.05507029997,5697.23697179995,NA,NA,2915.83915809997,5414.00413950002,2442.09442069997,NA,NA,NA,NA,NA,3144.831448,2679.92679900002,NA,NA,NA,NA,NA,NA,NA,NA,1104.60104590002,1019.96019950004,NA,NA,1743.33743320001,10535.605355,NA,NA,NA,7638.99638919999,NA,NA,NA,NA,NA,NA,NA,NA,NA
2819.4081938,NA,NA,NA,2845.74845720002,NA,2663.4166339,2464.89464870003,NA,2527.18527159997,5725.90725849995,NA,NA,2931.52931499997,5447.09447040002,2466.64466619997,NA,NA,NA,NA,NA,3162.0516202,2706.32706300001,NA,NA,NA,NA,NA,NA,NA,NA,1116.48116470002,1027.96027950004,NA,NA,1759.11759100001,10580.2858018,NA,NA,NA,7692.3569228,NA,NA,NA,NA,NA,NA,NA,NA,NA
2853.1685314,NA,NA,NA,2878.84878820003,NA,2685.6368561,2480.54480520003,NA,2554.38554359997,5763.73763679995,NA,NA,2952.80952779997,5502.58502530002,2485.03485009997,NA,NA,NA,NA,NA,3187.5518752,2725.67725650002,NA,NA,NA,NA,NA,NA,NA,NA,1129.66129650002,1038.88038870004,NA,NA,1770.45770440002,10649.1864908,NA,NA,NA,7725.38725309999,NA,NA,NA,NA,NA,NA,NA,NA,NA
2870.9087088,NA,NA,NA,2895.83895810003,NA,2702.6170259,2496.52496500004,NA,2574.12574099997,5803.45803399994,NA,NA,2985.71985689997,5561.22561170002,2515.93515909997,NA,NA,NA,NA,NA,3221.5022147,2752.89752870002,NA,NA,NA,NA,NA,NA,NA,NA,1142.75142740002,1046.30046290005,NA,NA,1782.52782510002,10722.0372193,NA,NA,NA,7767.4576738,NA,NA,NA,NA,NA,NA,NA,NA,NA
2894.3889436,NA,NA,NA,2929.36929340003,NA,2718.7071868,2526.48526460003,NA,2588.90588879997,5866.51866459994,NA,NA,3017.97017939997,5585.97585920003,2531.71531689997,NA,NA,NA,NA,NA,3255.0425501,2774.42774400002,NA,NA,NA,NA,NA,NA,NA,NA,1151.00150990002,1054.94054930005,NA,NA,1800.23800220001,10765.1476504,NA,NA,NA,7821.9282185,NA,NA,NA,NA,NA,NA,NA,NA,NA
2927.829278,NA,NA,NA,2951.40951380003,NA,2749.6374961,2556.30556280003,NA,2603.44603419997,5931.22931169994,NA,NA,3040.83040799997,5633.63633580002,2547.30547279996,NA,NA,NA,NA,NA,3294.7529472,2795.39795370002,NA,NA,NA,NA,NA,NA,NA,NA,1164.74164730002,1067.11067100005,NA,NA,1813.84813830002,10817.4181731,NA,NA,NA,7867.5586748,NA,NA,NA,NA,NA,NA,NA,NA,NA
2952.2895226,NA,NA,NA,2984.57984550003,NA,2765.4676544,2586.64586620003,NA,2639.99639969997,5983.61983559994,NA,NA,3067.92067889996,5669.22669170002,2576.30576279996,NA,NA,NA,NA,NA,3320.433204,2821.24821220002,NA,NA,NA,NA,NA,NA,NA,NA,1174.58174570002,1079.09079080005,NA,NA,1831.12831110001,10885.0188491,NA,NA,NA,7908.1890811,NA,NA,NA,NA,NA,NA,NA,NA,NA
2985.1898516,NA,NA,NA,3007.94007910003,NA,2788.5478852,2609.67609650003,NA,2654.42654399997,6050.99050929994,NA,NA,3100.09100059996,5727.66727610002,2599.89599869996,NA,NA,NA,NA,NA,3353.6435361,2840.60840580002,NA,NA,NA,NA,NA,NA,NA,NA,1186.59186580002,1091.37091360005,NA,NA,1847.05847040002,10947.5794747,NA,NA,NA,7938.8493877,NA,NA,NA,NA,NA,NA,NA,NA,NA
3019.21019180001,NA,NA,NA,3035.44035410002,NA,2819.6181959,2632.82632800003,NA,2686.53686509997,6089.07089009994,NA,NA,3121.55121519996,5784.25784200002,2625.29625269996,NA,NA,NA,NA,NA,3380.1738014,2852.23852210002,NA,NA,NA,NA,NA,NA,NA,NA,1194.32194310002,1102.33102320005,NA,NA,1865.35865340001,11003.0700296,NA,NA,NA,7964.0696399,NA,NA,NA,NA,NA,NA,NA,NA,NA
3046.63046600001,NA,NA,NA,3068.51068480002,NA,2842.8684284,2657.08657060003,NA,2706.33706309997,6161.21161149994,NA,NA,3153.99153959996,5809.85809800002,2654.26654239996,NA,NA,NA,NA,NA,3397.4939746,2877.30877280002,NA,NA,NA,NA,NA,NA,NA,NA,1205.63205620002,1109.32109310005,NA,NA,1874.48874470001,11043.7604365,NA,NA,NA,7993.8999382,NA,NA,NA,NA,NA,NA,NA,NA,NA
3070.5207049,NA,NA,NA,3091.34091310002,NA,2873.528735,2687.62687600004,NA,2726.83726809996,6200.44200379994,NA,NA,3167.85167819996,5857.65857600003,2684.49684469996,NA,NA,NA,NA,NA,3431.1243109,2895.94895920002,NA,NA,NA,NA,NA,NA,NA,NA,1212.68212670002,1115.41115400005,NA,NA,1889.30889290001,11076.9207681,NA,NA,NA,8042.8604278,NA,NA,NA,NA,NA,NA,NA,NA,NA
3090.8909086,NA,NA,NA,3108.05108020003,NA,2899.3789935,2717.87717850004,NA,2759.60759579996,6257.33257269994,NA,NA,3195.49195459996,5891.06891010003,2707.06707039996,NA,NA,NA,NA,NA,3448.2744824,2908.88908860002,NA,NA,NA,NA,NA,NA,NA,NA,1221.13221120002,1125.76125750005,NA,NA,1899.93899920001,11115.2611515,NA,NA,NA,8072.8007272,NA,NA,NA,NA,NA,NA,NA,NA,NA
3125.7212569,NA,NA,NA,3141.10141070002,NA,2930.71930689999,2743.16743140004,NA,2798.50798479996,6297.70297639993,NA,NA,3216.01215979996,5947.34947290003,2731.79731769996,NA,NA,NA,NA,NA,3473.6147358,2930.23930210002,NA,NA,NA,NA,NA,NA,NA,NA,1228.73228720002,1133.30133290006,NA,NA,1911.01911000001,11177.0517694,NA,NA,NA,8108.8410876,NA,NA,NA,NA,NA,NA,NA,NA,NA
3149.4614943,NA,NA,NA,3162.91162880003,NA,2955.14955119999,2760.50760480004,NA,2825.13825109996,6371.35371289993,NA,NA,3230.04230009996,5979.92979870003,2754.76754739996,NA,NA,NA,NA,NA,3491.2549122,2942.44942420002,NA,NA,NA,NA,NA,NA,NA,NA,1236.37236360002,1140.40140390006,NA,NA,1928.25928240001,11227.1922708,NA,NA,NA,8143.9714389,NA,NA,NA,NA,NA,NA,NA,NA,NA
3167.5716754,NA,NA,NA,3179.51179480002,NA,2971.63971609999,2778.03778010004,NA,2847.06847039996,6397.48397419993,NA,NA,3252.30252269996,6037.29037230003,2789.09789069996,NA,NA,NA,NA,NA,3533.80533769999,2954.13954110002,NA,NA,NA,NA,NA,NA,NA,NA,1249.16249150002,1147.88147870006,NA,NA,1943.62943610001,11265.5226541,NA,NA,NA,8169.7316965,NA,NA,NA,NA,NA,NA,NA,NA,NA
3196.9019687,NA,NA,NA,3196.30196270003,NA,3003.11003079999,2794.93794910004,NA,2862.26862239996,6423.44423379993,NA,NA,3267.84267809996,6058.31058250003,2808.42808399996,NA,NA,NA,NA,NA,3552.3455231,2966.47966450002,NA,NA,NA,NA,NA,NA,NA,NA,1257.55257540001,1154.77154760007,NA,NA,1954.13954120001,11316.0331592,NA,NA,NA,8192.3919231,NA,NA,NA,NA,NA,NA,NA,NA,NA
3214.5021447,NA,NA,NA,3214.17214140002,NA,3026.95026919999,2819.56819540004,NA,2900.66999999996,6454.38454319993,NA,NA,3292.03291999996,6079.42079360003,2825.06825039996,NA,NA,NA,NA,NA,3587.0158698,2987.75987730002,NA,NA,NA,NA,NA,NA,NA,NA,1265.88265870001,1161.17161160007,NA,NA,1966.55966540002,11349.6434953,NA,NA,NA,8224.7722469,NA,NA,NA,NA,NA,NA,NA,NA,NA
3233.3423331,NA,NA,NA,3242.75242720002,NA,3043.25043219999,2845.54845520003,NA,2900.69900669996,6498.02497959993,NA,NA,3306.70306669996,6103.40103340003,2855.21855189996,NA,NA,NA,NA,NA,3614.4061437,3007.76007730003,NA,NA,NA,NA,NA,NA,NA,NA,1277.36277350001,1172.80172790007,NA,NA,1976.05976040002,11378.213781,NA,NA,NA,8267.7026762,NA,NA,NA,NA,NA,NA,NA,NA,NA
3257.5525752,NA,NA,NA,3265.82265790003,NA,3059.90059869999,2863.08863060004,NA,2916.19916169996,6530.67530609992,NA,NA,3321.63321599996,6139.48139420003,2881.29881269996,NA,NA,NA,NA,NA,3632.8463281,3028.58028550003,NA,NA,NA,NA,NA,NA,NA,NA,1285.15285140001,1179.23179220007,NA,NA,1987.89987880002,11424.5842447,NA,NA,NA,8294.7629468,NA,NA,NA,NA,NA,NA,NA,NA,NA
3283.9428391,NA,NA,NA,3290.85290820003,NA,3086.43086399999,2891.64891620003,NA,2937.04937019996,6574.38574319992,NA,NA,3343.06343029996,6163.72163660003,2906.78906759996,NA,NA,NA,NA,NA,3663.5766354,3048.18048150003,NA,NA,NA,NA,NA,NA,NA,NA,1292.36292350001,1186.28186270008,NA,NA,1999.07999060002,11484.5948448,NA,NA,NA,8336.9433686,NA,NA,NA,NA,NA,NA,NA,NA,NA
3303.1730314,NA,NA,NA,3308.79308760003,NA,3114.3011427,2916.89916870003,NA,2951.55951529996,6617.12617059992,NA,NA,3375.05375019996,6197.42197360002,2924.02923999996,NA,NA,NA,NA,NA,3696.8669683,3073.76073730003,NA,NA,NA,NA,NA,NA,NA,NA,1300.58300570001,1193.35193340008,NA,NA,2008.19008170002,11518.11518,NA,NA,NA,8387.95,NA,NA,NA,NA,NA,NA,NA,NA,NA
3338.5633853,NA,NA,NA,3341.56341530003,NA,3139.431394,2935.08935060003,NA,2967.20967179996,6664.47664409992,NA,NA,3401.38401349995,6233.21233150002,2953.02952999996,NA,NA,NA,NA,NA,3723.7072367,3094.94094910003,NA,NA,NA,NA,NA,NA,NA,NA,1310.44310430001,1203.85203840008,NA,NA,2018.52018500003,11579.66,NA,NA,NA,8388.0338795,NA,NA,NA,NA,NA,NA,NA,NA,NA
3363.0736304,NA,NA,NA,3364.34364310003,NA,3157.1915716,2959.53959510003,NA,3000.33000299996,6689.96689899992,NA,NA,3428.45428419995,6272.04271980002,2970.89970869996,NA,NA,NA,NA,NA,3742.0074197,3108.42108390003,NA,NA,NA,NA,NA,NA,NA,NA,1324.50000000001,1212.57212560008,NA,NA,2032.57032550003,11579.7757966,NA,NA,NA,NA,NA,NA,NA,NA,NA,NA,NA,NA,NA
3388.8938886,NA,NA,NA,3391.46391430003,NA,3174.6217459,2986.48986460003,NA,3022.97022939996,6734.78734719991,NA,NA,3444.25444219995,6295.10295040002,2997.35997329996,NA,NA,NA,NA,NA,3779.2977926,3129.28129250003,NA,NA,NA,NA,NA,NA,NA,NA,1324.51324500001,1220.84220830008,NA,NA,2050.11000000002,NA,NA,NA,NA,NA,NA,NA,NA,NA,NA,NA,NA,NA,NA
3406.0440601,NA,NA,NA,3420.41420380003,NA,3206.1120608,3017.24017210003,NA,3048.25048219996,6770.90770839991,NA,NA,3467.97467939995,6330.99330930002,3019.69019659996,NA,NA,NA,NA,NA,3816.1281609,3151.11151080003,NA,NA,NA,NA,NA,NA,NA,NA,NA,1233.05233040008,NA,NA,2050.13050110002,NA,NA,NA,NA,NA,NA,NA,NA,NA,NA,NA,NA,NA,NA
3428.4842845,NA,NA,NA,3437.86437830003,NA,3231.2523122,3034.15034120004,NA,3064.51064479996,6815.72815659991,NA,NA,3494.94494909995,6361.96361900002,3053.90053869996,NA,NA,NA,NA,NA,3841.6084157,3169.91169880003,NA,NA,NA,NA,NA,NA,NA,NA,NA,1241.83241820008,NA,NA,NA,NA,NA,NA,NA,NA,NA,NA,NA,NA,NA,NA,NA,NA,NA
3456.834568,NA,NA,NA,3462.27462240003,NA,3257.232572,3059.90059870004,NA,3087.95087919997,6851.14851079991,NA,NA,3515.64515609995,6402.17402110003,3079.82079789996,NA,NA,NA,NA,NA,3867.4286739,3195.77195740003,NA,NA,NA,NA,NA,NA,NA,NA,NA,1248.97248960009,NA,NA,NA,NA,NA,NA,NA,NA,NA,NA,NA,NA,NA,NA,NA,NA,NA
3485.6048557,NA,NA,NA,3490.65490620003,NA,3273.5827355,3084.58084550004,NA,3131.23131199997,6890.90890839991,NA,NA,3539.32539289995,6433.72433660002,3105.33105299996,NA,NA,NA,NA,NA,3901.0890105,3217.80217770003,NA,NA,NA,NA,NA,NA,NA,NA,NA,1256.36256350009,NA,NA,NA,NA,NA,NA,NA,NA,NA,NA,NA,NA,NA,NA,NA,NA,NA
3510.58510549999,NA,NA,NA,3512.62512590003,NA,3300.5930056,3110.82110790004,NA,3154.37154339997,6945.4594538999,NA,NA,3571.61571579995,6473.35473290002,3121.22121189996,NA,NA,NA,NA,NA,3928.5092847,3230.90230870003,NA,NA,NA,NA,NA,NA,NA,NA,NA,1268.44268430009,NA,NA,NA,NA,NA,NA,NA,NA,NA,NA,NA,NA,NA,NA,NA,NA,NA
3533.56533529999,NA,NA,NA,3535.13535100003,NA,3324.1132408,3134.25134220004,NA,3181.31181279997,6999.9999992999,NA,NA,3593.11593079995,6500.69500630002,3147.67147639996,NA,NA,NA,NA,NA,3961.7996176,3250.07250040003,NA,NA,NA,NA,NA,NA,NA,NA,NA,1276.23276220009,NA,NA,NA,NA,NA,NA,NA,NA,NA,NA,NA,NA,NA,NA,NA,NA,NA
3567.0656703,NA,NA,NA,3559.93559900003,NA,3351.74351709999,3165.75165720003,NA,3213.72213689997,7043.2904321999,NA,NA,3608.72608689995,6538.31538250002,3172.11172079996,NA,NA,NA,NA,NA,3989.2098917,3275.86275830003,NA,NA,NA,NA,NA,NA,NA,NA,NA,1287.1428713001,NA,NA,NA,NA,NA,NA,NA,NA,NA,NA,NA,NA,NA,NA,NA,NA,NA
3591.8559182,NA,NA,NA,3593.07593040003,NA,3375.1937516,3190.93190900004,NA,3234.63234599997,7084.7208464999,NA,NA,3641.20641169995,6586.88586820002,3203.20203169996,NA,NA,NA,NA,NA,4008.00007960001,3290.12290090003,NA,NA,NA,NA,NA,NA,NA,NA,NA,1295.64295630009,NA,NA,NA,NA,NA,NA,NA,NA,NA,NA,NA,NA,NA,NA,NA,NA,NA
3625.2262519,NA,NA,NA,3611.47611440003,NA,3399.8739984,3222.25222220004,NA,3268.11268079997,7137.6713759999,NA,NA,3658.07658039994,6635.11635050002,3227.00226969996,NA,NA,NA,NA,NA,4041.9804194,3316.99316960003,NA,NA,NA,NA,NA,NA,NA,NA,NA,1307.17307160009,NA,NA,NA,NA,NA,NA,NA,NA,NA,NA,NA,NA,NA,NA,NA,NA,NA
3646.0464601,NA,NA,NA,3644.76644730003,NA,3431.7043167,3248.22248190004,NA,3282.77282739997,7199.6219954999,NA,NA,3690.67690639994,6660.42660360002,3257.45257419996,NA,NA,NA,NA,NA,4061.1206108,3338.19338160003,NA,NA,NA,NA,NA,NA,NA,NA,NA,1318.48318470009,NA,NA,NA,NA,NA,NA,NA,NA,NA,NA,NA,NA,NA,NA,NA,NA,NA
3677.9467791,NA,NA,NA,3663.50663470003,NA,3463.43463399999,3267.19267160004,NA,3304.42304389997,7229.53229459989,NA,NA,3713.76713729994,6706.88706820002,3281.45281419996,NA,NA,NA,NA,NA,4087.840878,3350.66350630003,NA,NA,NA,NA,NA,NA,NA,NA,NA,1331.01331000009,NA,NA,NA,NA,NA,NA,NA,NA,NA,NA,NA,NA,NA,NA,NA,NA,NA
3696.0069597,NA,NA,NA,3697.43697400003,NA,3488.16488129999,3298.44298410004,NA,3335.59335559996,7266.47266399989,NA,NA,3740.30740269994,6755.35755290002,3299.51299479996,NA,NA,NA,NA,NA,4106.8010676,3376.95376920003,NA,NA,NA,NA,NA,NA,NA,NA,NA,1340.4334042001,NA,NA,NA,NA,NA,NA,NA,NA,NA,NA,NA,NA,NA,NA,NA,NA,NA
3720.0171998,NA,NA,NA,3720.99720960003,NA,3506.40506369999,3316.43316400004,NA,3355.61355579997,7305.99305919988,NA,NA,3755.36755329994,6789.13789070003,3329.00328969995,NA,NA,NA,NA,NA,4152.39152350001,3397.67397640003,NA,NA,NA,NA,NA,NA,NA,NA,NA,1346.9434693001,NA,NA,NA,NA,NA,NA,NA,NA,NA,NA,NA,NA,NA,NA,NA,NA,NA
3741.76741729999,NA,NA,NA,3754.95754920003,NA,3537.87537839999,3340.35340320005,NA,3377.65377619996,7366.00365929988,NA,NA,3788.77788739994,6818.08818020003,3345.85345819995,NA,NA,NA,NA,NA,4187.16187120001,3418.80418770003,NA,NA,NA,NA,NA,NA,NA,NA,NA,1357.5935758001,NA,NA,NA,NA,NA,NA,NA,NA,NA,NA,NA,NA,NA,NA,NA,NA,NA
3771.25771219999,NA,NA,NA,3773.64773610003,NA,3555.29555259999,3360.47360440005,NA,3394.66394629996,7416.59416519988,NA,NA,3811.51811479994,6870.97870910003,3368.51368479995,NA,NA,NA,NA,NA,4215.78215740001,3445.16445130003,NA,NA,NA,NA,NA,NA,NA,NA,NA,1365.2336522001,NA,NA,NA,NA,NA,NA,NA,NA,NA,NA,NA,NA,NA,NA,NA,NA,NA
3796.78796749999,NA,NA,NA,3797.47797440003,NA,3579.00578969999,3386.07386040005,NA,3425.30425269996,7475.80475729988,NA,NA,3845.00844969994,6908.44908380003,3399.67399639995,NA,NA,NA,NA,NA,4250.38250340001,3459.70459670003,NA,NA,NA,NA,NA,NA,NA,NA,NA,1376.3200000001,NA,NA,NA,NA,NA,NA,NA,NA,NA,NA,NA,NA,NA,NA,NA,NA,NA
3831.7083167,NA,NA,NA,3825.28825250003,NA,3597.15597119999,3418.44418410005,NA,3441.11441079996,7512.39512319988,NA,NA,3861.91861879994,6960.49960430003,3419.75419719995,NA,NA,NA,NA,NA,4269.47269430001,3482.74482710003,NA,NA,NA,NA,NA,NA,NA,NA,NA,1376.3337632001,NA,NA,NA,NA,NA,NA,NA,NA,NA,NA,NA,NA,NA,NA,NA,NA,NA
3866.2686623,NA,NA,NA,3859.44859410003,NA,3623.08623049999,3445.22445190005,NA,3461.79461759995,7560.51560439988,NA,NA,3885.96885929994,6988.57988510002,3452.12452089995,NA,NA,NA,NA,NA,4298.50298460001,3509.37509340003,NA,NA,NA,NA,NA,NA,NA,NA,NA,1387.3938738001,NA,NA,NA,NA,NA,NA,NA,NA,NA,NA,NA,NA,NA,NA,NA,NA,NA
3884.9188488,NA,NA,NA,3878.69878660003,NA,3655.44655409999,3477.64477610005,NA,3500.69500659995,7628.94628869988,NA,NA,3920.57920539993,7027.21027140003,3478.99478959995,NA,NA,NA,NA,NA,4332.89332850001,3535.68535650003,NA,NA,NA,NA,NA,NA,NA,NA,NA,1395.9439593001,NA,NA,NA,NA,NA,NA,NA,NA,NA,NA,NA,NA,NA,NA,NA,NA,NA
3911.1891115,NA,NA,NA,3903.86903830003,NA,3682.58682549999,3496.42496390005,NA,3518.36518329995,7694.85694779987,NA,NA,3955.10955069993,7085.94085870003,3509.79509759995,NA,NA,NA,NA,NA,4368.02367980001,3561.03561000003,NA,NA,NA,NA,NA,NA,NA,NA,NA,1404.8240481001,NA,NA,NA,NA,NA,NA,NA,NA,NA,NA,NA,NA,NA,NA,NA,NA,NA
3947.6794764,NA,NA,NA,3938.35938320003,NA,3715.27715239998,3523.45523420005,NA,3550.99550959995,7750.75750679987,NA,NA,3982.89982859993,7147.50147430002,3526.88526849995,NA,NA,NA,NA,NA,4405.46405420001,3588.46588430003,NA,NA,NA,NA,NA,NA,NA,NA,NA,1415.9141590001,NA,NA,NA,NA,NA,NA,NA,NA,NA,NA,NA,NA,NA,NA,NA,NA,NA
3983.4698343,NA,NA,NA,3972.69972660003,NA,3732.57732539998,3556.57556540005,NA,3574.90574869995,7809.06808989987,NA,NA,4016.93016889993,7190.83190760002,3559.54559509995,NA,NA,NA,NA,NA,4440.19440150001,3616.00615970003,NA,NA,NA,NA,NA,NA,NA,NA,NA,1426.5242651001,NA,NA,NA,NA,NA,NA,NA,NA,NA,NA,NA,NA,NA,NA,NA,NA,NA
4015.4801544,NA,NA,NA,4001.93001890003,NA,3758.30758269998,3589.59589560005,NA,3606.62606589995,7879.12879049987,NA,NA,4052.36052319993,7243.58243510003,3591.73591699995,NA,NA,NA,NA,NA,4474.9047486,3629.72629690003,NA,NA,NA,NA,NA,NA,NA,NA,NA,1438.7043869001,NA,NA,NA,NA,NA,NA,NA,NA,NA,NA,NA,NA,NA,NA,NA,NA,NA
4049.0704903,NA,NA,NA,4036.76036720003,NA,3792.42792389998,3624.36624330005,NA,3622.83622799995,7921.15921079987,NA,NA,4069.04068999993,7304.02303950003,3617.52617489995,NA,NA,NA,NA,NA,4495.144951,3650.43650400003,NA,NA,NA,NA,NA,NA,NA,NA,NA,1446.8544684001,NA,NA,NA,NA,NA,NA,NA,NA,NA,NA,NA,NA,NA,NA,NA,NA,NA
4071.5607152,NA,NA,NA,4071.67071630003,NA,3825.09825059998,3656.68656650005,NA,3645.71645679995,7974.03973959987,NA,NA,4097.87097829993,7334.69334620004,3654.82654789995,NA,NA,NA,NA,NA,4532.2153217,3677.33677300003,NA,NA,NA,NA,NA,NA,NA,NA,NA,1454.2145420001,NA,NA,NA,NA,NA,NA,NA,NA,NA,NA,NA,NA,NA,NA,NA,NA,NA
4105.5310549,NA,NA,NA,4101.91101870003,NA,3857.90857869998,3689.31689280004,NA,3681.37681339996,8028.81028729987,NA,NA,4120.54120499993,7371.62371550003,3685.10685069994,NA,NA,NA,NA,NA,4561.3656132,3702.58702550003,NA,NA,NA,NA,NA,NA,NA,NA,NA,1466.4146640001,NA,NA,NA,NA,NA,NA,NA,NA,NA,NA,NA,NA,NA,NA,NA,NA,NA
4137.2213718,NA,NA,NA,4120.78120740003,NA,3890.23890199998,3723.65723620004,NA,3715.50715469995,8089.67089589987,NA,NA,4148.14148099993,7416.07416000003,3716.05716019994,NA,NA,NA,NA,NA,4600.946009,3727.58727550003,NA,NA,NA,NA,NA,NA,NA,NA,NA,1475.8047579001,NA,NA,NA,NA,NA,NA,NA,NA,NA,NA,NA,NA,NA,NA,NA,NA,NA
4164.08164040001,NA,NA,NA,4144.32144280003,NA,3923.84923809999,3743.38743350004,NA,3747.54747509996,8135.70135619987,NA,NA,4174.93174889993,7459.62459550003,3735.96735929994,NA,NA,NA,NA,NA,4630.0463,3742.52742490003,NA,NA,NA,NA,NA,NA,NA,NA,NA,1482.8248281001,NA,NA,NA,NA,NA,NA,NA,NA,NA,NA,NA,NA,NA,NA,NA,NA,NA
4197.70197660001,NA,NA,NA,4173.58173540003,NA,3956.08956049999,3771.24771210005,NA,3778.54778509995,8239.63239549987,NA,NA,4233.18233139993,7506.29506220004,3764.77764739994,NA,NA,NA,NA,NA,4686.8168677,3767.60767570003,NA,NA,NA,NA,NA,NA,NA,NA,NA,1490.3849037001,NA,NA,NA,NA,NA,NA,NA,NA,NA,NA,NA,NA,NA,NA,NA,NA,NA
4224.4522441,NA,NA,NA,4201.67201630003,NA,3974.36974329999,3807.31807280005,NA,3811.52811489994,8285.82285739987,NA,NA,4250.51250469993,7612.62612550004,3806.06806029994,NA,NA,NA,NA,NA,4706.9170687,3818.89818860003,NA,NA,NA,NA,NA,NA,NA,NA,NA,1500.9150090001,NA,NA,NA,NA,NA,NA,NA,NA,NA,NA,NA,NA,NA,NA,NA,NA,NA
4249.442494,NA,NA,NA,4260.79260750003,NA,4001.73001689999,3833.80833770004,NA,3836.71836679994,8410.14999999987,NA,NA,4276.95276909993,7643.09643020004,3840.05840019994,NA,NA,NA,NA,NA,4727.5172747,3832.28832250003,NA,NA,NA,NA,NA,NA,NA,NA,NA,1509.5850957001,NA,NA,NA,NA,NA,NA,NA,NA,NA,NA,NA,NA,NA,NA,NA,NA,NA
4270.9727093,NA,NA,NA,4280.58280540003,NA,4038.65038609999,3879.15879120004,NA,3855.51855479994,8410.23410149987,NA,NA,4292.46292419993,7674.59674520004,3862.56862529994,NA,NA,NA,NA,NA,4780.0077996,3857.07857040003,NA,NA,NA,NA,NA,NA,NA,NA,NA,1516.2551624001,NA,NA,NA,NA,NA,NA,NA,NA,NA,NA,NA,NA,NA,NA,NA,NA,NA
4320.0231998,NA,NA,NA,4300.19300150003,NA,4063.52063479999,3898.34898310004,NA,3890.31890279994,NA,NA,NA,4345.17345129993,7819.94819870004,3884.20884169994,NA,NA,NA,NA,NA,4808.0880804,3903.85903820003,NA,NA,NA,NA,NA,NA,NA,NA,NA,1525.1152510001,NA,NA,NA,NA,NA,NA,NA,NA,NA,NA,NA,NA,NA,NA,NA,NA,NA
4348.1134807,NA,NA,NA,4355.61355570003,NA,4082.91082869999,3919.00918970004,NA,3920.06920029994,NA,NA,NA,4406.81406769993,7867.13867060004,3921.88921849994,NA,NA,NA,NA,NA,4836.0183597,3921.17921140003,NA,NA,NA,NA,NA,NA,NA,NA,NA,1541.6254161001,NA,NA,NA,NA,NA,NA,NA,NA,NA,NA,NA,NA,NA,NA,NA,NA,NA
4375.50375460001,NA,NA,NA,4383.71383670003,NA,4133.60999999999,3945.27945240005,NA,3942.42942389994,NA,NA,NA,4433.65433609993,7915.88915810004,3940.26940229994,NA,NA,NA,NA,NA,4895.2189517,3948.02947990003,NA,NA,NA,NA,NA,NA,NA,NA,NA,1550.7855077001,NA,NA,NA,NA,NA,NA,NA,NA,NA,NA,NA,NA,NA,NA,NA,NA,NA
4421.49421450001,NA,NA,NA,4411.96411920004,NA,4133.65133609999,3986.78986750005,NA,3959.54959509994,NA,NA,NA,4469.95469909993,8048.55048470004,3976.63976599994,NA,NA,NA,NA,NA,4923.58923540001,3969.39969360003,NA,NA,NA,NA,NA,NA,NA,NA,NA,1559.3355932001,NA,NA,NA,NA,NA,NA,NA,NA,NA,NA,NA,NA,NA,NA,NA,NA,NA
4451.06451020001,NA,NA,NA,4472.62472580004,NA,4151.75151709999,4013.37013330005,NA,4000.31000269994,NA,NA,NA,4491.16491119993,8202.41000000004,3998.73998699994,NA,NA,NA,NA,NA,4960.16960120001,3991.21991180003,NA,NA,NA,NA,NA,NA,NA,NA,NA,1576.2357622001,NA,NA,NA,NA,NA,NA,NA,NA,NA,NA,NA,NA,NA,NA,NA,NA,NA
4501.78501740001,NA,NA,NA,4498.95498910004,NA,4176.52176479999,4060.43060390005,NA,4019.94019899994,NA,NA,NA,4527.55527509993,8202.49202410004,4020.98020939994,NA,NA,NA,NA,NA,4996.11996070001,4044.08044040003,NA,NA,NA,NA,NA,NA,NA,NA,NA,1593.0059299001,NA,NA,NA,NA,NA,NA,NA,NA,NA,NA,NA,NA,NA,NA,NA,NA,NA
4539.77539730001,NA,NA,NA,4534.78534740004,NA,4201.73201689999,4094.52094480005,NA,4040.99040949994,NA,NA,NA,4555.91555869993,NA,4054.82054779994,NA,NA,NA,NA,NA,5034.40034350001,4082.32082280003,NA,NA,NA,NA,NA,NA,NA,NA,NA,1604.1860417001,NA,NA,NA,NA,NA,NA,NA,NA,NA,NA,NA,NA,NA,NA,NA,NA,NA
4576.43576390001,NA,NA,NA,4565.02564980004,NA,4248.74999999999,4121.22121180005,NA,4061.90061859994,NA,NA,NA,4609.87999999993,NA,4084.79084749994,NA,NA,NA,NA,NA,5070.54070490001,4109.78109740003,NA,NA,NA,NA,NA,NA,NA,NA,NA,1616.4061639001,NA,NA,NA,NA,NA,NA,NA,NA,NA,NA,NA,NA,NA,NA,NA,NA,NA
4606.05606010001,NA,NA,NA,4594.47594430004,NA,4248.79248749999,4165.33165290005,NA,4099.51099469994,NA,NA,NA,4609.92609879993,NA,4122.69122649994,NA,NA,NA,NA,NA,5107.04106990001,4135.90135860003,NA,NA,NA,NA,NA,NA,NA,NA,NA,1628.64628630011,NA,NA,NA,NA,NA,NA,NA,NA,NA,NA,NA,NA,NA,NA,NA,NA,NA
4635.41635370001,NA,NA,NA,4646.83000000004,NA,4274.842748,4199.38199340005,NA,4136.42136379994,NA,NA,NA,4638.64638599992,NA,4149.66149619994,NA,NA,NA,NA,NA,5143.20143150001,4157.35157310003,NA,NA,NA,NA,NA,NA,NA,NA,NA,1644.05644040011,NA,NA,NA,NA,NA,NA,NA,NA,NA,NA,NA,NA,NA,NA,NA,NA,NA
4683.71000000001,NA,NA,NA,4646.87646830004,NA,4327.0332699,4226.79226750005,NA,4177.27177229994,NA,NA,NA,4675.49675449992,NA,4182.84182799994,NA,NA,NA,NA,NA,5188.94000000001,4197.14000000003,NA,NA,NA,NA,NA,NA,NA,NA,NA,1655.7765576001,NA,NA,NA,NA,NA,NA,NA,NA,NA,NA,NA,NA,NA,NA,NA,NA,NA
4683.75683710001,NA,NA,NA,4683.53683490004,NA,4361.1336109,4253.94253900005,NA,4203.62203579994,NA,NA,NA,4729.31729269992,NA,4209.18209139994,NA,NA,NA,NA,NA,5188.99188940001,4197.18197140003,NA,NA,NA,NA,NA,NA,NA,NA,NA,1666.3966638001,NA,NA,NA,NA,NA,NA,NA,NA,NA,NA,NA,NA,NA,NA,NA,NA,NA
4738.82738780001,NA,NA,NA,4747.99747950004,NA,4408.7840874,4298.38298340005,NA,4231.41231369994,NA,NA,NA,4757.70757659992,NA,4248.16248119993,NA,NA,NA,NA,NA,5224.0922404,NA,NA,NA,NA,NA,NA,NA,NA,NA,NA,1683.09683080011,NA,NA,NA,NA,NA,NA,NA,NA,NA,NA,NA,NA,NA,NA,NA,NA,NA
4778.82778780001,NA,NA,NA,4776.81776770003,NA,4437.17437129999,4332.52332480005,NA,4265.98265939994,NA,NA,NA,4801.66801619992,NA,4283.11283069993,NA,NA,NA,NA,NA,5268.25268200001,NA,NA,NA,NA,NA,NA,NA,NA,NA,NA,1696.0569604001,NA,NA,NA,NA,NA,NA,NA,NA,NA,NA,NA,NA,NA,NA,NA,NA,NA
4812.69812650001,NA,NA,NA,4812.40812360003,NA,4465.16465119999,4358.53358490005,NA,4300.97999999994,NA,NA,NA,4822.40822359992,NA,4324.61999999993,NA,NA,NA,NA,NA,5297.94297890001,NA,NA,NA,NA,NA,NA,NA,NA,NA,NA,1704.6670465001,NA,NA,NA,NA,NA,NA,NA,NA,NA,NA,NA,NA,NA,NA,NA,NA,NA
4858.05858010001,NA,NA,NA,4855.67855630003,NA,4498.55498509999,4398.73398690005,NA,4301.02300979994,NA,NA,NA,4844.45844409992,NA,4324.66324619993,NA,NA,NA,NA,NA,5318.27318220001,NA,NA,NA,NA,NA,NA,NA,NA,NA,NA,1716.4671645001,NA,NA,NA,NA,NA,NA,NA,NA,NA,NA,NA,NA,NA,NA,NA,NA,NA
4886.22886180001,NA,NA,NA,4886.58886540003,NA,4550.51550469999,4427.74427700005,NA,4327.82327779994,NA,NA,NA,4888.70888659992,NA,4358.49358449993,NA,NA,NA,NA,NA,5345.54345490001,NA,NA,NA,NA,NA,NA,NA,NA,NA,NA,1726.2772626001,NA,NA,NA,NA,NA,NA,NA,NA,NA,NA,NA,NA,NA,NA,NA,NA,NA
4905.73905690001,NA,NA,NA,4913.57913530003,NA,4584.87584829999,4453.20453160005,NA,4366.39366349994,NA,NA,NA,4909.14909099993,NA,4401.39401349993,NA,NA,NA,NA,NA,5384.39384340001,NA,NA,NA,NA,NA,NA,NA,NA,NA,NA,1738.3973838001,NA,NA,NA,NA,NA,NA,NA,NA,NA,NA,NA,NA,NA,NA,NA,NA,NA
4936.42936380001,NA,NA,NA,4957.01956970004,NA,4612.15612109999,4493.25493210005,NA,4405.27999999994,NA,NA,NA,4940.04939999992,NA,4425.93425889993,NA,NA,NA,NA,NA,5428.34428290001,NA,NA,NA,NA,NA,NA,NA,NA,NA,NA,1746.6074659001,NA,NA,NA,NA,NA,NA,NA,NA,NA,NA,NA,NA,NA,NA,NA,NA,NA
4963.90963860001,NA,NA,NA,4983.69983650003,NA,4640.46640419999,4512.17512130005,NA,4405.32405279994,NA,NA,NA,4968.82968779992,NA,4453.44453399993,NA,NA,NA,NA,NA,5456.26456210001,NA,NA,NA,NA,NA,NA,NA,NA,NA,NA,1754.6175460001,NA,NA,NA,NA,NA,NA,NA,NA,NA,NA,NA,NA,NA,NA,NA,NA,NA
5007.46007410001,NA,NA,NA,5004.09004040003,NA,4681.97681929999,4540.74540700005,NA,NA,NA,NA,NA,4994.27994229992,NA,4494.34494299993,NA,NA,NA,NA,NA,5489.21489160001,NA,NA,NA,NA,NA,NA,NA,NA,NA,NA,1765.1376512001,NA,NA,NA,NA,NA,NA,NA,NA,NA,NA,NA,NA,NA,NA,NA,NA,NA
5036.71036660001,NA,NA,NA,5035.80035750003,NA,4700.12700079999,4571.58571540005,NA,NA,NA,NA,NA,5015.35015299992,NA,4509.60509559993,NA,NA,NA,NA,NA,5510.00509950001,NA,NA,NA,NA,NA,NA,NA,NA,NA,NA,1777.9777796001,NA,NA,NA,NA,NA,NA,NA,NA,NA,NA,NA,NA,NA,NA,NA,NA,NA
5056.83056780001,NA,NA,NA,5056.59056540004,NA,4728.71728669999,4599.98599940005,NA,NA,NA,NA,NA,5043.51043459992,NA,4535.76535719993,NA,NA,NA,NA,NA,5543.06543010001,NA,NA,NA,NA,NA,NA,NA,NA,NA,NA,1785.6078559001,NA,NA,NA,NA,NA,NA,NA,NA,NA,NA,NA,NA,NA,NA,NA,NA,NA
5085.12085070001,NA,NA,NA,5085.27085220004,NA,4755.17755129999,4631.70631660005,NA,NA,NA,NA,NA,5074.99074939992,NA,4559.71559669993,NA,NA,NA,NA,NA,5578.98578930001,NA,NA,NA,NA,NA,NA,NA,NA,NA,NA,1796.9979698001,NA,NA,NA,NA,NA,NA,NA,NA,NA,NA,NA,NA,NA,NA,NA,NA,NA
5113.88113830001,NA,NA,NA,5115.04114990004,NA,4795.47795429999,4659.15659110006,NA,NA,NA,NA,NA,5113.91113859992,NA,4575.05575009993,NA,NA,NA,NA,NA,5619.11619060001,NA,NA,NA,NA,NA,NA,NA,NA,NA,NA,1805.9080589001,NA,NA,NA,NA,NA,NA,NA,NA,NA,NA,NA,NA,NA,NA,NA,NA,NA
5141.36141310001,NA,NA,NA,5146.17146120004,NA,4820.37820329999,4678.35678310006,NA,NA,NA,NA,NA,5148.02147969992,NA,4603.63603589994,NA,NA,NA,NA,NA,5651.90651850001,NA,NA,NA,NA,NA,NA,NA,NA,NA,NA,1814.89814880011,NA,NA,NA,NA,NA,NA,NA,NA,NA,NA,NA,NA,NA,NA,NA,NA,NA
5180.62180570001,NA,NA,NA,5187.41187360004,NA,4850.44850399999,4704.42704380006,NA,NA,NA,NA,NA,5174.64174589992,NA,4631.24631199994,NA,NA,NA,NA,NA,5684.16684110001,NA,NA,NA,NA,NA,NA,NA,NA,NA,NA,1822.65822640011,NA,NA,NA,NA,NA,NA,NA,NA,NA,NA,NA,NA,NA,NA,NA,NA,NA
5209.74209690001,NA,NA,NA,5219.77219720004,NA,4868.62868579999,4736.27736230006,NA,NA,NA,NA,NA,5193.79193739992,NA,4663.53663489994,NA,NA,NA,NA,NA,5718.45718400001,NA,NA,NA,NA,NA,NA,NA,NA,NA,NA,1831.34831330011,NA,NA,NA,NA,NA,NA,NA,NA,NA,NA,NA,NA,NA,NA,NA,NA,NA
5229.29229240001,NA,NA,NA,5248.85248800003,NA,4900.32900279999,4774.12774080006,NA,NA,NA,NA,NA,5234.22234169992,NA,4685.98685939993,NA,NA,NA,NA,NA,5764.98764930001,NA,NA,NA,NA,NA,NA,NA,NA,NA,NA,1846.81846800011,NA,NA,NA,NA,NA,NA,NA,NA,NA,NA,NA,NA,NA,NA,NA,NA,NA
5258.04257990001,NA,NA,NA,5268.90268850003,NA,4927.54927499999,4793.33793290006,NA,NA,NA,NA,NA,5262.93262879992,NA,4732.24732199993,NA,NA,NA,NA,NA,5787.07787020001,NA,NA,NA,NA,NA,NA,NA,NA,NA,NA,1856.65856640011,NA,NA,NA,NA,NA,NA,NA,NA,NA,NA,NA,NA,NA,NA,NA,NA,NA
5306.51306460001,NA,NA,NA,5312.97312920004,NA,4954.66954619999,4831.61831570006,NA,NA,NA,NA,NA,5293.54293489992,NA,4748.14748099994,NA,NA,NA,NA,NA,5817.7981774,NA,NA,NA,NA,NA,NA,NA,NA,NA,NA,1869.58869570011,NA,NA,NA,NA,NA,NA,NA,NA,NA,NA,NA,NA,NA,NA,NA,NA,NA
5334.70334650001,NA,NA,NA,5341.66341610004,NA,4990.82990779999,4859.98859940006,NA,NA,NA,NA,NA,5316.17316119992,NA,4779.74779699994,NA,NA,NA,NA,NA,5849.1884913,NA,NA,NA,NA,NA,NA,NA,NA,NA,NA,1888.27888260011,NA,NA,NA,NA,NA,NA,NA,NA,NA,NA,NA,NA,NA,NA,NA,NA,NA
5363.20363150001,NA,NA,NA,5368.82368770004,NA,5009.42009369999,4886.94886900006,NA,NA,NA,NA,NA,5360.78360729992,NA,4802.11802069994,NA,NA,NA,NA,NA,5886.1288607,NA,NA,NA,NA,NA,NA,NA,NA,NA,NA,1896.62896610011,NA,NA,NA,NA,NA,NA,NA,NA,NA,NA,NA,NA,NA,NA,NA,NA,NA
5390.41390360001,NA,NA,NA,5398.56398510004,NA,5038.42038369999,4928.03927990006,NA,NA,NA,NA,NA,5417.25417199992,NA,4837.28837239994,NA,NA,NA,NA,NA,5918.7791872,NA,NA,NA,NA,NA,NA,NA,NA,NA,NA,1903.89903880011,NA,NA,NA,NA,NA,NA,NA,NA,NA,NA,NA,NA,NA,NA,NA,NA,NA
5419.24419190001,NA,NA,NA,5442.02441970004,NA,5070.39070339999,4953.25953210007,NA,NA,NA,NA,NA,5444.02443969992,NA,4860.99860949994,NA,NA,NA,NA,NA,5961.6396158,NA,NA,NA,NA,NA,NA,NA,NA,NA,NA,1915.11915100011,NA,NA,NA,NA,NA,NA,NA,NA,NA,NA,NA,NA,NA,NA,NA,NA,NA
5456.30456250001,NA,NA,NA,5473.07473020004,NA,5112.6411259,4998.83998790007,NA,NA,NA,NA,NA,5474.96474909992,NA,4885.32885279993,NA,NA,NA,NA,NA,6021.1502109,NA,NA,NA,NA,NA,NA,NA,NA,NA,NA,1923.94923930011,NA,NA,NA,NA,NA,NA,NA,NA,NA,NA,NA,NA,NA,NA,NA,NA,NA
5496.67496620001,NA,NA,NA,5531.61531560004,NA,5139.93139879999,5025.49025440007,NA,NA,NA,NA,NA,5521.40521349992,NA,4927.73927689993,NA,NA,NA,NA,NA,6069.760697,NA,NA,NA,NA,NA,NA,NA,NA,NA,NA,1939.43000000011,NA,NA,NA,NA,NA,NA,NA,NA,NA,NA,NA,NA,NA,NA,NA,NA,NA
5543.27543220001,NA,NA,NA,5584.95584900004,NA,5165.96165909999,5062.09062040007,NA,NA,NA,NA,NA,5570.18570129992,NA,4949.71949669994,NA,NA,NA,NA,NA,6114.1411408,NA,NA,NA,NA,NA,NA,NA,NA,NA,NA,1939.44939430011,NA,NA,NA,NA,NA,NA,NA,NA,NA,NA,NA,NA,NA,NA,NA,NA,NA
5572.96572910001,NA,NA,NA,5634.93634880004,NA,5216.79216739999,5086.80086750007,NA,NA,NA,NA,NA,5624.74624689992,NA,4983.11983069993,NA,NA,NA,NA,NA,6138.8413878,NA,NA,NA,NA,NA,NA,NA,NA,NA,NA,NA,NA,NA,NA,NA,NA,NA,NA,NA,NA,NA,NA,NA,NA,NA,NA,NA,NA
5617.27617220001,NA,NA,NA,5663.22663170004,NA,5268.37268319999,5129.50129450007,NA,NA,NA,NA,NA,5653.88653829992,NA,5005.65005599993,NA,NA,NA,NA,NA,6194.8719481,NA,NA,NA,NA,NA,NA,NA,NA,NA,NA,NA,NA,NA,NA,NA,NA,NA,NA,NA,NA,NA,NA,NA,NA,NA,NA,NA,NA
5673.71000000001,NA,NA,NA,5718.21718160004,NA,5295.70295649999,5172.63172580007,NA,NA,NA,NA,NA,5674.67674619993,NA,5032.47032419993,NA,NA,NA,NA,NA,6235.09,NA,NA,NA,NA,NA,NA,NA,NA,NA,NA,NA,NA,NA,NA,NA,NA,NA,NA,NA,NA,NA,NA,NA,NA,NA,NA,NA,NA
5673.76673710001,NA,NA,NA,5776.44000000004,NA,5338.16338109999,5213.56000000007,NA,NA,NA,NA,NA,5719.02999999992,NA,5067.96067909993,NA,NA,NA,NA,NA,6235.1523509,NA,NA,NA,NA,NA,NA,NA,NA,NA,NA,NA,NA,NA,NA,NA,NA,NA,NA,NA,NA,NA,NA,NA,NA,NA,NA,NA,NA
NA,NA,NA,NA,5776.49776440004,NA,5366.47366419999,5213.61213560007,NA,NA,NA,NA,NA,5719.08719029992,NA,5088.32088269993,NA,NA,NA,NA,NA,NA,NA,NA,NA,NA,NA,NA,NA,NA,NA,NA,NA,NA,NA,NA,NA,NA,NA,NA,NA,NA,NA,NA,NA,NA,NA,NA,NA,NA
NA,NA,NA,NA,NA,NA,5416.44416389999,NA,NA,NA,NA,NA,NA,NA,NA,5120.64120589993,NA,NA,NA,NA,NA,NA,NA,NA,NA,NA,NA,NA,NA,NA,NA,NA,NA,NA,NA,NA,NA,NA,NA,NA,NA,NA,NA,NA,NA,NA,NA,NA,NA,NA
NA,NA,NA,NA,NA,NA,5442.00441949999,NA,NA,NA,NA,NA,NA,NA,NA,5151.17151119993,NA,NA,NA,NA,NA,NA,NA,NA,NA,NA,NA,NA,NA,NA,NA,NA,NA,NA,NA,NA,NA,NA,NA,NA,NA,NA,NA,NA,NA,NA,NA,NA,NA,NA
NA,NA,NA,NA,NA,NA,5484.73484679999,NA,NA,NA,NA,NA,NA,NA,NA,5179.15179099993,NA,NA,NA,NA,NA,NA,NA,NA,NA,NA,NA,NA,NA,NA,NA,NA,NA,NA,NA,NA,NA,NA,NA,NA,NA,NA,NA,NA,NA,NA,NA,NA,NA,NA
NA,NA,NA,NA,NA,NA,5533.68999999999,NA,NA,NA,NA,NA,NA,NA,NA,5194.32194269993,NA,NA,NA,NA,NA,NA,NA,NA,NA,NA,NA,NA,NA,NA,NA,NA,NA,NA,NA,NA,NA,NA,NA,NA,NA,NA,NA,NA,NA,NA,NA,NA,NA,NA
NA,NA,NA,NA,NA,NA,5533.74533689999,NA,NA,NA,NA,NA,NA,NA,NA,5209.36209309993,NA,NA,NA,NA,NA,NA,NA,NA,NA,NA,NA,NA,NA,NA,NA,NA,NA,NA,NA,NA,NA,NA,NA,NA,NA,NA,NA,NA,NA,NA,NA,NA,NA,NA
NA,NA,NA,NA,NA,NA,NA,NA,NA,NA,NA,NA,NA,NA,NA,5225.86225809993,NA,NA,NA,NA,NA,NA,NA,NA,NA,NA,NA,NA,NA,NA,NA,NA,NA,NA,NA,NA,NA,NA,NA,NA,NA,NA,NA,NA,NA,NA,NA,NA,NA,NA
NA,NA,NA,NA,NA,NA,NA,NA,NA,NA,NA,NA,NA,NA,NA,5240.51240459993,NA,NA,NA,NA,NA,NA,NA,NA,NA,NA,NA,NA,NA,NA,NA,NA,NA,NA,NA,NA,NA,NA,NA,NA,NA,NA,NA,NA,NA,NA,NA,NA,NA,NA
NA,NA,NA,NA,NA,NA,NA,NA,NA,NA,NA,NA,NA,NA,NA,5272.52272469993,NA,NA,NA,NA,NA,NA,NA,NA,NA,NA,NA,NA,NA,NA,NA,NA,NA,NA,NA,NA,NA,NA,NA,NA,NA,NA,NA,NA,NA,NA,NA,NA,NA,NA
NA,NA,NA,NA,NA,NA,NA,NA,NA,NA,NA,NA,NA,NA,NA,5288.06288009993,NA,NA,NA,NA,NA,NA,NA,NA,NA,NA,NA,NA,NA,NA,NA,NA,NA,NA,NA,NA,NA,NA,NA,NA,NA,NA,NA,NA,NA,NA,NA,NA,NA,NA
NA,NA,NA,NA,NA,NA,NA,NA,NA,NA,NA,NA,NA,NA,NA,5312.09312039993,NA,NA,NA,NA,NA,NA,NA,NA,NA,NA,NA,NA,NA,NA,NA,NA,NA,NA,NA,NA,NA,NA,NA,NA,NA,NA,NA,NA,NA,NA,NA,NA,NA,NA
NA,NA,NA,NA,NA,NA,NA,NA,NA,NA,NA,NA,NA,NA,NA,5333.98333929993,NA,NA,NA,NA,NA,NA,NA,NA,NA,NA,NA,NA,NA,NA,NA,NA,NA,NA,NA,NA,NA,NA,NA,NA,NA,NA,NA,NA,NA,NA,NA,NA,NA,NA
NA,NA,NA,NA,NA,NA,NA,NA,NA,NA,NA,NA,NA,NA,NA,5365.73365679993,NA,NA,NA,NA,NA,NA,NA,NA,NA,NA,NA,NA,NA,NA,NA,NA,NA,NA,NA,NA,NA,NA,NA,NA,NA,NA,NA,NA,NA,NA,NA,NA,NA,NA
NA,NA,NA,NA,NA,NA,NA,NA,NA,NA,NA,NA,NA,NA,NA,5387.31387259994,NA,NA,NA,NA,NA,NA,NA,NA,NA,NA,NA,NA,NA,NA,NA,NA,NA,NA,NA,NA,NA,NA,NA,NA,NA,NA,NA,NA,NA,NA,NA,NA,NA,NA
NA,NA,NA,NA,NA,NA,NA,NA,NA,NA,NA,NA,NA,NA,NA,5405.46405409993,NA,NA,NA,NA,NA,NA,NA,NA,NA,NA,NA,NA,NA,NA,NA,NA,NA,NA,NA,NA,NA,NA,NA,NA,NA,NA,NA,NA,NA,NA,NA,NA,NA,NA
NA,NA,NA,NA,NA,NA,NA,NA,NA,NA,NA,NA,NA,NA,NA,5441.57999999994,NA,NA,NA,NA,NA,NA,NA,NA,NA,NA,NA,NA,NA,NA,NA,NA,NA,NA,NA,NA,NA,NA,NA,NA,NA,NA,NA,NA,NA,NA,NA,NA,NA,NA
NA,NA,NA,NA,NA,NA,NA,NA,NA,NA,NA,NA,NA,NA,NA,5441.63441579994,NA,NA,NA,NA,NA,NA,NA,NA,NA,NA,NA,NA,NA,NA,NA,NA,NA,NA,NA,NA,NA,NA,NA,NA,NA,NA,NA,NA,NA,NA,NA,NA,NA,NA
