"";"n1";"n10";"n11";"n12";"n13";"n14";"n15";"n16";"n17";"n18";"n19";"n2";"n20";"n21";"n22";"n23";"n3";"n4";"n5";"n6";"n7";"n8";"n9";"o1";"o10";"o11";"o12";"o13";"o14";"o15";"o16";"o17";"o18";"o19";"o2";"o20";"o21";"o22";"o3";"o4";"o5";"o6";"o7";"o8";"o9";"r1";"r2";"r3";"r4";"r5"
"w1  ";62;130;122;49;107;77;37;55;30;13;321;128;255;31;290;36;269;55;106;350;64;24;1;314;349;292;253;153;159;230;132;133;18;217;313;323;225;372;215;337;304;317;266;276;237;129;126;312;186;321
"w10";296;290;209;231;290;255;239;242;287;229;193;282;194;264;224;309;140;333;292;156;203;244;254;257;175;189;231;128;156;202;168;259;258;248;204;239;199;139;198;169;219;198;182;211;177;257;198;238;247;137
"w100";362;362;275;319;368;369;359;366;369;376;328;366;347;344;314;368;329;320;370;358;366;358;348;356;347;364;367;362;348;348;334;375;345;348;363;325;380;328;373;362;362;360;361;362;362;382;346;310;298;292
"w101";289;309;182;258;285;298;286;262;271;278;217;299;251;275;204;297;222;183;332;197;319;258;244;206;181;180;236;218;294;282;279;311;308;327;207;267;218;173;218;223;232;236;217;244;187;321;314;285;336;284
"w102";371;375;375;359;354;377;375;351;382;370;318;367;336;378;212;376;383;374;351;152;354;377;375;49;193;270;353;363;358;373;381;334;313;280;238;377;132;218;133;227;210;244;196;326;271;30;368;363;366;358
"w103";45;57;49;78;119;118;45;59;51;39;13;171;55;112;18;43;102;78;218;132;147;100;45;330;295;335;294;237;259;302;228;118;36;195;336;91;315;259;280;341;307;330;311;258;268;171;234;100;357;205
"w104";88;35;14;43;68;45;35;83;81;103;21;30;45;89;15;121;15;16;20;8;34;56;10;117;54;151;102;64;30;70;87;44;41;35;227;70;122;35;90;179;114;98;111;102;74;130;14;24;16;12
"w105";32;81;125;107;53;342;81;23;19;90;251;76;274;76;100;356;168;178;39;213;82;20;16;125;120;43;81;164;100;16;321;95;14;54;50;179;328;70;17;24;81;359;13;46;11;75;78;326;145;324
"w106";216;229;179;248;202;227;163;197;188;225;174;197;188;223;157;254;99;303;302;89;193;172;228;215;98;124;196;118;160;106;137;137;188;138;202;90;184;99;197;152;116;132;96;177;167;267;208;208;249;189
"w107";294;196;307;295;297;211;258;315;243;317;248;204;288;329;291;301;285;352;198;265;310;242;280;239;206;247;188;255;213;118;307;194;203;148;129;134;205;156;323;163;180;188;159;179;348;305;281;147;230;155
"w108";200;170;79;160;165;178;159;202;277;344;179;289;244;150;114;275;235;301;147;200;257;170;145;341;283;282;250;326;305;261;195;207;111;270;353;249;302;281;266;310;292;262;326;281;269;373;247;191;216;239
"w109";218;252;163;287;263;230;194;218;206;217;212;206;202;217;187;247;91;302;311;108;256;208;208;163;62;128;189;147;174;132;149;162;197;134;92;88;161;83;164;111;136;149;87;176;198;309;277;237;236;213
"w11";335;281;318;348;315;296;325;345;316;296;312;230;268;339;324;332;286;366;257;318;307;348;338;252;207;259;133;323;184;231;310;250;241;241;108;172;260;177;346;214;243;246;256;222;341;344;276;245;229;178
"w110";116;73;52;110;46;27;106;80;141;132;4;100;10;90;2;149;59;174;58;42;65;55;17;8;2;23;1;3;42;44;12;48;102;87;17;9;9;2;2;16;6;2;2;1;40;38;236;115;77;131
"w111";84;91;85;132;111;103;103;122;87;30;58;81;64;118;68;39;55;181;61;64;72;118;34;278;16;52;78;168;114;37;135;76;75;51;214;82;67;126;51;38;42;36;34;115;89;174;160;56;154;54
"w112";83;61;37;72;64;25;51;96;73;97;51;40;48;51;40;107;7;201;56;10;44;69;104;80;31;83;89;38;92;23;25;60;46;64;163;40;76;25;58;98;70;49;56;16;111;121;54;34;23;33
"w113";68;15;286;17;34;104;92;5;15;15;342;210;345;115;322;29;320;96;116;382;171;286;8;179;303;274;315;215;266;291;93;108;30;127;294;339;271;338;237;283;358;242;286;260;319;6;31;320;123;341
"w114";239;258;195;196;185;249;267;220;201;206;151;278;195;237;146;214;237;176;268;140;239;202;175;232;233;222;248;162;247;159;182;252;289;301;259;253;264;225;228;250;269;197;251;247;213;199;157;198;271;244
"w115";313;273;351;326;339;259;275;308;255;306;262;246;286;349;301;229;337;257;260;275;311;303;335;254;270;318;212;317;263;155;316;192;290;137;232;145;276;227;334;232;223;257;275;224;310;264;220;240;227;140
"w116";351;348;263;276;359;364;348;341;363;359;294;355;330;292;281;359;300;292;361;338;349;346;340;349;360;373;354;354;356;358;347;347;343;353;358;333;370;335;367;366;374;365;367;365;366;352;284;274;250;208
"w117";262;282;194;227;243;274;294;243;216;216;161;281;218;263;155;249;225;150;326;155;251;228;212;185;151;145;216;158;298;238;239;302;292;294;156;270;220;188;205;173;248;228;208;191;166;258;253;254;316;264
"w118";245;317;237;375;205;273;249;285;167;106;87;361;89;152;97;159;275;193;258;95;133;174;137;19;152;207;265;267;303;322;322;370;376;379;61;308;93;135;118;97;139;183;100;220;182;5;363;373;370;377
"w119";113;19;58;65;145;173;69;76;31;7;70;254;49;114;82;20;179;138;214;221;115;82;110;319;322;342;316;274;317;315;204;146;171;218;305;236;317;291;273;312;336;337;341;307;325;93;88;122;299;150
"w12";150;218;126;139;175;162;166;148;322;308;182;202;220;148;119;197;215;261;109;239;199;235;150;355;301;297;279;324;282;310;256;322;154;299;352;268;326;287;283;325;344;277;329;342;339;369;278;172;182;270
"w120";36;11;21;30;20;87;18;32;32;47;8;22;30;65;22;85;30;9;17;6;10;41;35;79;135;179;106;59;36;26;63;39;133;3;205;55;125;62;135;196;131;122;116;93;80;62;5;9;14;13
"w121";43;46;214;42;44;43;75;6;8;61;184;91;214;64;115;4;233;44;280;384;77;4;78;34;305;35;57;140;90;5;112;330;51;86;4;144;35;273;53;30;47;11;279;6;41;278;48;317;112;325
"w122";197;197;95;194;184;171;222;152;205;179;120;174;152;183;136;200;129;109;279;88;169;151;164;212;143;120;191;91;128;78;109;132;184;200;114;189;178;115;161;94;172;110;188;133;170;191;129;145;222;147
"w123";282;165;301;313;274;185;232;292;269;298;266;178;284;315;286;236;273;211;161;262;268;266;290;189;214;220;79;212;171;65;269;190;221;164;66;103;215;157;270;172;154;172;209;160;265;292;135;186;202;144
"w124";180;172;74;245;150;201;288;229;282;271;178;323;181;140;138;328;284;198;227;210;232;240;189;337;319;285;304;337;262;242;200;180;153;305;327;283;309;318;288;331;339;308;337;296;293;333;161;168;184;169
"w125";189;222;89;200;225;193;261;168;204;193;148;177;187;177;130;232;113;151;299;113;220;184;182;144;73;117;140;105;139;126;120;131;186;213;54;194;163;85;148;83;142;145;146;142;190;244;231;180;211;172
"w126";56;24;50;96;9;113;88;86;95;73;1;86;2;15;27;126;98;17;108;72;59;77;13;5;25;26;18;34;26;49;4;5;70;2;11;17;21;22;24;15;14;29;22;37;107;14;83;51;43;79
"w127";125;72;111;105;102;64;99;17;41;25;86;94;16;52;84;9;118;57;64;74;116;109;42;258;82;56;59;106;84;29;102;6;128;92;117;148;47;87;69;49;58;60;72;60;105;69;73;49;120;37
"w128";57;40;36;35;22;49;12;66;64;43;38;51;18;32;62;92;38;40;83;26;9;29;52;68;97;91;85;28;48;6;14;31;65;27;130;29;66;36;98;135;78;72;90;39;118;79;18;15;10;16
"w129";27;134;259;99;81;86;68;95;3;12;320;53;328;77;251;40;303;43;93;363;80;31;15;280;345;344;260;156;190;174;141;337;2;154;355;332;212;366;260;339;262;285;351;212;224;68;123;325;258;345
"w13";325;286;230;244;302;268;253;256;293;251;196;262;210;252;238;329;141;324;309;180;226;263;282;197;131;154;201;185;172;186;186;261;237;243;75;235;180;121;189;128;209;201;119;187;141;324;261;256;205;215
"w130";302;315;217;212;255;312;264;266;270;255;229;310;174;293;237;290;200;206;192;207;225;275;253;302;243;254;309;247;287;289;257;310;328;278;273;266;268;224;258;270;285;279;274;290;219;302;302;241;327;231
"w131";342;275;333;352;338;305;347;337;309;327;283;296;311;356;338;288;331;297;307;314;337;336;353;292;253;300;222;348;276;269;331;248;324;269;257;242;334;243;350;298;286;310;318;293;353;343;336;287;278;175
"w132";365;366;291;364;363;370;368;362;372;374;334;364;349;330;330;371;343;313;368;348;357;368;352;372;352;362;350;358;350;354;357;368;357;356;369;345;382;326;378;358;367;367;372;368;371;372;352;301;326;299
"w133";309;306;231;273;316;311;287;276;294;285;235;312;184;310;255;282;194;222;317;227;298;309;295;248;169;218;245;258;310;285;264;324;342;262;220;255;238;203;226;207;250;266;220;263;197;332;329;257;321;271
"w134";377;376;374;366;377;359;374;298;374;316;268;354;290;377;148;380;380;354;345;116;340;373;368;55;208;308;357;351;362;371;378;340;330;335;248;370;177;262;168;254;241;303;221;336;273;44;371;362;363;359
"w135";90;98;69;109;105;120;53;81;43;48;69;196;92;126;42;24;117;91;223;206;132;107;114;332;307;356;320;201;249;301;282;147;151;268;343;169;306;267;287;351;319;348;307;319;276;179;292;162;343;118
"w136";59;77;18;34;70;92;60;54;107;118;49;16;37;100;47;109;17;29;22;27;46;68;81;129;81;141;136;72;54;124;101;62;93;59;230;71;165;50;106;209;137;148;139;97;83;159;41;32;90;26
"w137";15;78;208;77;29;9;27;16;2;52;237;47;231;2;103;18;136;212;143;268;2;27;165;143;76;33;139;155;130;212;129;93;6;157;67;174;51;78;26;294;73;182;44;118;16;144;92;321;143;323
"w138";232;264;247;253;304;262;168;236;272;260;208;191;117;259;235;235;103;337;305;183;206;233;275;233;139;190;228;151;199;200;199;249;279;171;160;135;190;108;192;161;214;200;175;202;144;287;235;212;255;184
"w139";290;162;300;310;292;248;304;314;263;310;269;205;275;328;295;230;301;370;226;291;314;281;257;255;198;268;154;262;243;207;306;221;250;228;124;165;265;191;329;228;184;248;239;233;266;325;289;264;179;145
"w14";134;116;68;104;67;37;101;107;296;155;54;116;35;47;3;156;66;108;72;29;114;136;44;18;5;2;8;14;1;50;26;16;22;38;10;5;1;5;4;3;3;18;5;3;3;33;341;306;174;210
"w140";155;164;155;143;159;144;173;195;331;343;201;221;215;139;116;284;189;278;126;236;261;245;149;346;300;303;288;306;290;325;252;313;198;296;341;285;307;290;272;334;348;268;323;312;336;363;298;159;239;274
"w141";249;254;253;278;324;267;236;228;280;286;181;213;141;304;240;257;121;347;321;214;270;269;271;180;136;194;225;192;163;208;201;258;248;116;110;157;187;124;177;120;187;211;137;204;162;312;275;219;251;223
"w142";135;125;63;97;35;4;109;60;184;102;10;74;7;92;6;154;60;199;35;57;19;131;56;20;6;3;7;11;3;32;24;22;9;60;16;4;16;10;5;5;17;38;14;11;7;50;300;243;84;116
"w143";81;120;84;116;47;63;127;77;23;62;72;68;60;33;79;97;77;186;37;59;12;70;115;286;59;38;93;188;115;246;121;164;68;120;166;127;79;123;49;68;76;75;62;119;42;207;172;67;195;74
"w144";42;83;41;59;84;83;46;84;119;127;48;55;44;40;57;75;19;247;34;47;30;90;122;118;45;111;100;50;37;58;52;68;25;83;157;52;108;32;75;158;105;97;83;44;28;161;70;41;48;47
"w145";7;4;284;60;18;132;72;31;5;6;319;77;317;111;327;15;342;99;140;308;111;17;121;155;289;291;287;251;271;304;173;117;17;226;280;367;357;336;236;355;378;287;272;360;267;74;57;327;117;328
"w146";246;246;158;137;186;261;184;212;197;199;165;242;127;245;236;186;191;141;142;142;173;193;191;214;263;219;264;225;264;278;238;274;315;267;251;225;228;255;240;239;266;239;248;285;240;209;213;149;306;233
"w147";303;176;347;330;326;232;331;342;234;276;272;219;263;355;307;172;310;249;230;310;282;285;306;250;250;289;170;320;217;252;332;212;317;182;174;195;275;257;336;264;237;274;281;253;324;286;262;226;106;157
"w148";341;343;264;323;336;355;341;318;364;333;291;347;323;295;264;351;298;268;353;316;343;334;314;361;370;366;361;360;355;345;336;345;366;358;366;352;369;349;371;368;375;378;368;372;370;327;294;293;335;262
"w149";264;267;175;234;270;278;214;260;236;240;200;280;122;299;249;213;201;163;282;173;253;260;277;173;219;196;226;231;273;260;237;315;284;247;152;241;221;223;200;174;230;224;200;221;173;291;295;199;285;260
"w15";19;139;112;125;133;85;146;119;70;18;50;75;40;85;75;30;81;90;15;53;95;101;94;299;60;50;97;180;104;239;147;199;62;172;198;116;94;132;54;60;80;62;59;114;49;180;119;92;141;87
"w150";152;158;168;346;129;256;154;149;65;56;61;333;29;137;74;129;180;128;156;80;126;128;130;33;180;192;273;253;242;320;312;354;364;380;153;301;95;169;154;156;143;194;109;223;194;18;362;364;374;368
"w151";117;26;71;63;65;238;96;35;103;33;88;180;95;127;112;49;173;244;206;208;146;105;142;317;317;316;346;272;324;324;222;148;158;266;302;260;299;310;278;313;314;334;320;335;305;142;168;84;253;101
"w152";14;30;16;5;14;48;41;26;69;75;46;3;19;75;73;61;34;27;4;28;29;26;98;116;170;163;121;53;31;109;74;27;110;9;223;68;148;75;163;230;166;164;132;112;120;105;19;12;66;9
"w153";3;7;240;1;10;88;4;244;6;24;210;71;223;13;111;53;226;46;32;166;113;9;58;52;167;42;87;85;288;211;98;139;78;324;3;197;33;317;277;34;29;47;37;349;29;379;51;343;110;332
"w154";201;192;98;174;221;183;160;186;215;212;157;126;135;234;190;183;137;123;281;159;174;182;226;184;191;162;193;112;151;166;174;235;275;129;72;207;172;187;156;137;169;176;228;174;143;220;150;135;235;149
"w155";275;145;316;299;271;217;299;332;262;274;257;155;264;319;334;192;247;173;200;280;255;256;297;204;201;253;120;217;162;165;298;191;296;160;79;201;231;216;331;192;194;212;238;195;212;308;242;193;144;153
"w156";173;204;143;185;163;200;195;143;311;231;225;304;224;130;117;323;262;88;170;249;197;191;158;348;335;320;324;319;306;338;270;329;260;329;321;306;308;313;286;333;354;298;350;298;347;225;225;128;207;237
"w157";234;219;104;207;258;197;178;238;232;252;170;145;111;285;203;216;145;145;306;184;248;246;246;150;165;156;200;152;143;191;179;225;264;132;55;168;173;165;144;99;163;181;186;175;138;289;218;154;228;192
"w158";33;2;54;52;1;97;47;11;28;34;28;31;28;6;21;84;134;68;49;68;1;46;46;12;41;21;28;9;45;107;22;56;29;57;46;58;32;63;48;22;28;51;32;83;59;24;149;61;53;76
"w159";80;5;78;82;79;42;102;4;66;81;89;45;78;16;93;47;79;71;63;73;71;50;72;269;99;62;64;122;110;204;113;185;104;143;121;196;55;120;84;58;59;76;86;64;109;151;81;46;163;63
"w16";106;95;39;55;93;89;83;109;123;139;79;72;71;54;80;140;18;228;45;30;86;113;125;120;55;99;75;39;20;72;34;75;32;73;162;34;101;31;72;170;88;89;82;42;39;154;60;42;44;32
"w160";12;6;25;8;27;53;30;40;86;79;63;50;14;26;66;58;46;61;52;55;7;13;109;91;121;131;126;36;73;85;43;63;87;70;170;50;96;64;137;177;110;111;135;95;58;111;38;21;24;15
"w161";55;135;295;37;113;82;336;79;34;19;296;132;350;12;270;14;335;73;120;359;99;59;3;282;343;269;241;179;239;167;162;332;168;163;296;341;278;377;234;338;356;296;343;180;236;95;97;336;92;335
"w162";248;279;215;238;191;264;303;240;202;218;209;328;226;233;192;228;190;148;277;130;241;254;205;279;222;234;251;243;269;273;242;254;283;318;268;256;241;210;251;289;293;243;264;284;241;306;280;220;259;232
"w163";330;300;329;328;335;314;323;333;278;337;275;279;320;358;296;237;358;275;273;296;331;297;324;290;256;330;227;321;285;268;317;285;281;147;254;164;301;231;330;252;212;291;255;282;314;339;282;251;289;218
"w164";364;354;274;316;366;363;358;359;368;372;329;356;346;323;309;369;318;266;364;344;350;362;341;347;346;361;359;352;352;347;330;372;339;345;361;328;375;330;366;359;359;357;360;359;361;380;332;305;296;290
"w165";268;289;244;268;277;300;316;272;221;259;206;319;234;297;211;263;188;200;294;147;294;270;266;220;146;199;235;244;267;254;231;278;312;336;216;271;200;153;224;199;244;213;216;236;189;319;286;236;302;257
"w166";378;382;376;241;378;362;378;352;373;315;204;369;236;376;122;377;375;331;336;134;332;378;326;39;133;252;345;349;354;370;377;342;332;291;190;383;111;170;103;206;179;218;148;303;235;48;367;357;369;366
"w167";87;67;57;56;124;119;21;71;61;40;17;147;84;104;29;80;87;86;172;182;125;104;59;326;296;325;301;254;255;296;227;107;15;178;344;97;313;261;319;345;308;321;308;262;272;176;244;114;348;211
"w168";65;48;15;31;56;32;43;51;85;85;23;28;33;88;13;91;6;14;11;22;18;54;4;103;49;143;118;69;32;60;81;47;44;17;228;49;119;40;91;191;107;108;112;77;81;140;34;40;69;19
"w169";70;340;235;69;26;111;38;282;26;26;236;105;265;53;96;32;122;190;51;272;79;28;102;147;96;51;83;150;109;57;40;98;34;78;88;141;54;69;27;281;320;332;9;63;46;89;114;324;158;340
"w17";30;54;261;9;17;336;5;9;4;4;337;102;307;36;326;23;290;80;101;354;78;3;97;200;334;275;283;207;281;297;167;335;261;181;306;330;354;371;359;357;290;316;378;280;280;10;24;335;41;313
"w170";241;270;169;209;231;210;164;208;172;202;134;229;172;258;163;255;75;276;290;100;221;175;234;207;113;164;211;157;203;80;161;179;192;133;169;109;185;90;206;127;173;150;128;158;188;276;201;131;199;154
"w171";285;167;305;291;311;208;280;297;257;340;256;195;296;325;273;173;288;348;185;250;309;259;256;240;184;238;156;242;227;111;296;245;234;159;172;146;249;164;261;178;181;189;174;186;333;334;264;262;201;110
"w172";194;160;88;166;154;195;165;180;305;341;172;284;213;149;107;258;210;271;153;237;236;173;144;342;284;280;261;327;319;272;223;153;131;275;347;240;303;283;268;308;294;264;331;291;279;364;243;206;248;252
"w173";228;295;197;229;267;251;177;234;199;222;159;231;185;251;159;277;97;264;313;90;285;206;214;177;72;158;187;176;214;108;159;200;199;142;109;120;167;82;171;104;108;167;138;183;192;307;215;183;232;151
"w174";99;87;64;106;15;13;115;69;133;76;3;104;6;74;1;148;56;170;88;45;56;60;41;11;9;30;2;15;64;55;5;23;95;91;18;14;14;3;7;19;13;5;4;7;65;52;238;108;64;120
"w175";129;112;86;115;80;36;108;116;98;112;41;56;88;110;78;27;69;153;90;63;120;63;75;270;22;58;80;178;119;40;136;71;113;65;186;84;61;100;44;45;50;48;45;122;102;203;217;60;97;53
"w176";67;33;43;54;31;14;65;94;90;108;25;35;27;73;28;70;9;129;69;31;36;80;88;84;38;95;88;23;88;51;46;79;94;45;151;56;75;24;61;112;72;52;60;31;129;133;61;47;28;44
"w177";78;41;280;62;74;152;34;291;10;35;311;137;331;25;306;16;366;84;122;364;143;71;91;172;291;239;286;230;279;255;191;106;84;165;368;344;217;340;216;274;255;247;253;241;221;70;53;322;124;331
"w178";208;251;162;183;160;246;265;189;151;169;150;326;193;180;199;171;212;112;262;167;263;203;179;244;221;223;239;190;241;206;185;255;297;309;260;245;239;236;238;268;249;203;241;246;208;229;206;134;231;182
"w179";253;198;336;308;328;207;322;317;228;297;224;236;300;334;283;201;325;234;240;278;278;296;288;219;264;302;169;312;252;146;300;265;262;146;189;160;279;217;338;221;224;254;250;243;303;262;230;252;234;177
"w18";312;307;192;237;232;297;241;247;217;208;192;268;160;253;234;233;234;213;236;175;167;219;232;263;285;265;293;236;236;243;189;308;242;274;266;282;270;264;256;282;267;259;247;289;249;202;154;194;264;121
"w180";340;345;257;312;352;357;342;296;359;349;292;348;312;265;268;353;270;251;357;326;344;341;311;344;357;372;352;353;353;351;333;349;336;352;359;327;366;333;363;364;369;363;365;361;365;330;248;266;260;221
"w181";223;234;213;235;215;245;292;252;194;189;173;317;208;260;191;210;205;158;261;193;258;252;241;190;114;166;217;204;244;224;215;244;299;302;161;261;198;190;203;167;221;207;207;200;171;271;228;184;275;225
"w182";162;182;180;360;157;250;219;179;115;99;81;336;77;142;69;122;228;152;191;101;128;142;134;26;129;188;249;220;291;299;301;353;361;381;95;298;80;130;124;90;92;178;88;213;159;17;365;366;381;381
"w183";93;75;62;51;130;192;80;30;39;66;78;239;83;116;94;52;185;157;184;256;148;116;123;311;308;324;328;289;330;317;208;155;165;237;298;216;291;295;264;285;310;320;319;297;329;116;93;102;324;135
"w184";44;28;22;33;24;84;25;63;54;42;19;13;41;91;30;69;23;22;9;20;15;36;25;86;134;167;115;68;24;41;49;30;80;8;209;32;120;57;139;198;135;137;113;98;85;106;13;18;57;27
"w185";114;69;249;27;58;16;63;14;17;69;139;93;197;98;221;13;231;35;46;240;122;8;31;38;108;49;56;102;96;42;70;46;53;106;13;137;333;248;28;37;30;361;29;65;52;376;79;302;130;327
"w186";205;224;131;173;194;163;202;193;158;171;121;199;182;203;134;167;126;93;265;114;187;160;168;195;161;114;210;137;173;95;153;144;190;212;132;167;135;136;170;130;155;140;205;126;175;221;131;97;173;132
"w187";266;161;323;289;300;164;274;304;214;281;183;190;280;324;269;211;296;144;165;259;274;273;304;186;237;208;92;149;194;92;292;216;218;180;103;156;203;181;265;182;141;173;206;149;261;255;170;157;177;84
"w188";172;150;81;225;134;221;237;191;315;227;141;311;155;134;140;306;274;146;204;229;247;231;176;339;327;309;300;340;270;265;267;150;138;297;325;302;298;315;285;330;351;323;339;278;294;266;186;139;225;196
"w189";215;253;124;205;244;175;259;201;191;183;133;209;201;213;153;205;105;116;303;94;264;196;171;162;87;118;150;146;198;98;145;171;185;202;58;180;140;110;155;106;186;168;150;148;181;260;159;120;214;133
"w19";327;318;365;362;351;340;340;367;300;302;333;290;287;362;358;246;361;311;325;327;291;353;363;261;271;306;173;342;272;263;341;270;334;271;233;214;338;254;355;295;271;283;302;300;354;297;301;235;283;163
"w190";63;47;48;103;8;106;87;70;68;37;7;110;11;38;24;115;109;21;111;71;57;99;9;13;28;40;21;54;62;79;8;3;109;24;29;22;27;37;38;29;23;44;30;58;122;41;101;57;42;62
"w191";128;90;93;94;60;46;143;25;42;95;76;83;69;96;83;34;108;52;65;78;105;98;79;247;93;65;38;117;91;74;144;50;141;84;104;152;49;80;73;57;64;66;102;69;124;101;133;62;82;52
"w192";39;39;31;26;21;70;24;72;84;88;15;57;17;45;59;59;39;33;55;35;17;48;67;93;109;101;108;37;85;17;31;53;83;47;165;37;100;45;101;151;93;88;114;50;121;126;39;36;17;11
"w193";158;175;373;210;177;242;256;169;190;159;379;330;362;170;378;152;367;127;348;379;142;147;127;310;359;341;355;214;228;318;261;341;215;351;357;371;227;379;248;299;357;351;283;346;218;158;287;351;244;361
"w194";321;329;234;288;307;322;305;261;283;258;214;306;217;309;259;303;236;220;295;243;190;314;292;304;232;273;303;296;212;288;232;320;333;339;290;254;282;229;254;305;300;273;295;331;256;261;333;232;356;288
"w195";320;330;349;361;344;337;333;355;312;326;323;291;321;373;350;318;326;306;338;329;317;333;366;298;267;331;218;344;328;290;339;271;322;255;240;193;305;237;360;292;297;315;297;292;356;315;319;277;276;268
"w196";353;363;310;357;371;372;369;370;335;366;352;372;344;369;362;349;364;372;380;353;374;366;372;384;384;384;384;382;384;376;374;376;374;374;384;382;378;383;380;384;383;384;384;384;384;374;254;292;127;130
"w197";284;287;147;239;276;285;262;209;235;221;166;257;173;277;247;240;199;226;275;216;165;267;274;151;142;182;206;219;208;250;210;301;293;306;99;232;195;163;186;150;195;187;161;203;155;228;271;132;345;261
"w198";379;377;379;368;379;380;379;380;380;383;384;376;384;379;383;379;377;383;384;328;384;380;381;99;281;360;381;384;383;384;376;336;353;328;287;365;235;302;212;306;302;340;309;357;359;80;375;369;371;374
"w199";131;189;154;158;192;325;132;158;150;152;136;201;158;280;160;99;153;263;341;317;198;216;224;336;312;352;323;252;327;312;318;211;136;236;332;166;332;278;309;349;333;347;316;329;281;135;349;299;252;240
"w2";350;336;238;292;303;326;312;269;298;264;230;313;219;291;261;313;246;252;274;232;229;276;268;309;258;279;331;273;300;293;246;325;329;317;286;294;283;252;275;314;301;278;298;324;274;259;296;280;297;222
"w20";329;338;262;297;349;354;337;361;351;319;246;353;314;335;274;319;297;327;366;349;345;330;339;366;375;380;372;373;359;357;353;352;368;360;371;354;377;356;381;374;380;379;376;378;375;356;325;295;323;245
"w200";82;62;6;25;92;60;85;91;121;130;52;14;85;101;34;132;14;25;13;24;70;106;66;123;74;150;112;81;57;129;122;88;81;68;225;76;147;38;121;195;130;125;129;92;72;137;36;23;61;46
"w201";132;154;270;113;55;3;91;115;137;167;368;182;370;146;370;137;336;305;27;336;158;139;136;171;286;18;26;58;29;184;143;130;1;189;146;289;38;284;15;277;38;10;21;38;25;328;98;346;21;349
"w202";233;250;206;219;240;219;201;222;231;235;186;211;164;224;242;312;128;361;149;126;157;226;319;209;125;139;204;132;146;216;183;299;212;230;177;133;145;128;183;144;208;141;147;165;183;265;255;140;304;90
"w203";261;238;306;318;260;254;281;303;291;273;276;139;279;283;317;271;312;358;176;266;288;324;312;228;155;231;71;246;215;214;308;175;225;193;89;123;243;146;317;194;190;199;224;181;289;313;241;253;135;136
"w204";367;361;130;363;179;318;335;311;350;367;353;342;342;194;366;360;355;336;124;196;375;367;364;377;324;286;330;318;365;368;358;357;211;347;365;353;355;314;356;307;343;292;357;345;355;365;136;270;192;207
"w205";220;266;201;223;273;220;186;206;242;224;194;234;150;229;216;311;135;367;155;143;179;255;305;107;53;105;174;142;123;189;138;296;174;227;32;113;130;92;88;76;151;147;97;166;146;230;252;137;286;97
"w206";260;302;145;286;299;121;302;295;371;345;264;134;249;207;150;363;68;364;145;99;327;338;283;23;10;4;10;22;4;64;54;67;24;16;15;3;4;9;6;8;1;31;11;35;2;82;360;330;197;326
"w207";109;114;80;141;128;74;107;131;145;156;95;89;101;59;64;63;53;289;30;76;168;134;128;272;69;59;29;187;49;187;106;138;63;109;140;93;72;102;36;62;65;68;55;104;47;163;163;91;168;85
"w208";105;92;44;81;118;29;55;87;134;136;67;66;62;66;55;151;25;319;54;40;75;102;138;98;37;73;62;24;16;69;67;58;28;82;135;20;86;21;71;109;77;77;65;12;15;127;65;44;30;38
"w209";136;274;360;163;241;224;188;140;128;92;377;331;363;196;381;89;372;82;304;383;135;192;174;325;355;249;268;173;334;279;234;280;182;340;350;342;349;382;335;262;273;362;336;358;222;25;323;355;164;364
"w21";318;328;223;279;291;308;298;265;253;242;195;294;191;301;241;294;227;205;323;220;219;294;291;199;210;202;229;235;251;281;225;323;310;287;139;286;230;244;207;212;235;241;232;242;201;277;297;242;288;193
"w210";267;292;242;236;239;272;224;216;193;188;203;287;156;288;248;218;181;169;249;215;140;261;249;235;278;245;267;256;167;217;187;305;303;314;265;272;262;260;250;287;284;209;258;283;209;200;257;116;337;227
"w211";328;268;361;344;340;319;343;343;246;262;315;220;261;360;347;273;333;281;293;306;245;320;351;243;247;283;167;333;234;240;323;267;335;211;191;176;292;256;353;265;252;294;268;256;343;215;256;225;274;209
"w212";356;364;304;347;372;374;373;365;319;353;354;371;337;370;363;326;369;351;379;362;369;369;371;383;383;382;383;383;382;374;372;369;378;368;383;378;379;384;383;383;384;383;383;383;383;355;200;297;181;125
"w213";224;237;210;190;217;222;211;184;183;175;156;260;125;250;223;179;163;209;238;179;152;195;230;70;177;147;152;213;186;182;178;294;277;288;53;262;170;234;190;85;160;163;122;178;148;166;199;89;322;195
"w214";370;374;372;376;370;352;376;378;361;318;307;384;297;368;279;364;354;329;352;261;330;371;342;40;223;255;343;341;346;350;361;384;381;372;200;338;154;247;191;185;222;251;234;273;257;4;381;377;380;378
"w215";139;153;181;149;166;333;133;141;104;84;160;187;105;232;193;25;192;273;320;303;149;158;195;320;333;351;344;301;337;331;295;125;176;250;326;221;342;306;328;340;352;352;356;323;327;42;322;214;237;103
"w216";38;27;10;10;51;93;23;33;52;74;42;10;53;69;38;82;32;10;23;19;14;47;80;138;190;193;119;67;40;100;94;40;125;74;239;66;171;76;175;215;164;179;162;125;112;56;4;1;45;14
"w217";115;142;366;108;127;21;119;118;129;51;370;108;369;37;369;139;287;72;41;321;139;121;87;46;320;31;50;62;97;82;86;92;72;136;219;336;29;343;43;26;21;20;99;4;1;22;55;350;3;343
"w218";199;235;149;193;183;196;191;159;189;192;147;148;151;165;217;207;152;126;127;102;134;199;223;152;145;119;162;101;120;161;150;283;178;177;60;143;124;174;112;96;112;100;194;152;90;178;138;90;272;77
"w219";269;149;342;304;268;228;297;321;264;254;304;118;252;266;310;239;256;171;154;260;254;308;323;158;174;230;41;211;178;192;245;206;270;112;34;142;202;178;291;157;138;158;184;157;255;233;214;190;91;95
"w22";344;339;283;378;210;338;330;344;165;125;102;382;81;240;102;178;321;188;329;129;138;248;190;24;196;225;335;307;325;343;349;383;382;366;131;335;114;206;181;181;188;229;202;230;220;2;364;370;331;367
"w220";363;368;341;356;357;323;371;368;342;362;355;346;340;157;364;341;363;118;123;194;370;365;373;374;344;276;339;304;363;364;350;350;238;343;356;359;356;329;357;296;328;276;358;344;351;342;56;170;140;138
"w221";168;206;137;189;196;184;175;156;195;172;140;133;133;164;174;194;147;135;136;117;160;179;225;57;119;106;137;126;106;177;108;284;166;156;6;140;71;142;80;70;91;115;94;132;88;172;132;83;262;78
"w222";230;293;246;282;237;252;268;327;332;247;252;88;209;160;194;340;95;253;162;136;204;284;167;6;40;11;32;31;8;125;9;51;126;39;27;24;12;54;32;2;11;27;33;52;27;16;331;211;156;306
"w223";52;127;109;121;83;8;84;138;120;142;100;11;99;44;95;11;58;56;81;77;121;92;5;242;104;66;34;93;51;199;48;142;116;76;68;171;40;129;96;52;40;58;73;28;44;83;100;68;109;61
"w224";26;22;33;41;38;41;9;42;91;87;43;44;57;22;50;106;48;50;77;50;21;12;64;67;106;85;73;4;12;19;35;43;123;55;100;42;78;46;105;102;84;79;85;49;18;57;23;8;6;6
"w225";274;141;363;306;161;213;245;245;207;143;378;332;373;186;380;157;371;221;248;378;112;205;135;284;374;343;291;259;240;346;251;136;230;282;295;366;348;368;235;365;227;366;252;239;210;173;227;359;224;365
"w226";288;296;229;271;284;287;291;230;240;243;187;309;211;257;226;291;213;192;246;226;240;238;258;253;229;251;280;226;231;233;250;306;311;325;275;229;242;205;227;280;280;233;284;268;250;290;304;268;351;293
"w227";338;327;340;349;341;309;320;350;308;321;293;273;305;359;343;308;341;283;272;324;321;327;337;291;252;337;240;332;326;247;314;256;233;216;261;192;304;245;339;258;236;270;246;252;335;300;266;248;305;281
"w228";334;360;287;345;364;368;362;357;337;361;346;359;335;366;352;345;356;371;375;351;371;360;359;382;381;383;382;381;381;369;371;371;373;365;382;376;374;380;372;381;381;381;381;381;382;366;233;188;200;166
"w229";258;223;152;213;230;234;230;192;198;215;142;297;179;218;209;234;198;194;221;224;214;220;243;124;84;140;213;200;219;203;214;281;294;320;119;205;156;143;151;141;165;160;164;168;134;235;178;213;349;277
"w23";86;14;72;73;126;214;117;13;74;3;77;158;54;128;99;6;155;136;178;217;47;52;119;323;328;345;341;290;333;329;277;202;152;246;323;247;350;293;325;335;350;353;354;320;320;107;117;223;301;162
"w230";382;379;384;372;380;383;380;381;383;384;380;378;383;380;375;381;381;381;383;331;383;381;383;60;254;322;368;377;376;380;380;346;365;342;271;381;193;280;185;244;240;305;277;353;349;97;373;372;372;372
"w231";149;155;171;164;173;313;139;144;157;154;116;247;136;242;128;134;154;248;347;312;201;241;183;329;298;333;311;269;312;298;284;143;45;221;342;119;324;269;276;343;323;339;306;272;263;100;324;271;221;206
"w232";77;53;4;20;75;35;76;108;110;121;26;9;73;86;20;131;13;5;10;2;32;73;27;106;64;161;122;78;75;110;100;78;60;50;218;59;118;28;109;175;101;94;101;75;54;132;17;30;75;39
"w233";140;129;327;120;135;114;150;97;153;131;373;124;360;109;368;142;280;166;79;341;123;135;84;176;159;24;44;99;55;43;164;114;54;63;37;231;39;353;29;53;33;8;16;26;36;65;128;347;152;363
"w234";198;226;167;221;197;149;182;157;267;245;135;168;163;211;165;272;72;307;166;115;228;149;203;154;56;92;157;120;181;99;123;176;201;113;180;96;134;91;146;100;87;103;117;134;163;247;205;163;238;180
"w235";237;180;303;321;281;241;225;294;254;280;265;194;283;302;328;260;264;287;173;258;313;271;248;210;154;172;74;216;223;128;281;189;172;117;101;79;214;152;307;117;118;118;197;147;285;303;197;209;94;200
"w236";360;356;139;355;151;294;334;284;353;364;350;345;332;230;361;362;258;272;229;234;367;306;360;367;294;203;337;311;332;308;345;333;163;238;360;288;353;321;351;240;254;214;355;317;308;361;148;259;138;160
"w237";195;209;142;255;250;169;183;198;238;244;127;175;161;190;144;285;82;291;213;92;249;181;235;94;36;89;153;130;157;54;133;178;187;111;57;99;116;67;89;80;95;105;47;128;178;223;192;151;263;176
"w238";270;303;203;290;264;166;317;322;354;346;231;113;222;212;164;357;78;342;128;91;277;313;227;9;4;8;9;21;83;73;13;103;135;66;20;11;3;4;8;12;2;3;3;5;68;119;353;311;146;316
"w239";101;128;87;152;100;90;105;135;179;153;85;46;97;119;92;111;44;216;76;61;159;125;96;266;13;78;27;119;111;75;64;37;61;89;196;47;58;112;45;36;31;21;28;67;69;156;188;73;86;68
"w24";40;34;26;23;54;107;48;49;57;53;57;25;82;84;63;81;49;15;31;25;51;45;105;113;186;171;134;60;74;114;69;14;148;36;234;64;169;81;173;218;153;151;172;116;96;88;1;2;22;2
"w240";91;85;47;70;106;24;67;110;113;122;44;41;67;67;37;145;16;232;91;34;48;66;113;76;20;67;36;19;94;22;56;89;92;33;138;27;69;14;63;77;53;32;40;10;99;120;45;39;9;34
"w241";153;325;371;151;174;339;151;226;130;120;376;267;358;269;384;117;347;76;256;372;73;145;279;273;380;241;290;303;253;244;253;181;144;350;310;348;360;378;210;353;327;265;235;339;195;9;110;361;89;344
"w242";277;247;241;216;220;204;238;188;196;195;153;277;178;209;210;226;171;180;194;188;189;204;219;136;239;228;271;191;209;190;206;257;287;290;252;226;257;200;219;256;259;193;227;219;233;219;224;215;328;275
"w243";298;259;339;335;330;289;285;299;252;272;282;214;267;354;335;250;328;270;286;304;269;315;333;262;260;304;165;297;238;137;315;237;288;203;203;158;253;230;341;236;225;255;240;206;307;263;175;284;176;185
"w244";345;351;285;338;365;365;363;349;321;354;345;363;333;365;355;317;362;346;377;352;362;361;358;381;382;381;380;378;379;372;370;365;371;361;381;368;373;381;374;380;382;382;382;382;381;350;209;244;159;124
"w245";255;202;204;188;198;212;204;165;163;180;114;250;169;181;183;198;160;177;193;181;188;178;220;51;140;98;172;186;201;176;181;226;286;289;76;217;146;155;145;86;175;126;142;131;123;170;107;164;330;259
"w246";376;378;370;379;376;353;377;377;366;356;308;381;324;371;272;370;344;344;346;273;342;372;362;22;216;237;302;330;344;342;359;381;383;377;147;315;107;195;132;176;149;252;195;269;227;15;376;383;378;379
"w247";144;140;123;136;164;317;145;136;139;137;125;240;110;192;127;72;206;230;344;294;154;165;186;316;330;355;321;316;345;323;290;126;160;254;315;244;340;297;322;336;346;342;352;302;313;19;293;273;180;96
"w248";64;16;11;24;39;91;22;64;71;65;18;8;47;49;17;94;28;3;16;5;3;34;18;74;137;155;104;47;27;31;73;10;47;20;201;45;128;47;150;187;109;116;123;99;55;55;2;7;65;29
"w249";137;131;355;101;101;68;144;111;116;59;382;114;353;61;266;130;279;64;105;347;117;124;99;44;279;25;69;70;107;1;90;61;13;104;192;317;30;327;52;48;24;336;35;17;48;21;35;333;113;354
"w25";2;1;252;4;6;5;1;2;13;1;356;98;318;8;166;3;232;28;19;212;87;1;22;21;160;34;15;83;86;201;51;83;57;161;1;186;23;189;20;7;311;16;276;348;5;40;15;307;25;336
"w250";170;190;120;154;181;139;203;171;173;209;106;159;159;169;129;222;164;133;159;121;205;166;184;75;116;90;166;87;141;45;78;145;191;196;115;121;104;125;108;87;96;78;179;94;152;192;120;109;208;146
"w251";196;195;343;315;211;202;231;293;218;269;273;130;289;261;294;220;220;224;158;255;260;289;303;165;188;138;70;167;168;28;221;161;189;158;86;115;192;159;290;95;106;109;183;124;247;224;141;144;72;115
"w252";354;357;330;343;132;279;357;354;344;360;347;351;325;226;360;335;283;143;266;228;358;363;349;364;338;198;342;298;329;292;343;328;167;322;354;346;351;323;352;317;321;250;359;334;316;323;71;169;100;134
"w253";178;183;128;178;207;161;217;146;155;207;104;179;168;167;120;209;157;156;188;107;212;157;211;29;42;81;113;89;133;61;88;140;175;184;35;117;81;86;74;71;86;82;78;91;137;177;111;96;242;143
"w254";300;311;251;260;242;284;301;329;348;291;267;107;212;174;196;355;131;258;177;174;279;311;166;7;19;12;11;43;9;77;6;81;120;4;22;16;10;27;31;20;16;15;38;36;86;28;337;201;114;312
"w255";110;119;119;133;95;47;129;134;143;147;99;54;91;68;85;113;74;30;99;83;141;123;74;225;79;70;13;94;80;39;57;19;149;97;106;111;43;73;79;55;43;43;66;15;60;46;99;55;54;60
"w256";54;55;29;40;71;61;39;67;97;78;33;64;51;14;36;118;40;36;110;43;16;38;70;58;89;63;35;6;71;12;29;15;107;19;83;41;56;16;100;110;57;57;76;19;78;61;27;13;2;7
"w257";138;133;364;112;156;167;293;120;105;91;367;322;377;147;379;146;352;69;141;380;131;132;148;217;373;271;254;239;321;284;224;172;253;225;292;357;352;363;202;272;238;319;282;287;196;195;183;358;63;356
"w258";281;321;232;293;298;303;306;253;274;211;221;318;206;306;256;281;203;246;301;223;217;278;281;294;255;262;307;293;220;275;254;318;318;341;288;228;280;213;257;301;298;267;296;333;234;270;327;231;358;286
"w259";316;301;331;353;329;329;332;326;314;312;314;266;301;348;337;267;334;274;319;322;338;329;369;301;242;312;176;345;246;257;326;232;337;210;256;163;300;235;342;279;276;304;271;257;323;320;328;303;318;235
"w26";305;262;105;162;199;165;234;170;229;184;180;176;154;188;200;259;142;122;255;127;166;183;204;191;192;174;195;82;132;147;124;246;274;214;69;224;151;201;162;154;150;143;168;163;128;190;104;181;212;109
"w260";348;355;281;334;362;366;360;346;358;368;340;350;339;347;344;366;311;375;372;339;377;355;361;380;376;374;379;374;378;367;369;377;356;375;380;375;372;365;379;382;376;377;380;375;380;362;145;192;204;156
"w261";243;269;157;251;249;281;272;225;222;200;175;274;165;274;228;225;170;167;315;187;224;249;299;149;138;177;207;227;189;228;213;300;302;311;97;198;186;160;182;166;196;184;163;205;153;245;260;136;353;265
"w262";380;381;377;367;381;384;381;379;381;380;383;375;382;383;374;378;378;382;381;320;381;379;384;110;274;359;377;380;380;382;379;339;351;338;281;372;222;301;208;300;299;325;289;355;350;85;372;374;375;369
"w263";133;188;170;155;187;328;134;153;146;148;143;223;145;273;151;93;161;259;343;305;223;186;221;334;315;357;322;249;322;314;311;183;142;235;333;182;322;277;294;350;329;345;317;332;283;143;351;296;266;253
"w264";47;52;1;14;82;59;50;47;99;113;40;5;52;97;23;103;4;19;24;7;66;75;26;126;70;137;116;74;22;130;96;54;56;61;235;46;133;41;111;204;134;127;125;85;67;134;37;29;31;41
"w265";76;137;312;100;90;1;116;21;124;58;357;95;355;107;353;102;216;308;68;343;124;103;112;130;268;7;146;123;69;150;142;85;12;194;159;299;31;350;23;44;35;30;36;70;19;77;86;339;4;347
"w266";209;244;205;220;310;180;179;200;248;205;162;183;116;199;225;264;93;363;171;110;172;215;301;203;122;127;197;143;153;151;172;241;235;173;136;95;153;105;149;149;203;129;141;154;176;280;250;177;313;126
"w267";222;144;294;298;266;283;260;273;276;299;249;166;257;272;284;268;278;349;203;252;304;301;270;234;182;235;103;257;121;148;235;228;226;231;77;80;211;167;255;202;200;185;213;161;238;299;312;230;183;216
"w268";229;249;107;150;146;174;244;177;355;355;277;253;281;204;205;346;196;338;125;219;359;318;188;365;311;281;281;281;280;327;288;238;183;260;331;295;345;292;312;316;338;297;335;330;345;354;142;85;74;82
"w269";231;256;198;246;301;225;198;213;227;220;164;218;107;198;229;265;83;369;186;131;215;197;321;122;61;110;186;163;148;152;157;247;247;174;36;98;152;94;83;78;171;154;106;171;156;238;249;161;290;123
"w27";337;203;352;331;327;275;319;338;281;275;332;140;302;326;332;292;308;210;152;288;242;345;334;175;200;264;82;310;158;215;303;205;305;176;40;219;272;209;337;186;198;180;242;194;311;311;251;119;189;173
"w270";244;288;166;266;293;128;289;316;367;332;247;127;227;239;156;338;65;368;146;109;323;340;309;32;11;5;12;29;6;27;38;21;55;15;19;2;2;11;11;11;5;40;10;43;8;98;358;323;191;319
"w271";107;105;82;138;125;62;98;123;160;138;94;59;100;72;67;87;51;294;18;79;144;133;133;264;52;55;47;182;87;209;97;124;76;101;150;83;63;114;34;63;67;81;63;108;31;160;179;71;160;80
"w272";51;100;42;79;77;20;33;101;101;111;62;60;32;82;48;76;27;328;59;39;50;89;139;111;29;69;60;30;10;56;68;49;21;53;141;18;84;18;64;116;82;80;67;21;13;147;66;48;32;40
"w273";148;110;358;135;137;189;125;104;94;93;375;226;366;210;382;68;365;104;138;371;24;122;126;178;368;226;269;183;268;271;165;104;157;257;293;351;254;376;217;259;340;354;303;217;228;36;47;356;70;338
"w274";214;263;218;250;212;237;235;194;178;162;176;293;153;281;258;184;169;203;243;163;151;222;242;211;277;260;270;234;169;213;205;307;304;308;263;248;256;265;245;276;278;208;257;259;232;186;240;112;340;217
"w275";273;240;334;329;309;295;269;331;259;268;301;192;269;345;329;177;324;256;300;299;312;312;354;223;228;288;161;291;225;178;271;217;272;162;193;139;277;240;340;243;247;288;293;227;330;240;269;196;218;219
"w276";324;350;277;320;348;360;355;340;334;352;331;340;308;342;331;348;315;340;360;333;365;347;332;378;378;376;376;367;373;366;366;367;360;369;379;374;368;373;377;379;379;376;374;374;379;316;167;95;194;94
"w277";193;232;178;230;195;258;215;175;161;166;158;251;142;246;244;164;150;125;291;157;180;194;272;77;197;130;155;194;165;160;171;293;259;292;49;233;175;212;172;88;182;171;120;193;132;181;187;82;342;203
"w278";368;370;357;380;367;343;364;375;347;279;297;377;237;357;267;337;316;321;339;244;322;359;313;47;209;233;332;328;342;344;355;380;379;378;184;318;137;238;188;171;206;227;193;270;245;11;384;384;382;383
"w279";130;152;186;171;167;330;120;142;118;110;177;212;109;205;169;33;223;298;289;283;153;141;202;318;337;348;347;283;339;333;304;156;159;240;312;210;330;320;321;332;341;344;344;318;302;87;288;121;210;88
"w28";165;146;102;198;189;203;206;237;307;237;171;301;242;141;131;221;268;115;139;242;183;148;146;354;339;301;334;339;307;319;197;327;214;315;318;305;335;319;293;323;349;293;346;308;332;347;156;110;132;142
"w280";9;25;3;3;36;30;16;20;22;54;35;1;9;78;45;57;20;6;7;9;13;25;43;101;163;175;125;52;50;116;72;7;100;11;231;48;131;65;166;224;132;144;136;109;91;60;7;6;29;22
"w281";34;94;346;75;37;18;95;29;49;98;361;87;357;28;356;114;252;70;60;332;85;49;160;85;257;53;33;51;52;103;91;110;89;141;2;279;25;298;19;32;51;54;42;18;20;39;33;342;1;305
"w282";186;171;146;169;228;158;169;163;176;170;132;120;115;156;177;185;104;102;144;85;145;144;210;183;168;109;143;111;125;141;128;229;208;128;44;130;141;171;131;133;170;93;176;151;119;175;153;99;279;102
"w283";212;138;319;283;251;188;282;288;210;249;298;122;256;270;298;181;186;113;168;271;267;268;325;156;195;215;46;240;122;144;280;169;228;151;56;162;210;183;242;197;157;162;212;146;214;213;190;117;136;122
"w284";225;284;165;218;172;147;250;249;338;338;305;265;272;154;262;342;245;83;131;202;346;291;161;357;332;295;298;271;233;332;265;215;216;242;317;304;337;311;305;304;325;275;332;309;338;201;68;66;26;65
"w285";183;185;97;195;235;151;156;147;170;185;107;142;114;161;185;187;111;117;160;105;175;176;247;50;105;100;124;133;118;121;117;243;222;149;8;136;88;145;92;72;100;114;108;139;106;182;147;94;267;100
"w286";204;308;243;256;272;260;257;305;324;197;227;96;190;163;201;304;110;236;169;137;196;295;185;17;39;28;43;45;11;117;16;28;127;26;39;44;17;66;46;9;18;34;39;87;45;26;326;197;148;308
"w287";100;113;121;129;72;15;93;121;75;129;101;18;102;24;90;19;61;53;84;82;93;88;14;227;111;68;37;107;77;172;79;135;124;99;82;154;42;106;110;54;45;67;75;55;71;86;82;70;107;64
"w288";5;29;24;29;52;44;8;28;47;57;32;37;13;18;51;67;33;66;87;49;6;10;54;83;92;88;72;13;33;25;33;18;106;49;116;23;77;55;94;118;79;83;95;53;37;67;30;20;7;18
"w289";174;97;367;165;149;112;135;126;125;71;366;272;368;143;377;133;370;75;118;381;55;130;33;288;354;176;255;209;166;300;241;127;169;233;284;329;295;375;222;226;322;338;237;156;248;139;69;353;178;355
"w29";314;271;115;184;256;223;247;232;256;219;199;163;176;200;195;305;139;114;267;158;185;227;252;159;157;159;151;136;140;157;134;282;204;198;25;237;129;172;117;131;152;155;166;162;133;284;196;216;170;183
"w290";293;313;216;265;269;247;277;239;211;239;163;292;216;256;220;243;219;214;252;172;222;234;255;222;217;248;297;228;216;221;240;312;268;323;272;218;240;168;223;278;283;217;273;248;216;256;299;261;347;307
"w291";287;276;321;332;332;270;278;334;288;314;286;275;303;343;315;283;332;284;288;302;320;323;355;285;230;317;223;302;245;156;299;222;195;192;253;184;273;208;332;245;233;271;260;250;344;317;232;278;339;256
"w292";358;346;269;322;356;356;354;335;352;363;326;343;329;332;311;365;306;357;363;342;372;349;336;376;367;375;373;368;374;356;362;360;358;367;375;355;365;354;364;376;364;370;366;380;373;357;169;167;187;117
"w293";242;283;140;232;252;187;246;215;182;223;149;264;192;267;171;199;197;155;254;153;207;198;269;121;85;148;215;174;207;196;218;287;256;300;118;204;159;107;160;143;161;165;155;169;130;237;194;218;344;300
"w294";381;384;380;373;382;381;382;382;384;382;374;379;380;384;365;382;384;380;378;309;380;382;379;59;224;310;358;376;366;378;384;344;370;337;264;380;183;270;179;235;229;282;262;351;321;96;383;378;376;376
"w295";143;163;207;168;171;306;138;145;168;151;118;232;123;208;132;138;176;237;330;293;213;225;201;327;297;334;319;282;315;295;268;134;74;215;338;132;319;268;295;346;315;333;312;295;282;114;318;275;245;171
"w296";66;36;5;16;88;10;36;90;60;86;20;15;43;48;10;98;3;2;6;3;20;64;2;100;50;123;98;57;18;67;82;32;26;44;213;26;123;26;86;180;103;95;91;84;56;125;25;33;59;45
"w297";112;43;315;127;117;56;131;68;108;119;362;78;374;120;275;136;282;172;89;340;91;65;76;132;147;45;52;79;102;21;32;66;31;12;42;284;36;355;10;43;22;9;15;51;35;123;162;345;157;360
"w298";175;194;193;242;245;145;192;176;181;178;113;154;148;219;168;251;64;309;199;103;218;180;216;142;57;112;145;116;161;119;151;193;243;81;183;108;115;93;136;115;85;107;98;140;161;250;219;160;261;199
"w299";213;199;290;303;282;159;197;319;230;311;243;160;262;271;299;262;224;312;175;267;301;283;263;226;127;201;86;189;196;87;226;174;179;103;107;85;237;162;253;114;124;123;153;145;243;279;221;246;151;190
"w3";359;332;368;365;361;347;356;363;317;347;349;327;326;374;359;325;349;339;350;335;336;354;374;307;272;336;224;347;318;286;348;292;344;265;277;264;343;253;358;318;303;324;324;322;360;348;345;281;223;238
"w30";102;8;61;66;13;99;62;99;112;107;45;69;61;20;7;147;149;24;82;54;23;21;23;1;35;9;19;2;7;83;2;11;37;42;14;21;19;52;35;4;15;25;17;27;21;12;174;87;134;139
"w300";240;211;136;157;142;148;251;199;326;348;258;315;266;236;198;331;254;277;244;231;355;236;169;358;288;209;306;295;260;227;259;214;66;209;348;263;344;299;320;238;251;220;334;313;309;349;152;79;96;112
"w301";191;215;191;249;238;141;185;182;200;177;109;184;134;191;173;248;88;299;285;118;227;187;240;73;44;94;164;114;164;113;158;204;240;95;59;102;98;71;97;81;98;112;51;127;160;231;202;173;269;204
"w302";250;310;212;277;283;177;311;313;339;323;233;129;221;215;175;343;76;341;134;86;292;302;245;16;7;10;4;27;67;62;18;100;132;96;23;13;6;6;9;17;7;4;6;14;63;108;357;314;167;315
"w303";111;123;103;146;97;76;86;137;152;158;93;27;94;123;70;96;37;218;75;69;136;120;111;251;15;75;58;134;112;93;83;45;69;100;197;63;62;113;40;33;36;26;24;79;76;131;140;65;68;59
"w304";73;82;46;83;96;23;70;92;44;100;30;48;22;81;33;73;29;233;92;32;42;57;93;78;23;72;39;16;72;9;44;94;101;29;128;38;65;12;55;74;56;37;43;13;108;109;58;38;27;36
"w305";124;66;359;140;147;129;123;124;56;38;372;286;379;144;371;105;353;97;283;373;69;126;116;188;353;294;243;181;292;256;274;112;162;229;278;360;229;374;241;302;215;258;285;197;239;34;130;360;78;357
"w306";254;285;200;204;206;205;227;203;159;203;128;249;175;206;213;196;195;196;211;162;194;185;213;137;241;211;266;171;195;188;198;288;239;285;250;213;247;185;209;251;256;205;219;196;231;198;211;207;312;294
"w307";291;260;326;309;320;239;228;301;213;293;270;235;285;336;313;203;314;288;239;277;280;293;331;259;249;296;209;287;256;135;285;231;267;124;195;126;263;211;324;229;220;231;233;201;295;239;122;176;300;234
"w308";319;337;258;300;345;350;352;330;341;350;317;338;310;314;303;347;294;332;356;330;360;342;318;371;372;371;370;357;370;355;352;356;347;364;378;334;363;357;365;373;370;371;363;370;377;318;89;103;116;92
"w309";210;248;164;199;209;172;199;178;156;186;110;238;170;243;172;165;182;164;231;145;209;152;250;41;124;113;180;160;193;169;184;266;224;279;73;206;157;140;141;92;168;139;156;136;115;185;115;179;320;282
"w31";4;18;83;50;103;7;56;8;92;29;64;85;58;17;101;5;100;62;40;67;101;86;11;275;117;57;42;96;70;193;53;158;150;125;112;185;64;134;85;64;46;65;77;78;101;124;76;64;98;69
"w310";373;373;348;384;375;345;370;376;360;339;303;370;294;353;263;354;317;326;342;254;339;364;357;35;199;214;289;294;343;340;354;379;380;382;175;310;99;176;134;136;126;222;189;266;207;23;378;382;379;375
"w311";145;143;117;147;162;290;147;154;142;140;131;245;131;182;158;101;218;219;333;289;177;150;177;313;325;347;338;308;341;328;244;121;181;259;307;243;316;303;279;321;334;335;342;310;328;29;273;249;149;105
"w312";50;13;7;11;30;80;17;34;29;46;2;6;31;34;16;74;10;1;3;1;4;23;7;72;110;149;84;42;19;24;58;13;49;10;188;30;105;44;126;183;102;119;105;72;53;59;8;17;49;24
"w313";123;89;299;76;49;26;112;61;62;104;351;84;351;153;357;56;253;45;96;360;119;137;57;97;280;37;48;63;23;2;65;77;98;130;30;356;28;334;33;47;26;17;89;61;23;31;10;341;121;353
"w314";171;187;108;167;204;126;171;167;166;165;112;149;132;171;145;215;143;106;197;111;181;146;159;96;130;93;141;92;136;59;99;168;232;118;105;114;109;103;115;105;90;85;177;117;147;196;137;111;241;164
"w315";181;159;309;285;219;146;248;302;251;282;288;115;273;300;287;180;241;154;150;263;273;221;302;166;179;134;159;177;176;20;202;157;170;93;70;92;209;158;231;142;111;120;192;129;278;205;127;133;118;165
"w316";221;173;144;243;114;153;290;270;343;330;287;316;241;235;207;330;271;134;269;222;352;288;192;345;336;206;329;270;235;197;262;186;82;276;322;290;341;300;318;319;318;253;345;337;291;204;90;52;76;89
"w317";159;208;116;211;193;130;205;166;174;173;119;167;149;179;139;202;133;142;263;120;210;154;196;36;47;86;129;95;137;89;119;167;219;155;43;86;102;95;82;73;89;90;79;100;158;210;139;129;254;179
"w318";271;298;228;247;262;286;300;309;327;233;289;131;180;172;231;344;120;245;179;189;246;300;181;15;26;22;17;35;15;104;3;65;140;5;26;7;18;42;37;23;20;28;48;66;116;37;342;221;133;291
"w319";120;115;94;128;76;57;142;133;136;133;96;38;80;71;88;108;89;47;100;84;109;115;50;202;66;80;20;98;89;47;41;8;139;56;90;105;48;89;67;56;49;53;70;20;95;49;94;54;36;56
"w32";37;21;35;39;40;51;26;46;63;89;73;36;72;9;81;119;45;49;53;37;31;18;107;92;123;116;76;7;47;48;7;17;108;22;158;54;90;59;113;164;94;87;104;59;50;84;20;5;15;3
"w320";24;49;34;47;45;54;19;53;59;41;34;63;3;19;52;65;54;37;113;41;8;19;47;61;88;64;40;8;46;4;27;42;97;1;102;19;53;19;102;129;61;59;74;22;104;54;28;16;11;10
"w321";146;132;353;134;139;155;153;125;89;96;364;143;364;135;372;128;346;59;148;369;94;138;63;245;351;298;277;196;302;195;236;149;209;185;289;349;261;364;304;242;260;235;165;238;251;103;118;352;240;346
"w322";256;277;172;264;261;244;263;268;225;257;202;295;167;294;253;219;187;243;237;198;216;262;265;277;240;263;274;280;211;277;203;304;269;333;283;251;258;204;252;291;288;249;291;306;246;310;321;217;364;273
"w323";306;239;317;350;321;288;327;324;284;324;271;261;292;338;333;231;305;260;284;287;334;310;344;296;235;313;179;338;250;232;335;236;280;249;255;147;290;222;345;293;268;301;299;255;352;335;343;286;294;267
"w324";322;358;273;341;334;351;346;300;349;365;327;339;293;331;312;350;302;359;358;334;368;352;329;379;369;365;374;371;372;363;365;374;349;370;377;369;367;351;369;378;371;373;375;373;378;358;184;148;190;114
"w325";207;221;92;179;280;216;242;233;203;210;146;244;129;296;245;182;162;207;207;211;235;251;262;161;141;195;202;229;206;218;177;289;257;304;133;238;197;161;193;153;193;190;178;210;157;281;270;138;362;251
"w326";383;380;378;369;383;376;383;383;377;377;365;380;378;382;354;384;382;378;367;290;379;383;377;82;259;346;371;369;375;377;382;343;348;346;270;379;196;282;187;269;263;318;269;350;334;122;377;375;373;373
"w327";141;186;199;176;152;304;128;150;154;161;111;185;147;248;161;125;166;250;331;279;178;156;178;328;314;354;312;232;314;313;313;163;146;244;337;188;323;275;301;352;326;349;310;340;284;167;348;283;256;181
"w328";48;71;2;18;87;65;71;88;100;128;37;7;34;105;19;90;2;34;8;18;40;96;38;145;68;133;138;80;53;120;107;72;58;46;229;62;144;43;123;217;158;146;154;103;93;162;52;43;71;49
"w329";46;106;297;93;108;2;90;78;80;63;341;79;371;83;325;21;250;267;14;370;98;93;143;133;321;29;55;49;65;123;62;129;20;140;33;212;34;325;25;46;44;64;23;56;33;165;116;340;20;301
"w33";35;79;276;89;48;109;14;43;25;17;324;90;327;1;276;71;304;74;97;356;103;168;101;283;362;267;234;199;197;248;148;102;3;90;309;322;364;369;239;356;355;232;171;356;199;384;67;331;108;311
"w330";202;261;226;197;278;156;212;174;212;228;145;188;106;231;215;188;92;365;235;186;182;209;260;193;128;129;203;138;188;181;163;276;231;179;178;153;182;138;158;146;204;152;157;184;135;294;263;185;319;129
"w331";185;147;288;284;229;229;252;275;268;294;254;144;247;284;292;206;267;350;164;257;316;287;285;224;185;250;107;250;129;170;243;152;255;190;122;61;201;166;310;225;201;195;203;167;262;298;274;229;233;127
"w332";156;181;138;142;140;135;170;155;333;325;222;255;177;187;133;289;244;334;121;171;302;243;162;362;313;290;275;284;296;316;297;242;196;272;330;278;321;304;292;309;337;306;330;327;337;345;144;88;80;70
"w333";192;241;187;222;286;181;193;210;220;230;138;233;119;247;219;189;96;360;276;169;191;211;276;139;90;115;190;175;149;175;155;253;244;223;63;138;138;116;114;89;147;166;110;192;136;268;259;182;307;128
"w334";252;305;160;254;265;133;284;290;356;292;234;121;200;201;142;321;67;362;129;124;296;335;322;31;12;6;14;20;5;33;55;9;42;25;38;1;7;13;13;14;9;50;12;57;14;148;359;319;188;318
"w335";98;99;77;122;94;12;79;114;122;116;97;17;87;60;58;77;41;279;25;75;83;127;131;265;63;61;61;166;93;183;114;109;85;115;142;87;60;122;41;69;69;74;52;90;61;164;171;69;101;66
"w336";17;86;40;71;63;19;40;62;78;105;65;43;24;46;43;48;24;316;86;44;28;58;129;102;34;76;90;40;34;81;59;69;40;79;155;39;87;20;68;125;83;86;69;30;9;149;72;45;62;42
"w337";49;124;362;85;109;160;124;106;12;22;363;170;359;122;367;38;340;100;119;374;110;53;140;153;379;246;259;169;138;234;115;97;338;170;304;331;269;362;313;249;306;331;180;214;225;63;80;348;155;348
"w338";187;213;151;187;178;209;172;217;164;190;126;241;120;254;202;163;183;175;180;178;163;171;218;194;266;257;256;224;147;219;152;272;278;298;244;230;234;272;246;266;274;206;259;261;206;232;246;106;360;197
"w339";265;179;320;314;275;263;271;279;260;265;253;200;238;337;305;168;313;187;234;281;272;224;330;231;227;293;142;276;230;180;309;218;320;197;194;107;287;214;327;247;239;289;280;245;306;275;291;155;270;263
"w34";308;326;188;274;294;282;279;257;279;284;240;307;245;289;252;307;204;204;242;192;303;272;206;308;245;261;262;260;277;236;273;295;331;316;285;292;267;228;281;288;281;245;294;277;215;273;311;258;273;278
"w340";292;344;255;301;314;348;338;281;330;328;310;334;254;307;297;316;272;295;355;315;353;326;327;375;371;378;366;364;369;361;363;363;355;371;376;373;362;358;368;377;373;368;370;371;376;234;103;101;122;86
"w341";206;225;161;170;259;198;216;190;180;194;152;270;144;278;222;174;178;191;212;209;200;167;239;127;211;157;181;206;187;225;160;291;276;303;125;227;189;221;196;140;205;174;185;199;164;217;268;127;361;198
"w342";339;352;308;370;347;331;326;372;325;266;278;352;196;320;239;274;257;317;308;233;259;339;287;42;215;204;313;309;313;337;327;361;375;383;199;307;121;233;176;160;176;219;167;279;226;45;382;380;384;382
"w343";151;151;224;159;138;334;97;127;106;135;144;172;130;159;170;60;202;229;224;253;150;140;152;312;318;305;348;275;335;339;293;141;194;261;303;258;286;324;274;322;317;327;322;343;297;115;308;228;217;99
"w344";8;20;9;2;7;38;7;22;21;64;22;2;4;70;49;37;8;11;2;15;11;30;73;104;166;160;132;41;17;102;61;41;112;48;222;25;143;68;157;219;125;159;124;106;98;99;21;10;33;23
"w345";95;59;298;67;16;33;77;24;7;70;360;29;376;99;321;44;249;41;43;346;58;16;39;303;287;54;30;77;99;149;89;120;73;123;5;309;37;339;59;35;39;71;53;33;12;53;105;334;5;333
"w346";177;177;114;172;200;124;157;173;171;187;129;152;118;178;176;158;115;139;196;139;156;143;251;148;172;125;163;108;145;173;127;263;217;126;74;155;139;148;125;147;192;133;210;182;140;226;193;125;309;107
"w347";179;136;296;272;226;176;190;246;185;248;239;101;228;286;289;162;221;105;135;251;238;223;296;182;187;212;66;205;127;140;194;160;245;139;87;151;224;175;315;184;191;175;215;185;204;241;143;189;206;119
"w348";163;233;159;145;155;142;233;235;313;250;218;259;199;158;152;270;248;94;117;203;208;200;153;352;331;307;292;286;229;335;283;233;249;263;316;303;314;322;300;297;330;290;333;304;346;193;84;72;47;57
"w349";176;168;101;186;208;143;149;151;169;196;115;161;103;227;167;153;124;130;247;154;164;155;267;65;126;122;158;129;124;143;130;234;223;166;28;128;112;144;129;79;117;136;130;153;125;214;180;107;281;104
"w35";347;320;354;354;355;332;339;358;306;342;322;298;306;361;339;339;350;323;337;325;341;350;346;315;276;321;237;343;316;222;329;268;309;252;267;203;294;239;348;257;272;312;278;274;357;322;347;272;246;226
"w350";236;299;221;228;233;257;266;289;297;168;259;82;162;166;189;256;106;255;163;149;265;316;200;30;43;41;53;44;41;139;47;2;137;23;62;69;24;72;60;27;27;56;57;111;82;64;340;150;153;310
"w351";85;58;118;111;25;40;66;37;50;114;98;23;93;39;91;51;63;65;74;81;62;74;40;216;107;77;45;97;79;220;111;116;143;110;91;187;45;119;107;65;48;84;80;74;97;117;102;76;79;55
"w352";6;42;32;22;43;39;11;48;20;72;31;21;1;29;44;41;42;63;95;52;22;15;100;90;103;102;94;33;61;38;36;26;105;41;164;57;92;56;119;119;121;104;121;71;64;94;42;25,5;34;20
"w353";118;84;356;126;148;110;136;128;93;101;371;269;356;185;373;160;360;77;115;377;92;111;117;221;356;185;278;193;224;266;180;128;156;201;328;340;284;367;233;255;261;215;187;208;186;295;195;349;139;350
"w354";247;297;202;233;216;206;226;248;186;226;191;288;189;249;197;241;175;162;245;148;237;250;209;218;220;213;252;208;226;226;249;297;271;277;269;234;232;180;221;273;270;221;261;251;202;285;305;227;346;303
"w355";278;257;302;339;323;292;296;307;285;336;260;237;304;340;319;242;319;265;251;269;325;298;307;295;225;319;238;315;237;185;320;277;263;224;247;112;297;219;326;261;217;261;244;240;340;304;310;294;325;276
"w356";333;347;266;311;331;349;349;286;345;358;313;337;313;308;293;352;266;343;354;323;356;337;320;373;363;367;356;361;367;353;360;359;346;359;372;350;361;346;361;371;363;364;369;369;368;353;181;141;172;113
"w357";226;242;133;175;236;170;187;223;162;204;168;248;146;244;162;208;159;120;228;123;289;247;236;140;75;142;214;170;210;168;216;275;229;273;137;209;142;109;153;145;199;170;143;170;131;243;223;174;341;298
"w358";384;383;382;374;384;378;384;384;375;378;358;383;375;381;349;383;376;377;365;298;378;384;376;64;204;299;349;370;361;375;383;355;367;344;245;384;164;258;159;220;207;263;225;341;286;113;379;379;377;380
"w359";147;169;233;191;153;271;137;160;177;160;103;227;128;195;118;135;151;227;318;292;176;212;172;324;302;326;314;300;301;307;302;119;71;191;334;118;329;266;316;348;313;328;305;286;277;150;320;298;277;167
"w36";357;359;265;324;369;367;353;364;357;371;325;358;343;346;320;358;307;330;373;357;361;351;350;353;350;363;365;365;347;359;346;373;359;349;364;326;381;332;375;360;360;358;362;363;363;383;356;315;282;289
"w360";41;51;8;19;57;31;49;57;72;80;14;20;21;87;9;83;1;12;26;4;39;72;12;128;48;136;123;65;39;71;85;35;23;40;210;43;174;33;78;188;122;99;92;73;51;153;40;37;58;50
"w361";89;96;350;117;144;98;58;100;149;149;245;97;367;133;265;78;177;208;78;355;52;78;51;114;32;48;96;84;105;46;84;99;39;14;84;275;41;345;22;50;34;19;20;47;32;92;108;337;93;351
"w362";182;201;227;217;257;122;167;204;192;181;124;165;139;228;143;224;84;304;215;119;184;169;197;160;86;107;183;110;177;88;154;197;236;80;173;122;136;104;104;132;128;117;103;137;169;248;229;195;293;247
"w363";227;184;293;294;279;154;200;271;226;329;244;151;239;305;285;193;263;296;157;270;287;207;261;208;144;184;144;202;202;105;229;188;202;145;134;78;233;154;232;168;129;134;191;173;254;283;185;239;213;269
"w364";166;178;176;144;136;123;208;187;320;309;211;305;205;222;121;296;251;285;220;199;335;217;173;359;290;224;308;299;275;235;263;220;96;219;346;269;339;305;302;248;245;226;325;328;322;337;125;80;105;81
"w365";184;217;236;226;254;138;180;224;187;213;122;189;140;220;137;212;71;310;202;112;231;177;233;105;51;104;171;131;182;90;169;210;246;88;64;110;113;79;70;93;120;124;61;135;174;242;216;200;308;266
"w366";263;324;211;262;246;194;318;323;328;313;241;136;204;216;147;327;70;353;133;98;318;305;222;25;8;16;6;46;82;115;15;96;129;107;31;15;11;8;14;25;10;6;7;25;77;128;355;309;137;304
"w367";126;108;76;123;116;58;118;129;126;150;91;33;96;125;71;95;47;231;66;70;96;108;124;256;14;79;68;139;113;138;50;59;90;94;181;67;59;98;42;40;37;35;31;82;92;168;146;75;119;67
"w368";53;80;53;57;98;11;73;112;45;94;29;52;20;56;39;46;21;235;94;33;43;85;82;71;18;74;51;25;78;36;42;84;114;58;148;33;73;15;56;82;63;39;50;32;114;141;59;50;46;43
"w369";94;121;338;95;131;168;141;105;82;49;369;225;365;131;376;79;359;103;130;376;104;81;92;187;365;181;282;141;221;153;219;86;155;150;339;363;246;370;349;241;211;300;204;215;142;157;75;354;129;352
"w37";310;316;184;269;288;293;276;277;275;331;219;320;271;287;243;320;209;215;322;205;326;279;237;230;183;200;233;241;320;259;233;303;316;334;215;296;216;196;249;216;242;234;226;237;191;340;330;267;287;287
"w370";190;265;190;177;176;186;174;185;138;174;137;258;143;193;184;176;174;121;222;128;244;161;193;141;244;205;242;154;183;164;193;273;207;253;246;202;213;198;213;253;226;191;245;235;217;211;237;158;314;295
"w371";272;210;314;307;289;199;213;287;208;277;242;186;270;318;308;190;323;240;182;276;290;265;308;205;238;284;177;278;222;131;276;240;251;153;211;129;248;220;298;205;213;230;236;209;304;227;134;279;295;242
"w372";276;342;239;281;322;344;328;274;336;335;300;335;276;290;278;334;261;314;349;301;351;325;298;368;366;369;351;350;368;352;356;351;354;355;374;324;359;348;362;370;366;369;364;367;369;246;166;86;147;83
"w373";188;231;153;161;203;150;158;172;140;164;123;243;121;197;154;169;184;95;195;125;252;210;215;56;132;121;192;135;200;158;190;262;210;251;94;190;162;149;165;121;177;142;173;144;126;216;158;130;315;285
"w374";361;367;325;371;358;341;361;373;340;288;299;357;260;321;227;336;265;318;324;247;324;356;310;43;178;191;276;277;331;336;337;364;369;384;171;300;97;184;143;91;146;202;158;229;200;51;380;381;383;384
"w375";142;148;135;148;158;324;140;139;148;157;108;252;112;162;125;124;255;165;296;285;186;163;155;306;309;332;333;314;338;311;266;123;205;232;299;215;285;308;263;315;305;314;315;316;298;58;309;247;215;93
"w376";31;12;13;13;19;67;15;50;35;27;6;12;8;58;14;45;5;7;12;12;25;44;20;87;115;152;99;61;21;34;66;34;79;32;206;53;117;51;128;193;119;130;107;86;73;90;22;31;51;35
"w377";160;63;337;61;91;105;130;65;38;144;339;80;352;35;232;143;292;54;102;311;106;32;103;53;218;47;67;75;76;8;37;55;122;122;143;316;50;342;30;59;60;45;46;24;24;112;50;344;85;337
"w378";164;191;106;153;227;127;155;162;144;163;105;150;124;173;123;175;158;107;208;138;161;153;170;119;149;108;149;113;152;86;126;184;213;105;113;124;103;127;120;134;123;102;160;110;139;212;176;146;284;230
"w379";203;157;289;263;214;140;207;267;223;246;213;117;243;262;277;161;240;147;151;245;297;229;264;169;213;168;131;264;179;53;212;170;177;135;81;77;206;151;220;165;97;157;169;143;253;222;164;124;198;191
"w38";372;372;383;383;342;379;365;374;379;381;336;360;372;372;254;374;379;376;371;246;373;376;378;54;202;277;362;372;364;379;375;338;323;286;237;364;176;246;140;237;218;256;223;325;290;35;370;367;367;362
"w380";161;156;150;202;123;125;221;211;318;261;169;321;186;225;149;245;277;132;287;218;300;230;163;343;342;221;325;279;257;223;278;208;103;284;320;281;327;307;284;320;332;269;338;347;317;183;85;53;95;71
"w381";167;207;100;182;224;131;176;161;147;182;117;173;126;184;135;170;146;140;201;133;202;159;199;45;65;97;147;109;150;97;131;182;227;98;65;104;91;111;93;84;133;101;133;123;151;218;151;142;292;254
"w382";301;323;225;259;253;291;315;312;323;176;284;141;157;176;230;302;123;254;181;176;284;304;194;28;27;32;25;76;38;134;11;74;147;37;48;8;22;48;47;39;32;46;49;89;117;72;339;202;126;283
"w383";121;104;132;118;66;52;148;130;109;146;82;49;68;94;76;123;90;38;104;87;88;119;60;196;71;87;23;127;98;112;45;24;145;72;98;94;44;84;76;61;62;63;81;48;100;104;112;58;102;73
"w384";29;64;27;21;59;69;13;56;16;55;24;61;5;27;53;54;52;51;114;48;27;40;30;62;94;71;63;32;60;14;23;57;119;18;120;28;68;29;95;123;68;73;84;45;103;81;44;25,5;35;31
"w39";60;93;51;68;99;115;31;52;67;45;27;157;42;121;11;62;80;85;225;165;137;91;28;331;293;327;305;245;265;294;275;122;67;188;335;89;310;263;267;342;309;329;300;249;260;188;222;175;352;220
"w4";366;365;282;337;373;371;366;369;365;369;330;368;348;352;340;367;338;356;374;367;363;357;367;369;361;368;364;356;360;365;368;366;372;363;373;343;384;337;384;363;365;375;379;379;372;381;354;308;291;296
"w40";96;56;12;36;89;78;59;103;88;123;36;26;76;80;32;110;22;13;33;13;61;67;71;108;80;144;105;66;44;96;103;82;86;34;224;74;126;39;99;189;113;96;115;88;66;138;9;19;50;21
"w41";25;76;271;74;50;55;52;283;33;23;255;119;298;93;109;35;138;159;310;274;26;42;68;115;282;36;135;100;95;15;71;101;16;71;52;159;336;309;65;21;316;7;267;80;10;371;64;318;142;320
"w42";211;243;185;192;201;240;161;181;219;270;198;216;207;221;180;244;101;293;264;93;281;188;231;198;100;135;198;115;154;94;140;196;206;131;182;106;191;131;199;139;156;113;127;155;168;296;239;153;196;236
"w43";299;245;313;317;305;276;283;325;245;320;302;215;299;341;282;315;309;345;209;300;333;290;289;268;176;236;185;322;192;122;305;227;220;205;111;101;226;199;314;190;144;169;214;172;292;301;285;224;162;111
"w44";169;193;75;124;180;215;152;196;261;303;188;302;230;151;106;191;239;269;137;150;192;201;147;340;275;272;263;335;309;245;188;269;77;256;351;246;293;285;259;311;291;260;328;294;258;375;245;171;219;188
"w45";238;236;196;267;222;266;189;205;233;295;215;222;253;238;182;279;112;282;297;96;275;190;229;164;83;146;182;165;185;133;176;198;200;183;78;100;166;88;180;108;167;121;118;150;185;331;265;203;203;248
"w46";127;70;55;114;41;28;122;58;135;145;9;112;36;102;4;166;73;168;38;38;76;84;53;4;1;14;3;10;35;63;21;25;99;62;12;12;8;1;1;13;4;1;1;2;22;43;313;260;83;258
"w47";79;118;99;130;143;95;121;132;83;32;12;111;15;113;61;12;62;189;48;56;97;112;65;281;17;60;109;145;108;10;116;64;59;67;217;65;82;133;62;42;41;41;41;113;62;169;182;78;150;51
"w48";119;65;45;58;86;50;64;98;102;124;56;42;56;95;35;144;11;184;57;14;74;79;106;89;33;84;65;17;81;18;20;70;52;69;149;60;74;23;57;101;66;42;54;23;127;146;49;28;39;17
"w49";21;3;220;38;69;346;10;19;37;14;335;135;338;30;351;8;368;87;103;366;107;7;32;201;329;278;258;184;232;270;92;80;19;199;297;362;358;341;204;372;361;280;313;226;252;7;46;328;8;330
"w5";346;333;219;302;317;335;314;280;299;267;232;303;225;313;257;324;243;241;334;235;293;307;294;260;203;227;247;292;295;276;260;331;340;321;221;297;250;226;243;231;265;281;230;265;211;336;334;282;317;241
"w50";259;294;183;215;247;265;218;227;224;236;197;256;229;214;206;252;230;161;205;191;276;237;180;237;269;258;244;195;258;154;209;239;282;310;276;276;266;251;229;260;264;204;249;234;229;208;226;165;243;250
"w51";315;280;345;327;343;307;329;339;289;307;279;271;277;350;336;298;357;300;298;307;283;331;347;276;273;338;205;336;293;251;324;264;321;187;236;191;281;242;344;234;234;286;265;228;318;282;207;255;220;212
"w52";343;335;248;275;360;358;345;360;346;322;226;349;319;311;280;333;259;290;359;345;347;332;328;350;364;370;363;359;357;362;351;358;341;357;362;320;371;344;370;367;372;372;371;366;364;359;335;291;257;255
"w53";283;291;156;240;248;277;254;259;249;304;185;276;246;268;214;295;242;185;314;190;315;264;207;181;158;183;208;203;286;198;211;290;300;331;176;287;223;182;201;203;246;216;222;190;180;274;303;222;268;279
"w54";311;341;279;382;218;302;310;356;175;134;92;374;98;175;89;195;295;223;316;122;162;274;157;10;156;210;299;288;336;334;342;382;384;373;80;312;83;150;142;113;178;223;134;225;193;1;366;376;365;371
"w55";92;38;59;64;121;190;82;38;9;16;59;207;39;117;65;28;165;111;187;248;118;94;118;321;323;349;326;266;340;309;220;151;161;234;311;250;346;286;311;324;345;350;353;301;315;66;96;143;310;168
"w56";61;23;23;28;42;101;42;73;55;68;11;19;65;63;25;86;50;4;21;11;41;35;24;81;150;187;117;56;25;35;75;29;130;30;212;73;127;60;147;211;127;135;131;101;87;73;3;3;13;8
"w57";332;37;260;44;11;71;54;3;18;5;263;109;250;41;105;7;214;32;73;286;33;5;36;48;292;17;31;86;43;3;118;105;11;75;301;222;13;359;16;18;25;12;26;8;30;360;16;329;104;314
"w58";217;212;113;203;182;191;181;183;209;256;154;217;198;168;178;238;144;124;241;104;233;162;187;229;164;132;184;90;134;84;125;173;193;220;123;181;188;141;184;124;174;106;190;130;150;206;165;98;161;214
"w59";326;214;328;305;319;218;313;306;295;301;290;203;291;322;302;269;299;262;190;297;308;322;315;213;234;217;77;233;170;91;291;195;252;175;144;125;204;179;299;148;185;156;199;141;301;236;191;156;131;98
"w6";374;353;381;381;313;375;367;353;376;379;381;344;381;363;341;373;374;384;382;264;382;374;380;69;246;350;378;379;377;383;367;319;352;283;274;321;207;289;195;284;282;326;292;354;326;32;374;371;359;339
"w60";157;166;70;181;168;236;240;254;273;198;130;329;166;138;124;266;281;179;233;151;243;218;151;338;316;287;310;325;261;274;196;223;91;295;329;291;296;312;282;327;335;309;348;288;270;351;177;104;185;159
"w61";235;216;134;201;188;226;209;221;241;283;155;181;232;189;181;287;156;137;271;97;262;189;198;134;67;96;160;121;144;76;139;187;180;168;47;199;160;118;152;75;115;128;145;120;165;288;212;123;175;229
"w62";103;17;60;87;12;96;126;117;132;60;5;103;12;43;12;150;132;23;85;66;54;83;19;3;21;13;22;26;14;13;1;1;50;7;7;10;15;17;21;6;12;14;18;34;79;13;121;81;55;148
"w63";104;107;91;119;85;81;111;39;24;28;66;138;26;79;87;22;107;42;47;62;100;117;85;267;78;39;49;125;68;7;95;4;88;52;145;150;52;77;77;51;55;55;64;54;75;91;95;77;111;48
"w64";69;45;28;46;32;100;44;75;79;82;47;39;59;57;41;112;31;20;67;21;53;39;95;66;102;82;95;12;58;11;17;38;64;6;127;31;70;30;87;122;74;61;93;29;110;78;12;11;18;5
"w65";13;111;267;80;120;117;104;18;11;8;344;123;316;108;300;31;260;39;98;361;49;6;6;274;348;340;257;172;180;267;156;91;7;152;324;319;251;361;225;375;287;322;349;218;184;378;109;332;165;317
"w66";349;319;256;270;312;321;270;258;310;290;250;314;183;316;250;293;229;217;250;195;234;292;316;293;265;242;295;261;278;287;255;317;314;332;282;280;274;197;271;290;295;295;287;311;242;249;290;233;334;243
"w67";323;322;335;351;350;327;344;348;292;300;309;300;309;367;342;300;348;286;340;319;328;343;370;305;261;323;199;346;308;283;340;286;327;326;249;220;311;241;354;286;289;311;304;299;358;341;338;288;265;194
"w68";369;369;292;342;374;373;372;371;370;375;343;373;354;351;348;372;351;355;376;365;364;370;365;370;358;377;360;355;349;360;364;362;362;354;370;347;383;331;382;361;368;374;373;376;367;377;350;300;329;297
"w69";352;334;250;261;325;320;295;278;304;305;238;324;203;312;260;310;207;239;335;238;299;317;317;249;189;216;246;263;283;280;258;321;326;330;208;277;236;215;211;213;257;272;229;267;205;338;316;250;350;249
"w7";58;126;66;84;104;136;94;82;76;31;55;153;66;124;31;55;85;81;216;185;130;95;29;335;306;353;318;222;274;306;294;166;48;222;345;149;312;276;308;347;331;346;327;305;288;189;317;204;355;224
"w70";375;371;369;358;333;382;351;263;378;373;359;341;361;375;271;375;373;379;369;204;376;375;382;63;236;339;375;375;371;381;373;316;350;313;258;337;194;279;178;263;279;313;254;352;296;20;369;368;354;342
"w71";97;102;67;98;115;137;113;89;77;50;60;164;74;129;26;64;94;79;210;177;127;114;86;333;310;358;327;223;254;303;286;165;115;239;340;170;325;274;289;344;324;343;314;321;275;184;267;166;338;158
"w72";74;74;19;32;78;79;29;74;96;115;68;24;70;103;46;120;26;26;44;17;67;97;48;131;91;170;127;71;63;142;105;73;117;31;226;75;150;49;116;200;145;138;149;96;94;152;32;22;40;28
"w73";22;60;148;86;23;6;32;10;40;36;261;62;235;4;113;10;130;110;5;161;60;22;49;167;77;27;111;161;126;229;76;115;4;121;93;183;347;117;269;41;71;13;290;138;43;136;87;316;99;302
"w74";286;255;222;252;308;243;223;241;286;238;190;208;137;255;208;286;116;325;253;160;211;257;284;236;162;186;221;104;191;145;175;213;291;204;179;175;179;101;194;162;216;192;152;216;172;269;204;210;169;161
"w75";279;205;322;325;318;253;321;310;290;287;295;193;282;327;323;276;289;373;232;282;305;319;293;238;226;256;128;334;205;205;289;201;266;258;85;161;255;202;333;233;197;238;231;207;287;314;315;234;209;202
"w76";154;200;177;156;169;134;162;219;329;351;216;198;258;145;108;314;193;280;132;230;266;277;154;360;299;311;285;305;297;321;272;314;173;281;349;293;318;288;296;328;347;284;321;338;331;368;283;152;166;272
"w77";295;278;245;280;296;269;273;250;302;241;189;224;171;276;233;280;148;335;259;164;286;280;273;192;112;178;219;198;175;179;192;251;301;206;71;173;181;97;169;107;189;210;126;188;149;326;210;205;103;152
"w78";122;117;65;102;61;17;110;113;258;126;16;92;50;23;5;155;57;160;80;51;81;129;69;14;3;1;5;5;2;52;10;52;10;43;9;6;5;7;3;1;8;22;8;9;4;27;306;265;87;170
"w79";71;122;90;131;122;108;114;85;46;11;84;65;63;55;54;66;86;131;29;60;102;76;108;287;58;44;114;197;117;264;110;154;38;119;185;131;85;137;50;67;75;70;58;121;38;197;155;74;125;75
"w8";108;50;20;45;112;116;74;102;111;117;74;32;90;106;56;127;43;18;42;23;90;110;89;135;95;173;148;73;59;127;104;90;118;77;243;81;149;53;130;210;140;131;151;105;84;155;29;27;38;25
"w80";75;103;38;92;73;72;28;93;117;141;75;70;46;50;72;104;12;242;50;36;68;87;132;112;46;103;91;55;28;66;39;36;27;85;167;35;106;34;66;138;99;91;68;41;26;145;62;35;37;30
"w81";20;88;311;6;4;157;2;7;27;9;348;106;341;62;345;2;327;89;112;368;35;11;62;168;304;314;296;265;284;305;170;87;35;186;291;361;245;347;244;354;296;355;301;364;259;367;43;313;52;322
"w82";317;272;189;206;223;301;210;231;244;214;220;263;113;282;218;217;211;182;183;141;155;232;278;246;262;243;284;238;248;258;217;298;307;293;262;259;259;271;247;267;277;237;263;275;244;187;173;113;311;174
"w83";297;230;344;336;337;316;307;336;250;234;316;228;295;333;346;227;339;238;312;313;306;328;356;241;248;266;168;331;204;253;328;219;319;245;187;177;288;250;343;275;253;307;288;254;300;254;307;269;226;201
"w84";355;349;272;296;353;361;350;347;362;357;306;362;334;317;288;361;322;322;362;337;348;344;345;363;377;379;369;366;351;349;338;348;363;362;367;358;376;352;376;369;377;380;377;377;374;346;279;276;332;246
"w85";336;331;173;208;306;299;255;264;265;253;223;283;138;303;246;253;208;197;327;201;230;282;286;157;205;197;230;221;218;241;248;309;325;307;126;274;219;249;214;208;228;240;211;232;179;253;258;178;333;187
"w86";251;314;268;377;170;310;243;255;131;109;90;365;79;155;98;141;291;149;270;106;129;164;141;27;194;229;317;285;311;341;344;378;377;376;154;313;110;192;174;155;148;196;170;231;203;3;361;365;368;370
"w87";72;32;73;88;141;235;89;41;127;10;83;156;86;136;104;26;172;225;189;225;45;62;120;322;326;329;340;248;323;326;247;159;164;264;314;257;320;296;306;326;342;341;340;314;312;118;91;93;280;141
"w88";23;31;17;12;33;75;20;27;48;83;53;4;38;42;60;88;35;8;28;16;37;33;77;109;171;169;130;48;56;101;60;12;134;13;241;72;158;74;167;222;159;161;144;107;113;71;6;4;19;1
"w89";1;44;254;7;3;66;3;1;1;2;281;67;248;5;110;1;238;58;36;168;63;2;55;37;153;19;54;88;103;210;30;111;306;108;300;265;20;147;18;28;312;23;25;40;6;370;11;290;73;334
"w9";10;101;110;53;5;22;78;15;14;21;280;73;240;3;126;17;167;101;1;135;84;61;37;146;24;20;194;144;116;163;319;113;5;167;51;252;46;294;12;31;54;24;27;68;17;110;63;304;67;309
"w90";304;227;96;180;213;179;196;164;237;191;167;162;104;202;188;223;127;98;217;144;170;214;238;170;173;165;178;124;142;136;146;209;295;144;41;208;168;194;138;126;183;153;201;164;154;194;113;118;128;106
"w91";257;174;324;333;295;233;309;328;239;232;274;146;259;298;316;204;293;195;167;284;271;299;300;174;212;232;110;268;155;162;287;177;265;207;45;178;208;193;303;201;202;186;218;189;264;293;189;187;171;91
"w92";219;220;129;224;190;182;220;214;301;289;228;308;278;132;141;322;276;92;174;241;195;213;156;351;340;315;336;313;289;330;230;326;254;319;319;311;331;316;297;329;353;299;347;315;342;272;203;105;115;186
"w93";307;228;141;214;287;231;229;207;266;201;205;169;108;241;186;261;125;119;219;146;250;239;259;95;148;153;175;148;131;171;166;230;273;169;21;223;155;186;127;103;162;177;181;159;145;251;124;126;81;108
"w94";28;10;56;91;2;94;100;44;114;77;39;99;25;11;8;116;119;31;62;58;5;51;21;2;30;15;16;1;13;68;19;33;33;28;24;36;26;58;39;10;19;33;19;62;34;8;106;63;56;72
"w95";16;68;127;90;110;73;57;12;58;44;80;58;75;10;86;42;114;60;70;65;108;37;83;271;101;46;24;103;101;194;80;203;121;102;96;200;57;96;81;66;52;69;71;81;70;102;77;59;88;58
"w96";11;9;30;15;28;34;6;36;53;67;71;34;23;21;77;100;36;48;71;46;38;14;90;88;118;126;101;18;66;30;28;20;43;21;168;51;89;61;122;159;104;92;140;76;57;76;26;14;12;4
"w97";18;109;278;48;62;102;61;45;36;20;338;125;315;7;318;50;330;67;107;375;89;43;61;289;341;240;232;159;135;249;77;224;8;114;308;314;252;360;230;303;258;356;198;198;223;47;74;338;60;329
"w98";280;312;174;257;234;280;308;251;247;263;207;325;233;279;179;278;217;202;278;170;295;253;217;297;231;244;272;210;304;237;207;260;285;312;279;273;244;207;262;271;275;225;243;264;230;252;272;263;303;280
"w99";331;304;332;340;346;315;324;320;303;334;285;285;322;364;304;299;345;315;328;295;329;321;343;300;251;328;220;329;299;262;325;279;298;208;242;211;289;232;347;246;231;302;270;271;299;329;344;289;193;228
