"";"x"
"w94";1
"w126";2
"w158";3
"w320";4
"w62";5
"w288";6
"w312";7
"w30";8
"w256";9
"w128";10
"w224";11
"w190";12
"w384";13
"w174";14
"w110";15
"w64";16
"w376";17
"w96";18
"w296";19
"w352";20
"w142";21
"w248";22
"w120";23
"w32";24
"w304";25
"w192";26
"w280";27
"w112";28
"w344";29
"w360";30
"w176";31
"w184";32
"w168";33
"w78";34
"w368";35
"w46";36
"w104";37
"w240";38
"w160";39
"w336";40
"w56";41
"w272";42
"w48";43
"w14";44
"w88";45
"w232";46
"w264";47
"w152";48
"w208";49
"w144";50
"w80";51
"w40";52
"w127";53
"w216";54
"w63";55
"w16";56
"w31";57
"w24";58
"w328";59
"w319";60
"w136";61
"w95";62
"w223";63
"w200";64
"w255";65
"w72";66
"w287";67
"w351";68
"w191";69
"w383";70
"w159";71
"w111";72
"w47";73
"w175";74
"w303";75
"w8";76
"w239";77
"w367";78
"w335";79
"w25";80
"w9";81
"w143";82
"w79";83
"w15";84
"w89";85
"w271";86
"w57";87
"w207";88
"w73";89
"w185";90
"w137";91
"w121";92
"w281";93
"w345";94
"w105";95
"w153";96
"w313";97
"w361";98
"w169";99
"w377";100
"w329";101
"w297";102
"w253";103
"w41";104
"w217";105
"w249";106
"w265";107
"w222";108
"w285";109
"w314";110
"w286";111
"w233";112
"w317";113
"w221";114
"w250";115
"w334";116
"w350";117
"w381";118
"w270";119
"w254";120
"w206";121
"w378";122
"w318";123
"w282";124
"w238";125
"w302";126
"w349";127
"w366";128
"w382";129
"w201";130
"w218";131
"w122";132
"w237";133
"w301";134
"w346";135
"w186";136
"w298";137
"w234";138
"w125";139
"w365";140
"w362";141
"w90";142
"w189";143
"w58";144
"w61";145
"w373";146
"w103";147
"w167";148
"w154";149
"w39";150
"w26";151
"w309";152
"w97";153
"w245";154
"w106";155
"w93";156
"w205";157
"w170";158
"w1  ";159
"w269";160
"w49";161
"w42";162
"w333";163
"w109";164
"w277";165
"w29";166
"w266";167
"w173";168
"w157";169
"w119";170
"w213";171
"w55";172
"w315";173
"w379";174
"w129";175
"w177";176
"w150";177
"w183";178
"w7";179
"w33";180
"w357";181
"w113";182
"w65";183
"w135";184
"w182";185
"w71";186
"w145";187
"w251";188
"w330";189
"w45";190
"w81";191
"w87";192
"w347";193
"w151";194
"w23";195
"w202";196
"w17";197
"w293";198
"w161";199
"w370";200
"w283";201
"w341";202
"w337";203
"w229";204
"w369";205
"w299";206
"w74";207
"w325";208
"w363";209
"w338";210
"w219";211
"w187";212
"w138";213
"w77";214
"w306";215
"w118";216
"w123";217
"w178";218
"w235";219
"w273";220
"w305";221
"w261";222
"w353";223
"w141";224
"w289";225
"w321";226
"w181";227
"w146";228
"w197";229
"w13";230
"w242";231
"w114";232
"w10";233
"w331";234
"w375";235
"w343";236
"w86";237
"w91";238
"w311";239
"w117";240
"w267";241
"w155";242
"w247";243
"w274";244
"w359";245
"w231";246
"w279";247
"w44";248
"w348";249
"w295";250
"w380";251
"w59";252
"w149";253
"w50";254
"w215";255
"w364";256
"w354";257
"w54";258
"w82";259
"w60";260
"w171";261
"w257";262
"w327";263
"w203";264
"w107";265
"w108";266
"w172";267
"w210";268
"w53";269
"w18";270
"w332";271
"w188";272
"w371";273
"w85";274
"w28";275
"w263";276
"w300";277
"w199";278
"w162";279
"w316";280
"w12";281
"w124";282
"w22";283
"w284";284
"w165";285
"w290";286
"w43";287
"w27";288
"w140";289
"w156";290
"w241";291
"w21";292
"w307";293
"w339";294
"w139";295
"w98";296
"w76";297
"w179";298
"w92";299
"w101";300
"w322";301
"w268";302
"w226";303
"w75";304
"w209";305
"w275";306
"w37";307
"w147";308
"w130";309
"w243";310
"w115";311
"w133";312
"w225";313
"w34";314
"w193";315
"w69";316
"w11";317
"w258";318
"w66";319
"w5";320
"w355";321
"w83";322
"w194";323
"w291";324
"w342";325
"w374";326
"w211";327
"w2";328
"w51";329
"w166";330
"w163";331
"w323";332
"w236";333
"w310";334
"w227";335
"w99";336
"w259";337
"w278";338
"w252";339
"w246";340
"w19";341
"w131";342
"w102";343
"w134";344
"w35";345
"w214";346
"w67";347
"w195";348
"w220";349
"w204";350
"w372";351
"w38";352
"w340";353
"w70";354
"w3";355
"w308";356
"w356";357
"w358";358
"w180";359
"w6";360
"w294";361
"w52";362
"w324";363
"w276";364
"w116";365
"w148";366
"w292";367
"w326";368
"w230";369
"w20";370
"w262";371
"w164";372
"w84";373
"w198";374
"w260";375
"w244";376
"w36";377
"w100";378
"w228";379
"w132";380
"w212";381
"w196";382
"w4";383
"w68";384
