"user";"data";"pstrat";"no.terms"
23.31;"o1";"p1";1471
10.56;"o2";"p1";1424
9.25999999999999;"o3";"p1";1381
7.63;"o4";"p1";1386
7.47;"o5";"p1";1389
7.5;"o6";"p1";1427
6.75;"o7";"p1";1436
4.64000000000001;"o8";"p1";1365
4.49000000000001;"o9";"p1";1316
6.97;"o10";"p1";1335
4.53;"o11";"p1";1370
3.63999999999999;"o12";"p1";1440
3.28;"o13";"p1";1436
2.91999999999999;"o14";"p1";1341
2.66999999999999;"o15";"p1";1365
2.31;"o16";"p1";1454
1.47999999999999;"o17";"p1";1456
1.32000000000002;"o18";"p1";1405
1.41;"o19";"p1";1515
2.15000000000001;"o20";"p1";1466
9.28;"o21";"p1";1426
5.26999999999998;"o22";"p1";1417
3.97999999999999;"n1";"p1";1946
4.43000000000001;"n2";"p1";2379
5.94999999999999;"n3";"p1";2251
4.65000000000001;"n4";"p1";1464
3.13;"n5";"p1";1248
5.86000000000001;"n6";"p1";1225
3.59;"n7";"p1";1387
4.06999999999999;"n8";"p1";2004
3.64000000000001;"n9";"p1";1564
4.38;"n10";"p1";2188
7.31999999999999;"n11";"p1";2773
5.10999999999996;"n12";"p1";2829
3.94;"n13";"p1";1935
3.41999999999996;"n14";"p1";1615
3.70999999999998;"n15";"p1";1937
3.56;"n16";"p1";1965
3.69;"n17";"p1";1725
3.19;"n18";"p1";1387
6.5;"n19";"p1";1984
5.11000000000001;"n20";"p1";1818
3.79000000000002;"n21";"p1";1754
6.10000000000002;"n22";"p1";1895
3.38;"n23";"p1";1625
6.13999999999999;"r1";"p1";634
1.05000000000001;"r2";"p1";1650
1.42999999999995;"r3";"p1";1705
0.699999999999989;"r4";"p1";1230
1.21999999999997;"r5";"p1";1522
93.22;"o1";"p2";698
48.91;"o2";"p2";383
39.54;"o3";"p2";285
35.27;"o4";"p2";225
35.1;"o5";"p2";303
35.86;"o6";"p2";186
32.36;"o7";"p2";297
22.9399999999999;"o8";"p2";277
21.62;"o9";"p2";238
32.25;"o10";"p2";278
22.88;"o11";"p2";145
19.3200000000001;"o12";"p2";223
18.23;"o13";"p2";318
15.29;"o14";"p2";235
14.3000000000001;"o15";"p2";262
13.86;"o16";"p2";243
10.25;"o17";"p2";218
9.29999999999995;"o18";"p2";164
10.0600000000001;"o19";"p2";104
13.13;"o20";"p2";240
42.53;"o21";"p2";336
25.5599999999999;"o22";"p2";344
22.89;"n1";"p2";518
30.1999999999999;"n2";"p2";201
35.9599999999999;"n3";"p2";171
18.05;"n4";"p2";55
14;"n5";"p2";102
20.1099999999999;"n6";"p2";201
16.45;"n7";"p2";575
25.2700000000002;"n8";"p2";750
18.45;"n9";"p2";154
28.25;"n10";"p2";372
51.5;"n11";"p2";460
39.5;"n12";"p2";455
24.45;"n13";"p2";346
19.0200000000002;"n14";"p2";289
22.4300000000001;"n15";"p2";400
21.6000000000001;"n16";"p2";393
20.74;"n17";"p2";1017
15.8899999999999;"n18";"p2";778
33.72;"n19";"p2";714
27.6000000000001;"n20";"p2";746
21.3800000000001;"n21";"p2";418
33.76;"n22";"p2";419
18.03;"n23";"p2";625
17.46;"r1";"p2";467
9.58999999999992;"r2";"p2";288
12.0599999999999;"r3";"p2";461
5.88999999999987;"r4";"p2";122
9.73000000000002;"r5";"p2";386
18.97;"o1";"p3";808
10.55;"o2";"p3";760
8.95000000000005;"o3";"p3";749
7.83999999999992;"o4";"p3";790
7.68000000000006;"o5";"p3";749
7.71000000000004;"o6";"p3";753
6.78999999999996;"o7";"p3";781
4.76999999999998;"o8";"p3";722
4.72000000000003;"o9";"p3";723
7.17000000000007;"o10";"p3";681
4.66000000000008;"o11";"p3";696
3.86000000000013;"o12";"p3";785
3.47000000000003;"o13";"p3";772
3.07999999999993;"o14";"p3";707
2.75;"o15";"p3";736
2.44000000000005;"o16";"p3";760
1.55999999999995;"o17";"p3";754
1.30999999999995;"o18";"p3";693
1.41999999999985;"o19";"p3";819
2.20000000000005;"o20";"p3";741
9.04999999999995;"o21";"p3";785
5.13000000000011;"o22";"p3";764
3.95000000000005;"n1";"p3";971
4.44000000000005;"n2";"p3";1270
6.54999999999995;"n3";"p3";1216
4.69000000000005;"n4";"p3";732
3.16000000000008;"n5";"p3";700
5.86999999999989;"n6";"p3";672
3.6099999999999;"n7";"p3";675
4.07999999999993;"n8";"p3";1014
3.68000000000006;"n9";"p3";753
4.36000000000013;"n10";"p3";1129
7.15000000000009;"n11";"p3";1518
5.02999999999997;"n12";"p3";1524
3.96000000000004;"n13";"p3";952
3.42999999999984;"n14";"p3";780
3.75;"n15";"p3";969
3.52999999999997;"n16";"p3";1034
3.73000000000002;"n17";"p3";868
3.19000000000005;"n18";"p3";702
6.44000000000005;"n19";"p3";968
5.16999999999985;"n20";"p3";875
3.80999999999995;"n21";"p3";913
6.04999999999995;"n22";"p3";912
3.37999999999988;"n23";"p3";826
6.16999999999985;"r1";"p3";353
1.02999999999997;"r2";"p3";960
1.41999999999985;"r3";"p3";958
0.669999999999845;"r4";"p3";686
1.22000000000003;"r5";"p3";889
49.5599999999999;"o1";"p4";437
26.48;"o2";"p4";206
22.3900000000001;"o3";"p4";163
20.3000000000002;"o4";"p4";135
19.1100000000001;"o5";"p4";169
19.1800000000001;"o6";"p4";89
17.6199999999999;"o7";"p4";187
12.3400000000001;"o8";"p4";152
12.2199999999998;"o9";"p4";144
16.9700000000003;"o10";"p4";138
11.9400000000001;"o11";"p4";93
10.5300000000002;"o12";"p4";134
9.64000000000033;"o13";"p4";195
8.48999999999978;"o14";"p4";142
7.9399999999996;"o15";"p4";176
7.19000000000005;"o16";"p4";162
5.36000000000013;"o17";"p4";185
4.61000000000013;"o18";"p4";110
5.48000000000002;"o19";"p4";86
6.61999999999989;"o20";"p4";169
23.48;"o21";"p4";192
14.2199999999998;"o22";"p4";195
11.79;"n1";"p4";555
14.6900000000001;"n2";"p4";128
18.4499999999998;"n3";"p4";99
10.0599999999999;"n4";"p4";97
8.23000000000002;"n5";"p4";57
12.3699999999999;"n6";"p4";129
8.71000000000004;"n7";"p4";347
12.3800000000001;"n8";"p4";405
9.23000000000002;"n9";"p4";169
13.6500000000001;"n10";"p4";401
24.8600000000001;"n11";"p4";520
18.8299999999999;"n12";"p4";511
11.6300000000001;"n13";"p4";355
9.29999999999973;"n14";"p4";109
11.1099999999997;"n15";"p4";439
11.0999999999999;"n16";"p4";476
10.5099999999998;"n17";"p4";638
8.42000000000007;"n18";"p4";493
16.7399999999998;"n19";"p4";606
13.5900000000001;"n20";"p4";659
11.0500000000002;"n21";"p4";208
15.8600000000001;"n22";"p4";321
9.36000000000013;"n23";"p4";651
12.8099999999999;"r1";"p4";301
5.35999999999967;"r2";"p4";265
6.47000000000025;"r3";"p4";336
3.26999999999998;"r4";"p4";122
5.50999999999976;"r5";"p4";332
33.8600000000001;"o1";"p5";1289
17.3600000000001;"o2";"p5";1288
14.5300000000002;"o3";"p5";1239
13.3200000000002;"o4";"p5";1241
12.5799999999999;"o5";"p5";1245
12.8299999999999;"o6";"p5";1259
11.3400000000001;"o7";"p5";1276
7.73000000000002;"o8";"p5";1233
7.48000000000002;"o9";"p5";1214
11.5;"o10";"p5";1229
7.59000000000015;"o11";"p5";1238
6.01999999999998;"o12";"p5";1272
5.49000000000024;"o13";"p5";1267
4.80000000000018;"o14";"p5";1224
4.41000000000031;"o15";"p5";1248
3.89000000000033;"o16";"p5";1295
2.5300000000002;"o17";"p5";1296
2.19000000000005;"o18";"p5";1256
2.36000000000013;"o19";"p5";1343
3.61000000000013;"o20";"p5";1308
15.5;"o21";"p5";1287
8.63999999999987;"o22";"p5";1269
11.8099999999999;"n1";"p5";1759
12.4299999999998;"n2";"p5";2028
16.8600000000001;"n3";"p5";1938
12.8899999999999;"n4";"p5";1315
7.91999999999962;"n5";"p5";1137
15.3400000000001;"n6";"p5";1121
10.5;"n7";"p5";1295
11.0699999999997;"n8";"p5";1793
9.82999999999993;"n9";"p5";1429
12.0699999999997;"n10";"p5";1987
21.7800000000002;"n11";"p5";2414
14.8699999999999;"n12";"p5";2439
10.5999999999999;"n13";"p5";1817
8.75;"n14";"p5";1544
9.90000000000009;"n15";"p5";1805
10.1100000000001;"n16";"p5";1848
10.4500000000003;"n17";"p5";1604
8.63000000000011;"n18";"p5";1379
18.2399999999998;"n19";"p5";1799
14.1199999999999;"n20";"p5";1745
11.0499999999997;"n21";"p5";1660
16.2999999999997;"n22";"p5";1779
9.38999999999987;"n23";"p5";1549
7.46000000000004;"r1";"p5";605
1.2199999999998;"r2";"p5";1443
1.73000000000002;"r3";"p5";1459
0.849999999999909;"r4";"p5";1072
1.42000000000007;"r5";"p5";1293
91.8000000000002;"o1";"p6";652
50.3299999999999;"o2";"p6";391
41.3100000000004;"o3";"p6";281
37.1300000000001;"o4";"p6";113
35.79;"o5";"p6";175
36.9400000000001;"o6";"p6";203
33.8099999999999;"o7";"p6";291
23.8199999999997;"o8";"p6";255
23;"o9";"p6";130
33.6300000000001;"o10";"p6";180
23.7800000000002;"o11";"p6";71
19.25;"o12";"p6";213
17.8899999999999;"o13";"p6";304
15.8600000000001;"o14";"p6";111
14.8699999999999;"o15";"p6";92
14.21;"o16";"p6";236
10.0299999999997;"o17";"p6";55
9.11000000000013;"o18";"p6";57
9.98000000000002;"o19";"p6";42
12.96;"o20";"p6";100
45.6699999999996;"o21";"p6";334
26.5700000000002;"o22";"p6";336
28.7200000000003;"n1";"p6";502
32.73;"n2";"p6";196
41.8899999999999;"n3";"p6";171
24.79;"n4";"p6";58
17.5999999999999;"n5";"p6";94
28.4699999999998;"n6";"p6";183
22.6399999999999;"n7";"p6";530
29.6900000000001;"n8";"p6";349
22.8800000000001;"n9";"p6";144
32.77;"n10";"p6";346
59.8300000000004;"n11";"p6";432
43.6599999999999;"n12";"p6";433
29.1799999999994;"n13";"p6";327
23.7299999999996;"n14";"p6";284
27.3599999999997;"n15";"p6";392
26.8900000000003;"n16";"p6";390
26.3800000000001;"n17";"p6";564
21.21;"n18";"p6";741
42.8999999999996;"n19";"p6";724
36.1400000000003;"n20";"p6";738
27.3599999999997;"n21";"p6";400
42;"n22";"p6";420
23.3400000000001;"n23";"p6";614
18.5899999999992;"r1";"p6";453
8.5600000000004;"r2";"p6";268
10.3700000000008;"r3";"p6";411
5.26999999999953;"r4";"p6";107
8.4399999999996;"r5";"p6";358
33.4300000000003;"o1";"p7";793
17.2200000000003;"o2";"p7";746
14.6199999999999;"o3";"p7";747
12.7600000000002;"o4";"p7";746
12.6900000000005;"o5";"p7";720
12.6099999999997;"o6";"p7";731
11.3000000000002;"o7";"p7";748
7.72999999999956;"o8";"p7";709
7.47000000000025;"o9";"p7";708
11.4699999999993;"o10";"p7";684
7.55000000000018;"o11";"p7";695
6;"o12";"p7";754
5.5;"o13";"p7";748
4.86000000000058;"o14";"p7";701
4.39000000000033;"o15";"p7";706
3.88000000000011;"o16";"p7";745
2.5;"o17";"p7";752
2.19000000000051;"o18";"p7";703
2.35999999999967;"o19";"p7";794
3.60000000000036;"o20";"p7";744
16.0799999999999;"o21";"p7";754
8.59000000000015;"o22";"p7";747
11.2799999999997;"n1";"p7";989
12.5100000000002;"n2";"p7";1205
16.9099999999999;"n3";"p7";1170
12.9400000000005;"n4";"p7";747
7.96999999999935;"n5";"p7";704
15.3299999999999;"n6";"p7";694
10.6199999999999;"n7";"p7";700
11.0699999999997;"n8";"p7";1063
10.5100000000002;"n9";"p7";805
11.9700000000003;"n10";"p7";1178
21.6700000000001;"n11";"p7";1473
14.75;"n12";"p7";1477
10.75;"n13";"p7";1016
8.77999999999975;"n14";"p7";826
10.0600000000004;"n15";"p7";1008
10.04;"n16";"p7";1060
10.5799999999999;"n17";"p7";916
8.68000000000029;"n18";"p7";730
18.75;"n19";"p7";987
14.2799999999997;"n20";"p7";953
10.5200000000004;"n21";"p7";918
16.3599999999997;"n22";"p7";978
9.4399999999996;"n23";"p7";868
7.56999999999971;"r1";"p7";367
1.21999999999935;"r2";"p7";908
1.73000000000047;"r3";"p7";915
0.789999999999964;"r4";"p7";675
1.40999999999985;"r5";"p7";846
63;"o1";"p8";432
32.79;"o2";"p8";233
27.8900000000003;"o3";"p8";179
24.6500000000005;"o4";"p8";133
23.6900000000005;"o5";"p8";175
24.2000000000007;"o6";"p8";105
22.3800000000001;"o7";"p8";189
15.3299999999999;"o8";"p8";151
14.9699999999993;"o9";"p8";80
21.6399999999994;"o10";"p8";162
14.8999999999996;"o11";"p8";51
12.5;"o12";"p8";136
11.71;"o13";"p8";201
10.1900000000005;"o14";"p8";87
9.44999999999982;"o15";"p8";72
8.72000000000025;"o16";"p8";154
6.31999999999971;"o17";"p8";54
5.60999999999967;"o18";"p8";49
6.27999999999975;"o19";"p8";86
8.1899999999996;"o20";"p8";176
29.3000000000002;"o21";"p8";205
17.8400000000001;"o22";"p8";207
18.7200000000003;"n1";"p8";372
22.3100000000004;"n2";"p8";132
28.5599999999995;"n3";"p8";96
18.5900000000001;"n4";"p8";117
13.3299999999999;"n5";"p8";57
22.2600000000002;"n6";"p8";125
15.8000000000002;"n7";"p8";361
20.5299999999997;"n8";"p8";441
16.0799999999999;"n9";"p8";199
22.1399999999994;"n10";"p8";242
39.1799999999994;"n11";"p8";508
28.29;"n12";"p8";512
19.1899999999996;"n13";"p8";223
15.21;"n14";"p8";116
18.3900000000003;"n15";"p8";472
17.7300000000005;"n16";"p8";500
17.8900000000003;"n17";"p8";672
14.2699999999995;"n18";"p8";485
28.8699999999999;"n19";"p8";465
23.75;"n20";"p8";522
18.1300000000001;"n21";"p8";211
27.0199999999995;"n22";"p8";241
16.4399999999996;"n23";"p8";668
13.8299999999999;"r1";"p8";318
5.38999999999942;"r2";"p8";249
6.45000000000073;"r3";"p8";323
3.35000000000036;"r4";"p8";107
5.59000000000015;"r5";"p8";318
32.4300000000003;"o1";"p9";1401
17.7200000000003;"o2";"p9";1350
14.8000000000002;"o3";"p9";1308
12.9200000000001;"o4";"p9";1314
12.6599999999999;"o5";"p9";1319
12.8800000000001;"o6";"p9";1357
11.3000000000002;"o7";"p9";1361
8.14999999999964;"o8";"p9";1291
8.57999999999993;"o9";"p9";1245
12;"o10";"p9";1262
8.06999999999971;"o11";"p9";1296
6.22000000000025;"o12";"p9";1367
5.80000000000018;"o13";"p9";1363
5.10999999999967;"o14";"p9";1271
4.64000000000033;"o15";"p9";1291
3.94000000000051;"o16";"p9";1381
2.56999999999971;"o17";"p9";1386
2.30000000000018;"o18";"p9";1336
2.41000000000076;"o19";"p9";1445
3.71000000000004;"o20";"p9";1395
15.71;"o21";"p9";1353
8.98999999999978;"o22";"p9";1344
5.36999999999989;"n1";"p9";1827
5.75;"n2";"p9";2255
7.75999999999931;"n3";"p9";2130
6.30999999999949;"n4";"p9";1361
4.77999999999975;"n5";"p9";1139
8.40000000000055;"n6";"p9";1116
5.3100000000004;"n7";"p9";1276
5.65000000000055;"n8";"p9";1885
5.29999999999927;"n9";"p9";1453
5.85999999999967;"n10";"p9";2068
9.17000000000007;"n11";"p9";2648
6.36999999999989;"n12";"p9";2701
5.60000000000036;"n13";"p9";1814
5.05000000000018;"n14";"p9";1502
5.14000000000033;"n15";"p9";1821
4.85999999999967;"n16";"p9";1839
5.36999999999989;"n17";"p9";1603
4.8799999999992;"n18";"p9";1270
8.64999999999964;"n19";"p9";1867
7.26000000000022;"n20";"p9";1702
5.39000000000033;"n21";"p9";1634
8.43000000000029;"n22";"p9";1783
4.84999999999945;"n23";"p9";1509
12.2600000000002;"r1";"p9";568
1.98000000000047;"r2";"p9";1566
2.6899999999996;"r3";"p9";1620
1.32000000000062;"r4";"p9";1147
2.26999999999953;"r5";"p9";1437
98.1900000000005;"o1";"p10";675
52.4100000000008;"o2";"p10";376
43.1800000000003;"o3";"p10";277
38.2199999999993;"o4";"p10";222
38.4899999999998;"o5";"p10";299
39.4399999999996;"o6";"p10";188
35.25;"o7";"p10";288
24.8799999999992;"o8";"p10";279
24.1600000000008;"o9";"p10";237
35.4100000000008;"o10";"p10";278
25.29;"o11";"p10";144
21.0299999999997;"o12";"p10";217
19.3599999999997;"o13";"p10";314
17.2200000000003;"o14";"p10";231
15.8100000000004;"o15";"p10";251
14.7299999999996;"o16";"p10";241
10.9200000000001;"o17";"p10";205
9.92000000000007;"o18";"p10";161
10.75;"o19";"p10";97
14.1199999999999;"o20";"p10";228
46.6100000000006;"o21";"p10";331
27.7699999999995;"o22";"p10";331
22.3599999999997;"n1";"p10";458
29.7800000000007;"n2";"p10";190
35.4700000000003;"n3";"p10";161
18.6099999999997;"n4";"p10";53
14.3199999999997;"n5";"p10";102
21.21;"n6";"p10";201
16.4899999999998;"n7";"p10";518
24.8599999999997;"n8";"p10";718
18.7699999999995;"n9";"p10";147
27.8900000000003;"n10";"p10";352
50.0499999999993;"n11";"p10";454
39.3800000000001;"n12";"p10";446
23.8400000000001;"n13";"p10";340
19.6400000000003;"n14";"p10";276
22.1300000000001;"n15";"p10";376
21.0299999999997;"n16";"p10";380
20.7999999999993;"n17";"p10";896
16.0899999999992;"n18";"p10";682
33.5099999999993;"n19";"p10";648
28.0599999999995;"n20";"p10";652
21.4700000000003;"n21";"p10";413
32.9200000000001;"n22";"p10";399
18.1700000000001;"n23";"p10";535
22.3299999999999;"r1";"p10";414
10.0500000000002;"r2";"p10";273
12.7800000000007;"r3";"p10";444
6.17999999999938;"r4";"p10";116
10.2399999999998;"r5";"p10";356
32.46;"o1";"p11";745
17.4899999999998;"o2";"p11";696
14.5100000000002;"o3";"p11";685
12.7000000000007;"o4";"p11";725
12.5299999999997;"o5";"p11";685
12.6700000000001;"o6";"p11";689
11.2299999999996;"o7";"p11";714
8.05999999999949;"o8";"p11";659
7.96000000000004;"o9";"p11";658
11.8800000000001;"o10";"p11";618
8.01999999999953;"o11";"p11";634
6.21999999999935;"o12";"p11";719
5.72999999999956;"o13";"p11";709
5.09000000000015;"o14";"p11";643
4.5600000000004;"o15";"p11";670
3.93000000000029;"o16";"p11";696
2.53999999999996;"o17";"p11";695
2.27999999999975;"o18";"p11";630
2.39000000000033;"o19";"p11";754
3.67999999999938;"o20";"p11";678
15.5199999999995;"o21";"p11";720
8.92000000000007;"o22";"p11";697
5.34000000000015;"n1";"p11";855
5.73999999999978;"n2";"p11";1150
7.72000000000025;"n3";"p11";1098
6.32000000000062;"n4";"p11";637
4.78000000000065;"n5";"p11";604
8.32999999999993;"n6";"p11";578
5.28999999999996;"n7";"p11";582
5.60999999999967;"n8";"p11";901
5.26000000000022;"n9";"p11";655
5.78999999999996;"n10";"p11";1016
9.06999999999971;"n11";"p11";1397
6.32999999999993;"n12";"p11";1408
5.51999999999953;"n13";"p11";846
5.05000000000018;"n14";"p11";672
5.10999999999967;"n15";"p11";851
4.81999999999971;"n16";"p11";921
5.33999999999924;"n17";"p11";761
4.83999999999924;"n18";"p11";604
8.63999999999942;"n19";"p11";857
7.25;"n20";"p11";764
5.39000000000033;"n21";"p11";806
8.43000000000029;"n22";"p11";804
4.82000000000062;"n23";"p11";714
12.2800000000007;"r1";"p11";296
1.93000000000029;"r2";"p11";882
2.68000000000029;"r3";"p11";879
1.3100000000004;"r4";"p11";610
2.27999999999975;"r5";"p11";812
59.3000000000002;"o1";"p12";415
31.7799999999988;"o2";"p12";199
26.6099999999988;"o3";"p12";157
24.1800000000003;"o4";"p12";134
22.8600000000006;"o5";"p12";164
23.1900000000005;"o6";"p12";89
20.9399999999987;"o7";"p12";176
15.0300000000007;"o8";"p12";153
14.8000000000011;"o9";"p12";141
20.9799999999996;"o10";"p12";138
14.5300000000007;"o11";"p12";91
12.4899999999998;"o12";"p12";129
11.4599999999991;"o13";"p12";191
9.98999999999978;"o14";"p12";139
9.39999999999964;"o15";"p12";164
8.25;"o16";"p12";158
6.64999999999964;"o17";"p12";172
5.29999999999927;"o18";"p12";107
6.09000000000015;"o19";"p12";80
7.80999999999949;"o20";"p12";155
28.6700000000001;"o21";"p12";185
16.8299999999999;"o22";"p12";183
11.5399999999991;"n1";"p12";467
14.8899999999994;"n2";"p12";114
18.6900000000005;"n3";"p12";89
11.0300000000007;"n4";"p12";91
9.07999999999993;"n5";"p12";59
13.8299999999999;"n6";"p12";127
9.44000000000051;"n7";"p12";287
12.8200000000015;"n8";"p12";368
10;"n9";"p12";155
13.9699999999993;"n10";"p12";355
25.3700000000008;"n11";"p12";485
19.0300000000007;"n12";"p12";491
12.1200000000008;"n13";"p12";328
10.0599999999995;"n14";"p12";96
11.3100000000013;"n15";"p12";381
11.3400000000001;"n16";"p12";423
11.1900000000005;"n17";"p12";525
9.21000000000095;"n18";"p12";405
17.2799999999988;"n19";"p12";521
14.3500000000004;"n20";"p12";553
12.2099999999991;"n21";"p12";201
16.8600000000006;"n22";"p12";287
9.89999999999964;"n23";"p12";541
17.1299999999992;"r1";"p12";251
5.86000000000058;"r2";"p12";251
7.29000000000087;"r3";"p12";320
3.69000000000051;"r4";"p12";116
6.20000000000073;"r5";"p12";301
45.8299999999999;"o1";"p13";1221
24.3799999999992;"o2";"p13";1217
20.5499999999993;"o3";"p13";1171
18.3700000000008;"o4";"p13";1174
17.6000000000004;"o5";"p13";1179
17.9399999999987;"o6";"p13";1194
15.75;"o7";"p13";1207
11.1399999999994;"o8";"p13";1161
10.7700000000004;"o9";"p13";1146
16.3899999999994;"o10";"p13";1160
10.8999999999996;"o11";"p13";1167
8.47999999999956;"o12";"p13";1202
7.81999999999971;"o13";"p13";1197
6.89999999999964;"o14";"p13";1156
6.30999999999949;"o15";"p13";1177
5.45000000000073;"o16";"p13";1225
3.55999999999949;"o17";"p13";1228
3.1299999999992;"o18";"p13";1191
3.36000000000058;"o19";"p13";1275
5.06999999999971;"o20";"p13";1241
21.8000000000011;"o21";"p13";1219
12.2200000000012;"o22";"p13";1199
13.1599999999999;"n1";"p13";1655
13.619999999999;"n2";"p13";1919
18.5399999999991;"n3";"p13";1831
14.5599999999995;"n4";"p13";1221
9.46999999999935;"n5";"p13";1040
17.8700000000008;"n6";"p13";1024
12.2200000000012;"n7";"p13";1196
12.5500000000011;"n8";"p13";1687
11.369999999999;"n9";"p13";1331
13.4499999999989;"n10";"p13";1881
23.5100000000002;"n11";"p13";2301
16.0399999999991;"n12";"p13";2327
12.1599999999999;"n13";"p13";1707
10.2999999999993;"n14";"p13";1438
11.1800000000003;"n15";"p13";1701
11.4200000000001;"n16";"p13";1737
12.0300000000007;"n17";"p13";1499
10.2800000000007;"n18";"p13";1274
20.3899999999994;"n19";"p13";1693
16.2300000000014;"n20";"p13";1642
12.5699999999997;"n21";"p13";1549
18.5699999999997;"n22";"p13";1678
10.7799999999988;"n23";"p13";1443
13.5900000000001;"r1";"p13";542
2.11000000000058;"r2";"p13";1365
2.9900000000016;"r3";"p13";1381
1.43999999999869;"r4";"p13";995
2.51000000000022;"r5";"p13";1214
100.41;"o1";"p14";623
54.3700000000008;"o2";"p14";385
45.5499999999993;"o3";"p14";276
40.4200000000001;"o4";"p14";115
39.9099999999999;"o5";"p14";172
39.8299999999999;"o6";"p14";200
36.0500000000011;"o7";"p14";281
25.6700000000001;"o8";"p14";252
24.9399999999987;"o9";"p14";130
37.2800000000007;"o10";"p14";178
25.7099999999991;"o11";"p14";70
21.2699999999986;"o12";"p14";206
19.1499999999996;"o13";"p14";295
17.119999999999;"o14";"p14";113
15.8899999999994;"o15";"p14";89
14.6399999999994;"o16";"p14";232
10.6099999999988;"o17";"p14";55
9.69000000000051;"o18";"p14";56
10.4500000000007;"o19";"p14";39
13.9400000000005;"o20";"p14";96
48.4200000000001;"o21";"p14";329
28.7799999999988;"o22";"p14";330
28.1100000000006;"n1";"p14";450
32.3799999999992;"n2";"p14";184
41.1100000000006;"n3";"p14";164
25.3299999999999;"n4";"p14";58
17.9699999999993;"n5";"p14";94
29.25;"n6";"p14";184
22.6399999999994;"n7";"p14";477
29.9700000000012;"n8";"p14";338
23.4099999999999;"n9";"p14";144
32.5599999999995;"n10";"p14";327
57.1999999999989;"n11";"p14";429
42.7399999999998;"n12";"p14";420
29.3600000000006;"n13";"p14";322
23.7899999999991;"n14";"p14";269
27.2099999999991;"n15";"p14";372
26.6100000000006;"n16";"p14";374
26.0599999999995;"n17";"p14";481
21.6599999999999;"n18";"p14";650
42.75;"n19";"p14";653
36.0500000000011;"n20";"p14";656
27.1000000000004;"n21";"p14";399
41.5400000000009;"n22";"p14";409
23.0900000000001;"n23";"p14";531
23.0299999999988;"r1";"p14";398
8.89999999999964;"r2";"p14";262
11.1299999999992;"r3";"p14";399
5.51999999999862;"r4";"p14";103
9.54999999999927;"r5";"p14";329
45.3199999999997;"o1";"p15";730
24.2700000000004;"o2";"p15";685
20.4799999999996;"o3";"p15";684
17.75;"o4";"p15";683
17.5499999999993;"o5";"p15";658
17.6100000000006;"o6";"p15";669
16.25;"o7";"p15";684
11.0400000000009;"o8";"p15";646
10.6499999999996;"o9";"p15";646
16.3399999999983;"o10";"p15";621
10.7800000000007;"o11";"p15";637
8.43999999999869;"o12";"p15";691
7.80000000000109;"o13";"p15";687
6.94000000000051;"o14";"p15";639
6.22999999999956;"o15";"p15";642
5.38999999999942;"o16";"p15";684
3.5;"o17";"p15";691
3.10999999999876;"o18";"p15";642
3.35999999999876;"o19";"p15";731
5.04999999999927;"o20";"p15";681
21.6399999999994;"o21";"p15";693
12.1099999999988;"o22";"p15";682
12.5300000000007;"n1";"p15";885
13.6899999999987;"n2";"p15";1099
18.3400000000001;"n3";"p15";1064
14.9699999999993;"n4";"p15";662
9.46999999999935;"n5";"p15";617
17.7299999999996;"n6";"p15";608
12.2099999999991;"n7";"p15";616
12.5300000000007;"n8";"p15";961
11.5;"n9";"p15";719
13.3099999999995;"n10";"p15";1076
23.3499999999985;"n11";"p15";1367
15.9500000000007;"n12";"p15";1373
12.6400000000012;"n13";"p15";922
10.2600000000002;"n14";"p15";729
11.3300000000017;"n15";"p15";903
11.2700000000004;"n16";"p15";957
12.1000000000004;"n17";"p15";821
10.25;"n18";"p15";643
20.4200000000001;"n19";"p15";886
16.25;"n20";"p15";854
11.9700000000012;"n21";"p15";821
18.5;"n22";"p15";882
11.3199999999997;"n23";"p15";766
13.6299999999992;"r1";"p15";313
2.09000000000015;"r2";"p15";833
2.95000000000073;"r3";"p15";841
1.40999999999985;"r4";"p15";602
2.52000000000044;"r5";"p15";773
72.2800000000007;"o1";"p16";406
38.0300000000007;"o2";"p16";225
32.7900000000009;"o3";"p16";176
28.5500000000011;"o4";"p16";131
27.3899999999994;"o5";"p16";169
28;"o6";"p16";103
25.0200000000004;"o7";"p16";177
17.8899999999994;"o8";"p16";147
17.5300000000007;"o9";"p16";80
25.3099999999995;"o10";"p16";161
17.4699999999993;"o11";"p16";49
14.4799999999996;"o12";"p16";130
13.9699999999993;"o13";"p16";195
11.8300000000017;"o14";"p16";89
10.6999999999989;"o15";"p16";70
9.79000000000087;"o16";"p16";149
7;"o17";"p16";54
6.23000000000138;"o18";"p16";48
6.94999999999891;"o19";"p16";87
9.19000000000051;"o20";"p16";168
34.1700000000001;"o21";"p16";198
20.0900000000001;"o22";"p16";201
19.1399999999994;"n1";"p16";319
22.3099999999995;"n2";"p16";119
28.8099999999995;"n3";"p16";90
19.9300000000003;"n4";"p16";110
14;"n5";"p16";57
23.7199999999993;"n6";"p16";125
16.5199999999986;"n7";"p16";305
20.4200000000001;"n8";"p16";404
16.8500000000004;"n9";"p16";187
22.1000000000004;"n10";"p16";222
39.2199999999993;"n11";"p16";476
28.1000000000004;"n12";"p16";489
19.6099999999988;"n13";"p16";217
15.8899999999994;"n14";"p16";101
18.1399999999994;"n15";"p16";416
18.0199999999986;"n16";"p16";452
18.3000000000011;"n17";"p16";571
15.0400000000009;"n18";"p16";401
29.7099999999991;"n19";"p16";398
24.4799999999996;"n20";"p16";435
18.5100000000002;"n21";"p16";208
28.1100000000006;"n22";"p16";228
16.2399999999998;"n23";"p16";565
18.7299999999996;"r1";"p16";268
5.81999999999971;"r2";"p16";243
7.25;"r3";"p16";311
3.67000000000007;"r4";"p16";103
6.19000000000051;"r5";"p16";289
56.2899999999991;"o1";"p17";1282
30.8999999999996;"o2";"p17";1223
25.7100000000009;"o3";"p17";1182
22.3299999999999;"o4";"p17";1199
21.9500000000007;"o5";"p17";1203
22.3500000000004;"o6";"p17";1238
19.6700000000001;"o7";"p17";1245
14.1800000000003;"o8";"p17";1172
14.0799999999999;"o9";"p17";1129
21.1599999999999;"o10";"p17";1144
14.1100000000006;"o11";"p17";1175
10.8899999999994;"o12";"p17";1247
10.1499999999996;"o13";"p17";1239
9.09000000000015;"o14";"p17";1149
8.1200000000008;"o15";"p17";1176
6.90999999999985;"o16";"p17";1257
4.5;"o17";"p17";1258
4.02999999999884;"o18";"p17";1217
4.18000000000029;"o19";"p17";1319
6.42000000000007;"o20";"p17";1267
27.5100000000002;"o21";"p17";1230
15.6900000000005;"o22";"p17";1222
8;"n1";"p17";1578
8.53000000000065;"n2";"p17";1983
11.4499999999989;"n3";"p17";1859
9.36000000000058;"n4";"p17";1142
7.63999999999942;"n5";"p17";938
12.7099999999991;"n6";"p17";913
8.1200000000008;"n7";"p17";1085
8.55999999999949;"n8";"p17";1646
8.17000000000007;"n9";"p17";1226
8.72999999999956;"n10";"p17";1811
13.3299999999999;"n11";"p17";2375
9.35000000000036;"n12";"p17";2434
8.43000000000029;"n13";"p17";1568
7.93999999999869;"n14";"p17";1285
7.82000000000153;"n15";"p17";1585
7.27999999999884;"n16";"p17";1599
8.20000000000073;"n17";"p17";1383
7.71999999999935;"n18";"p17";1068
12.8000000000011;"n19";"p17";1620
11.1000000000004;"n20";"p17";1464
8.32999999999993;"n21";"p17";1407
12.8799999999992;"n22";"p17";1536
7.38999999999942;"n23";"p17";1283
22.2800000000007;"r1";"p17";500
3.69000000000051;"r2";"p17";1399
5.05000000000109;"r3";"p17";1448
2.43000000000029;"r4";"p17";997
4.26000000000022;"r5";"p17";1271
115.009999999998;"o1";"p18";657
61.7300000000014;"o2";"p18";375
51.3299999999999;"o3";"p18";272
45.6000000000004;"o4";"p18";223
44.75;"o5";"p18";290
46.0900000000001;"o6";"p18";188
40.7099999999991;"o7";"p18";286
29.7999999999993;"o8";"p18";270
27.7799999999988;"o9";"p18";234
41.3700000000008;"o10";"p18";270
28.8599999999988;"o11";"p18";144
23.5;"o12";"p18";216
22.2299999999996;"o13";"p18";315
19.2700000000004;"o14";"p18";230
17.8700000000008;"o15";"p18";240
16.2199999999993;"o16";"p18";238
11.7900000000009;"o17";"p18";203
10.6599999999999;"o18";"p18";162
11.6899999999987;"o19";"p18";96
15.369999999999;"o20";"p18";231
54.7199999999993;"o21";"p18";325
32.7399999999998;"o22";"p18";327
22;"n1";"p18";387
28.3499999999985;"n2";"p18";187
33.5299999999988;"n3";"p18";159
19;"n4";"p18";51
15.0100000000002;"n5";"p18";99
22.9499999999989;"n6";"p18";190
17.3600000000006;"n7";"p18";434
24.5299999999988;"n8";"p18";666
18.6100000000006;"n9";"p18";146
26.5699999999997;"n10";"p18";337
48.3199999999997;"n11";"p18";440
37.4499999999989;"n12";"p18";433
23.6400000000012;"n13";"p18";342
19.1299999999992;"n14";"p18";273
22.3299999999999;"n15";"p18";347
20.7200000000012;"n16";"p18";366
20.8199999999997;"n17";"p18";743
16.8099999999995;"n18";"p18";561
33.3300000000017;"n19";"p18";598
27.7299999999996;"n20";"p18";552
21.4099999999999;"n21";"p18";409
32.6500000000015;"n22";"p18";386
18.0099999999984;"n23";"p18";429
31.1700000000001;"r1";"p18";366
11.2799999999988;"r2";"p18";263
13.75;"r3";"p18";424
6.45999999999913;"r4";"p18";110
11.0799999999999;"r5";"p18";336
55.4800000000014;"o1";"p19";658
30.8999999999996;"o2";"p19";607
25.5599999999995;"o3";"p19";603
22.2800000000007;"o4";"p19";641
21.8099999999995;"o5";"p19";603
22.1500000000015;"o6";"p19";603
19.5900000000001;"o7";"p19";629
14.1999999999989;"o8";"p19";580
13.9399999999987;"o9";"p19";580
21.0600000000013;"o10";"p19";540
14.0699999999997;"o11";"p19";556
10.8299999999999;"o12";"p19";632
10.1600000000017;"o13";"p19";621
9.04999999999927;"o14";"p19";564
8.11000000000058;"o15";"p19";588
6.84000000000015;"o16";"p19";614
4.61000000000058;"o17";"p19";613
4.04000000000087;"o18";"p19";555
4.15999999999985;"o19";"p19";667
6.36000000000058;"o20";"p19";596
27.2200000000012;"o21";"p19";630
15.6400000000012;"o22";"p19";610
7.97999999999956;"n1";"p19";662
8.40999999999985;"n2";"p19";926
11.3599999999988;"n3";"p19";875
9.34000000000015;"n4";"p19";473
7.54999999999927;"n5";"p19";443
12.7199999999993;"n6";"p19";432
8.14999999999964;"n7";"p19";433
8.55000000000109;"n8";"p19";712
8.11999999999898;"n9";"p19";491
8.69000000000051;"n10";"p19";809
13.119999999999;"n11";"p19";1172
9.26000000000022;"n12";"p19";1182
8.43000000000029;"n13";"p19";661
7.86999999999898;"n14";"p19";509
7.72999999999956;"n15";"p19";662
7.26000000000022;"n16";"p19";727
8.23999999999978;"n17";"p19";593
7.63000000000102;"n18";"p19";455
12.75;"n19";"p19";656
11.0799999999999;"n20";"p19";575
8.35000000000036;"n21";"p19";640
12.7299999999996;"n22";"p19";618
7.42000000000007;"n23";"p19";544
22.2200000000012;"r1";"p19";259
3.68000000000029;"r2";"p19";769
5.01000000000022;"r3";"p19";758
2.42999999999847;"r4";"p19";515
4.27000000000044;"r5";"p19";691
78.8899999999994;"o1";"p20";393
42.8900000000012;"o2";"p20";198
35.6399999999994;"o3";"p20";153
32.1599999999999;"o4";"p20";132
30.7900000000009;"o5";"p20";159
31.0599999999995;"o6";"p20";89
27.9200000000001;"o7";"p20";176
20.2199999999993;"o8";"p20";146
19.8700000000008;"o9";"p20";137
28.5;"o10";"p20";133
20.0499999999993;"o11";"p20";91
16.1499999999996;"o12";"p20";127
14.9500000000007;"o13";"p20";189
13.1999999999989;"o14";"p20";138
12.1499999999996;"o15";"p20";155
10.6700000000001;"o16";"p20";155
7.44000000000051;"o17";"p20";168
6.57999999999993;"o18";"p20";109
7.32000000000153;"o19";"p20";79
9.82999999999993;"o20";"p20";157
38.2600000000002;"o21";"p20";180
23.3299999999999;"o22";"p20";181
13.2399999999998;"n1";"p20";364
16.2299999999996;"n2";"p20";112
19.8000000000011;"n3";"p20";87
12.6499999999996;"n4";"p20";86
10.6000000000004;"n5";"p20";56
16.7800000000007;"n6";"p20";123
11.0799999999999;"n7";"p20";216
13.9300000000003;"n8";"p20";317
11.5600000000013;"n9";"p20";134
14.7800000000007;"n10";"p20";316
25.6700000000001;"n11";"p20";456
19.1800000000003;"n12";"p20";457
13.3999999999996;"n13";"p20";304
11.5;"n14";"p20";91
12.3999999999996;"n15";"p20";325
12.0799999999999;"n16";"p20";362
12.4800000000014;"n17";"p20";392
10.8999999999996;"n18";"p20";305
19.5799999999981;"n19";"p20";405
16.119999999999;"n20";"p20";411
12.9700000000012;"n21";"p20";202
18.7200000000012;"n22";"p20";252
11.0299999999988;"n23";"p20";399
26.4599999999991;"r1";"p20";221
6.98999999999796;"r2";"p20";242
8.84000000000015;"r3";"p20";302
4.31000000000131;"r4";"p20";110
7.52000000000044;"r5";"p20";280
69.130000000001;"o1";"p21";1125
37.6100000000006;"o2";"p21";1114
31.4199999999983;"o3";"p21";1076
27.8600000000006;"o4";"p21";1084
26.9700000000012;"o5";"p21";1084
27.25;"o6";"p21";1096
24.2000000000007;"o7";"p21";1113
17.2099999999991;"o8";"p21";1070
16.7000000000007;"o9";"p21";1054
25.5199999999968;"o10";"p21";1066
16.9200000000019;"o11";"p21";1074
13.1000000000022;"o12";"p21";1103
12.1599999999999;"o13";"p21";1104
10.9599999999991;"o14";"p21";1061
9.75;"o15";"p21";1084
8.30999999999767;"o16";"p21";1130
5.45000000000073;"o17";"p21";1128
4.83000000000175;"o18";"p21";1099
5.09999999999854;"o19";"p21";1175
7.77000000000044;"o20";"p21";1139
33.4300000000003;"o21";"p21";1115
18.8899999999994;"o22";"p21";1105
15.630000000001;"n1";"p21";1483
16.369999999999;"n2";"p21";1755
22.0500000000029;"n3";"p21";1665
17.5699999999997;"n4";"p21";1061
12.2200000000012;"n5";"p21";884
22.0900000000001;"n6";"p21";867
15.1100000000006;"n7";"p21";1053
15.5;"n8";"p21";1526
14.3299999999981;"n9";"p21";1163
16.130000000001;"n10";"p21";1721
27.5900000000001;"n11";"p21";2133
18.8300000000017;"n12";"p21";2157
15.130000000001;"n13";"p21";1537
13.119999999999;"n14";"p21";1279
13.8600000000006;"n15";"p21";1540
13.6700000000019;"n16";"p21";1571
14.9300000000003;"n17";"p21";1335
13.0200000000004;"n18";"p21";1111
24.5799999999981;"n19";"p21";1533
20.4900000000016;"n20";"p21";1478
14.9300000000003;"n21";"p21";1384
22.8300000000017;"n22";"p21";1518
13.380000000001;"n23";"p21";1279
23.5999999999985;"r1";"p21";473
3.79999999999927;"r2";"p21";1233
5.31000000000131;"r3";"p21";1248
2.5;"r4";"p21";883
4.5199999999968;"r5";"p21";1087
116.75;"o1";"p22";605
64.7099999999991;"o2";"p22";381
53.7200000000012;"o3";"p22";269
46.7100000000028;"o4";"p22";114
47.0499999999993;"o5";"p22";170
47.1100000000006;"o6";"p22";202
41.7599999999984;"o7";"p22";279
30.2200000000012;"o8";"p22";248
29.7799999999988;"o9";"p22";131
44.2099999999991;"o10";"p22";176
30.0599999999977;"o11";"p22";72
23.9200000000019;"o12";"p22";205
22.2200000000012;"o13";"p22";291
19.9099999999999;"o14";"p22";112
18.3400000000001;"o15";"p22";89
16.4900000000016;"o16";"p22";228
11.7999999999993;"o17";"p22";55
10.7400000000016;"o18";"p22";56
11.3999999999978;"o19";"p22";40
15.5099999999984;"o20";"p22";96
57.5900000000001;"o21";"p22";320
33.4099999999999;"o22";"p22";324
28.1900000000023;"n1";"p22";398
32.8300000000017;"n2";"p22";183
41.2700000000004;"n3";"p22";166
26.6800000000003;"n4";"p22";57
19.239999999998;"n5";"p22";95
31.369999999999;"n6";"p22";177
24;"n7";"p22";405
30.1899999999987;"n8";"p22";330
24.1999999999971;"n9";"p22";143
33.2000000000007;"n10";"p22";314
57.0600000000013;"n11";"p22";411
42.1899999999987;"n12";"p22";417
29.7200000000012;"n13";"p22";320
24.4500000000007;"n14";"p22";263
27.3899999999994;"n15";"p22";338
27.0299999999988;"n16";"p22";361
27.5499999999993;"n17";"p22";403
22.4599999999991;"n18";"p22";551
44.0200000000004;"n19";"p22";600
37.1499999999978;"n20";"p22";574
27.7700000000004;"n21";"p22";386
42.5499999999993;"n22";"p22";395
24.2700000000004;"n23";"p22";443
32.2900000000009;"r1";"p22";349
9.77000000000044;"r2";"p22";248
12.3500000000022;"r3";"p22";383
6.09000000000015;"r4";"p22";95
10.1100000000006;"r5";"p22";311
68.8799999999974;"o1";"p23";656
37.5400000000009;"o2";"p23";603
31.2900000000009;"o3";"p23";609
27.6900000000023;"o4";"p23";611
26.6599999999999;"o5";"p23";585
27.1700000000019;"o6";"p23";591
24.0200000000004;"o7";"p23";611
17.1599999999999;"o8";"p23";576
16.7099999999991;"o9";"p23";576
25.489999999998;"o10";"p23";552
16.8899999999994;"o11";"p23";566
13.0600000000013;"o12";"p23";620
12.119999999999;"o13";"p23";609
10.8299999999981;"o14";"p23";569
9.76000000000204;"o15";"p23";569
8.29999999999927;"o16";"p23";610
5.43999999999869;"o17";"p23";617
4.81999999999971;"o18";"p23";568
5.11000000000058;"o19";"p23";659
7.7400000000016;"o20";"p23";605
33.2900000000009;"o21";"p23";615
18.8300000000017;"o22";"p23";612
15.7000000000007;"n1";"p23";741
16.2799999999988;"n2";"p23";939
22.0599999999977;"n3";"p23";903
17.5;"n4";"p23";522
12.2299999999996;"n5";"p23";485
22.1699999999983;"n6";"p23";479
15.0200000000004;"n7";"p23";489
15.4499999999971;"n8";"p23";812
14.3299999999981;"n9";"p23";581
16.3499999999985;"n10";"p23";923
27.5800000000017;"n11";"p23";1198
18.8600000000006;"n12";"p23";1206
15.0200000000004;"n13";"p23";763
13.1699999999983;"n14";"p23";581
13.7799999999988;"n15";"p23";761
13.7800000000025;"n16";"p23";805
14.7799999999988;"n17";"p23";681
13.0999999999985;"n18";"p23";511
24.489999999998;"n19";"p23";746
20.5200000000004;"n20";"p23";701
14.880000000001;"n21";"p23";676
22.9399999999987;"n22";"p23";733
13.3400000000001;"n23";"p23";622
23.5900000000001;"r1";"p23";272
3.81999999999971;"r2";"p23";741
5.27000000000044;"r3";"p23";744
2.5199999999968;"r4";"p23";516
4.52000000000044;"r5";"p23";676
92.0900000000001;"o1";"p24";389
49.4000000000015;"o2";"p24";223
41.75;"o3";"p24";168
36.4499999999971;"o4";"p24";133
35.4599999999991;"o5";"p24";169
35.9699999999975;"o6";"p24";104
31.9099999999999;"o7";"p24";175
23.5800000000017;"o8";"p24";143
22.6500000000015;"o9";"p24";80
33.7300000000032;"o10";"p24";155
22.6699999999983;"o11";"p24";50
18.1700000000019;"o12";"p24";128
16.9599999999991;"o13";"p24";190
15;"o14";"p24";88
13.6000000000022;"o15";"p24";71
12.1599999999999;"o16";"p24";143
8.45000000000073;"o17";"p24";53
7.44000000000233;"o18";"p24";49
8.27000000000044;"o19";"p24";86
11.2200000000012;"o20";"p24";167
43.9900000000016;"o21";"p24";193
25.7799999999988;"o22";"p24";195
20.9700000000012;"n1";"p24";267
23.2999999999993;"n2";"p24";117
30.3899999999994;"n3";"p24";90
21.0999999999985;"n4";"p24";99
15.6599999999999;"n5";"p24";57
26.6000000000022;"n6";"p24";119
18.2299999999996;"n7";"p24";236
21.7299999999996;"n8";"p24";364
19.0400000000009;"n9";"p24";170
23.3300000000017;"n10";"p24";209
40.6399999999994;"n11";"p24";457
29.1100000000006;"n12";"p24";458
20.8100000000013;"n13";"p24";209
17.3400000000001;"n14";"p24";93
19.3000000000029;"n15";"p24";369
19.0800000000017;"n16";"p24";404
20.3300000000017;"n17";"p24";448
16.6599999999999;"n18";"p24";307
32.1900000000023;"n19";"p24";350
26.5200000000004;"n20";"p24";349
20.1099999999969;"n21";"p24";197
30.2900000000009;"n22";"p24";213
17.5999999999985;"n23";"p24";440
27.75;"r1";"p24";232
6.95999999999913;"r2";"p24";230
9.5099999999984;"r3";"p24";294
4.45999999999913;"r4";"p24";95
7.68999999999869;"r5";"p24";270
20.4799999999996;"o1";"p25";1471
10.4399999999987;"o2";"p25";1424
8.72000000000116;"o3";"p25";1381
7.59000000000015;"o4";"p25";1386
7.5099999999984;"o5";"p25";1389
7.68999999999869;"o6";"p25";1427
6.72999999999956;"o7";"p25";1436
4.64999999999782;"o8";"p25";1365
4.58000000000175;"o9";"p25";1316
6.94000000000233;"o10";"p25";1335
4.63000000000102;"o11";"p25";1370
3.68999999999869;"o12";"p25";1440
3.34000000000015;"o13";"p25";1436
2.95000000000073;"o14";"p25";1341
2.71000000000276;"o15";"p25";1365
2.38000000000102;"o16";"p25";1454
1.54999999999927;"o17";"p25";1456
1.34000000000015;"o18";"p25";1405
1.43000000000029;"o19";"p25";1515
2.22000000000116;"o20";"p25";1466
9.2400000000016;"o21";"p25";1426
5.25;"o22";"p25";1417
4.04999999999927;"n1";"p25";1946
4.48999999999796;"n2";"p25";2379
6;"n3";"p25";2251
4.72999999999956;"n4";"p25";1464
3.16999999999825;"n5";"p25";1248
5.97000000000116;"n6";"p25";1225
3.68000000000029;"n7";"p25";1387
4.11999999999898;"n8";"p25";2004
3.70000000000073;"n9";"p25";1564
4.42000000000189;"n10";"p25";2188
7.36000000000058;"n11";"p25";2773
5.06999999999971;"n12";"p25";2829
4;"n13";"p25";1935
3.47000000000116;"n14";"p25";1615
3.78999999999724;"n15";"p25";1937
3.61000000000058;"n16";"p25";1965
3.78000000000247;"n17";"p25";1725
3.22999999999956;"n18";"p25";1387
6.53000000000247;"n19";"p25";1984
5.18999999999869;"n20";"p25";1818
3.86000000000058;"n21";"p25";1754
6.13999999999942;"n22";"p25";1895
3.9900000000016;"n23";"p25";1625
6.25;"r1";"p25";634
1.04999999999927;"r2";"p25";1650
1.44000000000233;"r3";"p25";1705
0.700000000000728;"r4";"p25";1230
1.22000000000116;"r5";"p25";1522
87.989999999998;"o1";"p26";641
47.9700000000012;"o2";"p26";355
39.0999999999985;"o3";"p26";259
35.4000000000015;"o4";"p26";205
34.6100000000006;"o5";"p26";267
35.6899999999987;"o6";"p26";172
32.4799999999996;"o7";"p26";262
22.8099999999977;"o8";"p26";249
21.760000000002;"o9";"p26";221
31.9699999999975;"o10";"p26";258
22.7200000000012;"o11";"p26";132
19.0400000000009;"o12";"p26";190
18.1599999999999;"o13";"p26";303
15.3300000000017;"o14";"p26";220
14.5499999999993;"o15";"p26";243
13.8300000000017;"o16";"p26";230
10.380000000001;"o17";"p26";182
9.47999999999956;"o18";"p26";145
10.2000000000007;"o19";"p26";88
12.9099999999999;"o20";"p26";206
43.0499999999993;"o21";"p26";312
26.1699999999983;"o22";"p26";318
22.4099999999999;"n1";"p26";437
30.2200000000012;"n2";"p26";167
35.9399999999987;"n3";"p26";146
18.1100000000006;"n4";"p26";29
13.8400000000001;"n5";"p26";86
20.3899999999994;"n6";"p26";166
16.4500000000007;"n7";"p26";532
25.1100000000006;"n8";"p26";677
18.3899999999994;"n9";"p26";132
28.4499999999971;"n10";"p26";296
51.2299999999996;"n11";"p26";364
40.130000000001;"n12";"p26";385
24.0699999999997;"n13";"p26";295
19.0300000000025;"n14";"p26";255
22.6999999999971;"n15";"p26";362
21.4000000000015;"n16";"p26";381
20.8100000000013;"n17";"p26";920
15.8199999999997;"n18";"p26";712
33.4599999999991;"n19";"p26";598
27.7799999999988;"n20";"p26";644
21.5200000000004;"n21";"p26";380
32.6899999999987;"n22";"p26";355
18.5;"n23";"p26";566
17.4499999999971;"r1";"p26";431
9.62000000000262;"r2";"p26";242
12.3299999999981;"r3";"p26";379
6.06000000000131;"r4";"p26";80
9.90999999999985;"r5";"p26";304
18.880000000001;"o1";"p27";808
10.2299999999996;"o2";"p27";760
8.59000000000015;"o3";"p27";749
7.45000000000073;"o4";"p27";790
7.36000000000058;"o5";"p27";749
7.54000000000087;"o6";"p27";753
6.59999999999854;"o7";"p27";781
4.63999999999942;"o8";"p27";722
4.5;"o9";"p27";723
6.87000000000262;"o10";"p27";681
4.52999999999884;"o11";"p27";696
3.65000000000146;"o12";"p27";785
3.27999999999884;"o13";"p27";772
2.92000000000189;"o14";"p27";707
2.68999999999869;"o15";"p27";736
2.34000000000015;"o16";"p27";760
1.5;"o17";"p27";754
1.30999999999767;"o18";"p27";693
1.44000000000233;"o19";"p27";819
2.15000000000146;"o20";"p27";741
9.09000000000015;"o21";"p27";785
5.13000000000102;"o22";"p27";764
3.98999999999796;"n1";"p27";971
4.43000000000029;"n2";"p27";1270
5.9800000000032;"n3";"p27";1216
4.66999999999825;"n4";"p27";732
3.16999999999825;"n5";"p27";700
5.90999999999985;"n6";"p27";672
3.65999999999985;"n7";"p27";675
4.06999999999971;"n8";"p27";1014
3.68000000000029;"n9";"p27";753
4.38999999999942;"n10";"p27";1129
7.18000000000029;"n11";"p27";1518
5.02999999999884;"n12";"p27";1524
3.94000000000233;"n13";"p27";952
3.47000000000116;"n14";"p27";780
3.75;"n15";"p27";969
3.56999999999971;"n16";"p27";1034
3.72999999999956;"n17";"p27";868
3.22999999999956;"n18";"p27";702
6.42000000000189;"n19";"p27";968
5.17000000000189;"n20";"p27";875
3.79999999999927;"n21";"p27";913
6.08000000000175;"n22";"p27";912
3.37000000000262;"n23";"p27";826
6.77999999999884;"r1";"p27";353
1.06000000000131;"r2";"p27";960
1.41999999999825;"r3";"p27";958
0.700000000000728;"r4";"p27";686
1.18999999999869;"r5";"p27";889
48.8899999999994;"o1";"p28";392
25.7299999999996;"o2";"p28";192
21.9599999999991;"o3";"p28";147
19.989999999998;"o4";"p28";120
19;"o5";"p28";151
19.2700000000004;"o6";"p28";81
17.5099999999984;"o7";"p28";168
12.369999999999;"o8";"p28";131
12.0800000000017;"o9";"p28";134
17.5;"o10";"p28";130
11.9599999999991;"o11";"p28";83
10.4900000000016;"o12";"p28";115
9.71999999999753;"o13";"p28";186
8.38000000000102;"o14";"p28";134
7.93000000000029;"o15";"p28";164
7.2400000000016;"o16";"p28";153
5.29999999999927;"o17";"p28";153
4.62000000000262;"o18";"p28";98
5.63999999999942;"o19";"p28";74
6.77000000000044;"o20";"p28";147
23.6399999999994;"o21";"p28";176
13.9799999999996;"o22";"p28";180
11.2599999999984;"n1";"p28";483
15.0999999999985;"n2";"p28";106
18.0600000000013;"n3";"p28";82
10.1100000000006;"n4";"p28";78
8.22999999999956;"n5";"p28";51
12.4700000000012;"n6";"p28";109
8.67000000000189;"n7";"p28";332
12.3600000000006;"n8";"p28";357
9.29999999999927;"n9";"p28";129
13.6599999999999;"n10";"p28";338
25.0499999999993;"n11";"p28";433
18.8600000000006;"n12";"p28";431
12.2200000000012;"n13";"p28";322
9.52000000000044;"n14";"p28";92
11.0499999999993;"n15";"p28";404
11.1399999999994;"n16";"p28";461
10.5299999999988;"n17";"p28";581
8.5;"n18";"p28";451
16.5199999999968;"n19";"p28";527
13.6100000000006;"n20";"p28";607
11.1100000000006;"n21";"p28";186
15.7700000000004;"n22";"p28";284
9.37999999999738;"n23";"p28";591
12.1699999999983;"r1";"p28";276
5.36000000000058;"r2";"p28";220
6.58000000000175;"r3";"p28";277
3.28999999999724;"r4";"p28";80
5.54999999999927;"r5";"p28";263
33.0999999999985;"o1";"p29";1289
17.6899999999987;"o2";"p29";1288
14.7200000000012;"o3";"p29";1239
12.8400000000001;"o4";"p29";1241
12.7099999999991;"o5";"p29";1245
12.75;"o6";"p29";1259
11.369999999999;"o7";"p29";1276
7.79999999999927;"o8";"p29";1233
7.5;"o9";"p29";1214
11.6100000000006;"o10";"p29";1229
7.63999999999942;"o11";"p29";1238
6.04999999999927;"o12";"p29";1272
5.54000000000087;"o13";"p29";1267
4.88999999999942;"o14";"p29";1224
4.42000000000189;"o15";"p29";1248
3.89000000000306;"o16";"p29";1295
2.52000000000044;"o17";"p29";1296
2.20000000000073;"o18";"p29";1256
2.44999999999709;"o19";"p29";1343
3.54999999999927;"o20";"p29";1308
16.130000000001;"o21";"p29";1287
8.66999999999825;"o22";"p29";1269
11.3199999999997;"n1";"p29";1759
12.5600000000013;"n2";"p29";2028
17.0600000000013;"n3";"p29";1938
13.0600000000013;"n4";"p29";1315
8.06000000000131;"n5";"p29";1137
15.4500000000007;"n6";"p29";1121
10.6700000000019;"n7";"p29";1295
11.119999999999;"n8";"p29";1793
10.5299999999988;"n9";"p29";1429
12;"n10";"p29";1987
21.7299999999996;"n11";"p29";2414
14.9399999999987;"n12";"p29";2439
10.7299999999996;"n13";"p29";1817
8.84999999999854;"n14";"p29";1544
9.98999999999796;"n15";"p29";1805
10.1900000000023;"n16";"p29";1848
10.5299999999988;"n17";"p29";1604
8.75;"n18";"p29";1379
18.8500000000022;"n19";"p29";1799
14.1700000000019;"n20";"p29";1745
10.6399999999994;"n21";"p29";1660
16.4399999999987;"n22";"p29";1779
9.43999999999869;"n23";"p29";1549
7.61000000000058;"r1";"p29";605
1.22000000000116;"r2";"p29";1443
1.77000000000044;"r3";"p29";1459
0.819999999999709;"r4";"p29";1072
1.43999999999869;"r5";"p29";1293
90.630000000001;"o1";"p30";600
49.8400000000001;"o2";"p30";368
41.5699999999997;"o3";"p30";260
36.0300000000025;"o4";"p30";105
35.9799999999996;"o5";"p30";164
36.5600000000013;"o6";"p30";188
32.5900000000001;"o7";"p30";265
23.7000000000007;"o8";"p30";234
23.380000000001;"o9";"p30";123
33.6500000000015;"o10";"p30";166
23.3199999999997;"o11";"p30";66
19.2199999999975;"o12";"p30";187
17.8600000000006;"o13";"p30";282
15.869999999999;"o14";"p30";105
14.8199999999997;"o15";"p30";87
13.7700000000004;"o16";"p30";218
10.130000000001;"o17";"p30";48
9.20000000000073;"o18";"p30";47
9.9900000000016;"o19";"p30";33
13.25;"o20";"p30";86
44.7599999999984;"o21";"p30";308
26.3100000000013;"o22";"p30";314
27.8900000000031;"n1";"p30";418
32.5299999999988;"n2";"p30";156
41.0800000000017;"n3";"p30";136
24.8000000000029;"n4";"p30";32
17.5200000000004;"n5";"p30";79
28.3100000000013;"n6";"p30";151
22.1700000000019;"n7";"p30";496
29.380000000001;"n8";"p30";305
23.1100000000006;"n9";"p30";139
32.760000000002;"n10";"p30";280
59.3999999999978;"n11";"p30";355
42.3299999999981;"n12";"p30";373
29.25;"n13";"p30";258
23.5300000000025;"n14";"p30";242
27.0200000000004;"n15";"p30";342
26.6399999999994;"n16";"p30";365
26.5799999999981;"n17";"p30";488
21.3700000000026;"n18";"p30";680
42.1499999999978;"n19";"p30";612
35.7299999999996;"n20";"p30";634
27.1899999999987;"n21";"p30";356
41.8099999999977;"n22";"p30";369
23.0200000000004;"n23";"p30";555
18.4000000000015;"r1";"p30";408
8.33000000000175;"r2";"p30";220
10.4599999999991;"r3";"p30";330
5.31000000000131;"r4";"p30";71
8.44000000000233;"r5";"p30";282
32.9300000000003;"o1";"p31";793
17.2299999999996;"o2";"p31";746
14.5799999999981;"o3";"p31";747
12.7900000000009;"o4";"p31";746
13.0499999999993;"o5";"p31";720
12.6900000000023;"o6";"p31";731
11.3400000000001;"o7";"p31";748
7.7400000000016;"o8";"p31";709
7.47000000000116;"o9";"p31";708
11.5799999999981;"o10";"p31";684
7.57999999999811;"o11";"p31";695
6.02999999999884;"o12";"p31";754
5.5;"o13";"p31";748
4.81000000000131;"o14";"p31";701
4.43000000000029;"o15";"p31";706
3.88000000000102;"o16";"p31";745
2.47999999999956;"o17";"p31";752
2.18000000000029;"o18";"p31";703
2.34999999999854;"o19";"p31";794
3.59999999999854;"o20";"p31";744
15.5;"o21";"p31";754
8.63000000000102;"o22";"p31";747
11.3100000000013;"n1";"p31";989
12.5;"n2";"p31";1205
17.3199999999997;"n3";"p31";1170
12.989999999998;"n4";"p31";747
7.96999999999753;"n5";"p31";704
15.4799999999996;"n6";"p31";694
10.5800000000017;"n7";"p31";700
11.1200000000026;"n8";"p31";1063
9.88000000000102;"n9";"p31";805
12.1500000000015;"n10";"p31";1178
21.6700000000019;"n11";"p31";1473
15.3500000000022;"n12";"p31";1477
10.6900000000023;"n13";"p31";1016
8.84000000000015;"n14";"p31";826
10.0200000000004;"n15";"p31";1008
10.1700000000019;"n16";"p31";1060
10.5299999999988;"n17";"p31";916
8.68999999999869;"n18";"p31";730
18.3900000000031;"n19";"p31";987
14.2299999999996;"n20";"p31";953
10.6699999999983;"n21";"p31";918
16.869999999999;"n22";"p31";978
9.48999999999796;"n23";"p31";868
7.48999999999796;"r1";"p31";367
1.23999999999796;"r2";"p31";908
1.71999999999753;"r3";"p31";915
0.790000000000873;"r4";"p31";675
1.41999999999825;"r5";"p31";846
63.0900000000001;"o1";"p32";391
33.2000000000007;"o2";"p32";216
28.4500000000007;"o3";"p32";162
24.4200000000019;"o4";"p32";125
23.6100000000006;"o5";"p32";156
24.0299999999988;"o6";"p32";97
21.8999999999978;"o7";"p32";174
15.3899999999994;"o8";"p32";133
15.1100000000006;"o9";"p32";77
21.5500000000029;"o10";"p32";151
15.1399999999994;"o11";"p32";47
12.510000000002;"o12";"p32";123
12.2799999999988;"o13";"p32";186
10.119999999999;"o14";"p32";86
9.52000000000044;"o15";"p32";70
8.58000000000175;"o16";"p32";143
6.36999999999898;"o17";"p32";48
5.69000000000233;"o18";"p32";41
6.28000000000247;"o19";"p32";74
8.25;"o20";"p32";151
29.5;"o21";"p32";189
17.4099999999999;"o22";"p32";195
18.5999999999985;"n1";"p32";313
22.3499999999985;"n2";"p32";101
28.7799999999988;"n3";"p32";75
18.9199999999983;"n4";"p32";88
13.25;"n5";"p32";49
22.2000000000007;"n6";"p32";106
15.9200000000019;"n7";"p32";350
20.0299999999988;"n8";"p32";386
16.1700000000019;"n9";"p32";148
21.8600000000006;"n10";"p32";197
39.5200000000004;"n11";"p32";427
28.3599999999969;"n12";"p32";427
19.1700000000019;"n13";"p32";185
15.4000000000015;"n14";"p32";96
17.8400000000001;"n15";"p32";427
17.9700000000012;"n16";"p32";478
17.9700000000012;"n17";"p32";610
14.2100000000028;"n18";"p32";452
29.1699999999983;"n19";"p32";395
23.7800000000025;"n20";"p32";461
17.7099999999991;"n21";"p32";188
27.0800000000017;"n22";"p32";219
16.0400000000009;"n23";"p32";598
13.8400000000001;"r1";"p32";282
5.36000000000058;"r2";"p32";204
6.56999999999971;"r3";"p32";255
3.42000000000189;"r4";"p32";71
5.59999999999854;"r5";"p32";256
33.0499999999993;"o1";"p33";1401
17.7099999999991;"o2";"p33";1350
14.7700000000004;"o3";"p33";1308
12.9099999999999;"o4";"p33";1314
12.6599999999999;"o5";"p33";1319
12.8499999999985;"o6";"p33";1357
11.2799999999988;"o7";"p33";1361
8.13999999999942;"o8";"p33";1291
8.02999999999884;"o9";"p33";1245
12.1100000000006;"o10";"p33";1262
8.06000000000131;"o11";"p33";1296
6.18999999999869;"o12";"p33";1367
5.81999999999971;"o13";"p33";1363
5.11000000000058;"o14";"p33";1271
4.65999999999985;"o15";"p33";1291
3.93000000000029;"o16";"p33";1381
2.57999999999811;"o17";"p33";1386
2.29999999999927;"o18";"p33";1336
2.40999999999985;"o19";"p33";1445
3.70000000000073;"o20";"p33";1395
15.7200000000012;"o21";"p33";1353
8.97000000000116;"o22";"p33";1344
5.36000000000058;"n1";"p33";1827
5.77999999999884;"n2";"p33";2255
7.72999999999956;"n3";"p33";2130
6.33000000000175;"n4";"p33";1361
4.77999999999884;"n5";"p33";1139
8.36000000000058;"n6";"p33";1116
5.31999999999971;"n7";"p33";1276
5.65000000000146;"n8";"p33";1885
5.27999999999884;"n9";"p33";1453
5.82999999999811;"n10";"p33";2068
9.20000000000073;"n11";"p33";2648
6.40000000000146;"n12";"p33";2701
5.59000000000015;"n13";"p33";1814
5.07999999999811;"n14";"p33";1502
5.13999999999942;"n15";"p33";1821
4.84000000000015;"n16";"p33";1839
5.34999999999854;"n17";"p33";1603
4.88000000000102;"n18";"p33";1270
8.61999999999898;"n19";"p33";1867
7.26000000000204;"n20";"p33";1702
5.43999999999869;"n21";"p33";1634
8.45999999999913;"n22";"p33";1783
4.86000000000058;"n23";"p33";1509
12.25;"r1";"p33";568
1.97000000000116;"r2";"p33";1566
2.69000000000233;"r3";"p33";1620
1.32999999999811;"r4";"p33";1147
2.28000000000247;"r5";"p33";1437
97.3199999999997;"o1";"p34";624
53.4699999999975;"o2";"p34";345
43.4200000000019;"o3";"p34";251
38.1899999999987;"o4";"p34";204
38.1599999999999;"o5";"p34";266
40.25;"o6";"p34";172
35.4399999999987;"o7";"p34";256
25.5400000000009;"o8";"p34";247
24.1099999999969;"o9";"p34";220
36.2200000000012;"o10";"p34";254
25.7800000000025;"o11";"p34";131
21.3899999999994;"o12";"p34";185
20.5600000000013;"o13";"p34";300
17.0499999999993;"o14";"p34";214
15.6599999999999;"o15";"p34";232
15.3199999999997;"o16";"p34";223
11.0900000000001;"o17";"p34";167
9.97000000000116;"o18";"p34";142
10.7799999999988;"o19";"p34";83
14.4099999999999;"o20";"p34";192
47.4300000000003;"o21";"p34";306
28.75;"o22";"p34";314
23.0200000000004;"n1";"p34";385
30.4000000000015;"n2";"p34";160
36.3400000000001;"n3";"p34";141
19.5099999999984;"n4";"p34";29
14.5900000000001;"n5";"p34";86
21.3100000000013;"n6";"p34";163
16.7000000000007;"n7";"p34";474
26.0299999999988;"n8";"p34";653
19.0699999999997;"n9";"p34";126
27.75;"n10";"p34";284
52.3199999999997;"n11";"p34";358
39.5299999999988;"n12";"p34";370
24.8899999999994;"n13";"p34";290
20.3400000000001;"n14";"p34";244
22.5600000000013;"n15";"p34";337
21.7599999999984;"n16";"p34";352
21.4099999999999;"n17";"p34";824
16.4099999999999;"n18";"p34";629
34.5799999999981;"n19";"p34";536
28.5099999999984;"n20";"p34";561
21.8799999999974;"n21";"p34";382
34.3300000000017;"n22";"p34";334
18.7299999999996;"n23";"p34";482
22.3099999999977;"r1";"p34";379
9.9800000000032;"r2";"p34";233
12.9000000000015;"r3";"p34";365
6.52000000000044;"r4";"p34";77
10.5;"r5";"p34";282
32.3600000000006;"o1";"p35";745
17.5499999999993;"o2";"p35";696
14.6500000000015;"o3";"p35";685
12.6599999999999;"o4";"p35";725
12.4199999999983;"o5";"p35";685
12.6499999999978;"o6";"p35";689
11.2000000000007;"o7";"p35";714
8.11999999999898;"o8";"p35";659
7.93999999999869;"o9";"p35";658
11.8700000000026;"o10";"p35";618
7.97999999999956;"o11";"p35";634
6.19000000000233;"o12";"p35";719
5.7400000000016;"o13";"p35";709
5.08000000000175;"o14";"p35";643
4.59000000000015;"o15";"p35";670
3.93999999999869;"o16";"p35";696
2.54999999999927;"o17";"p35";695
2.29999999999927;"o18";"p35";630
2.38999999999942;"o19";"p35";754
3.68000000000029;"o20";"p35";678
15.5;"o21";"p35";720
8.86999999999898;"o22";"p35";697
5.32999999999811;"n1";"p35";855
5.70000000000073;"n2";"p35";1150
7.70000000000073;"n3";"p35";1098
6.31000000000131;"n4";"p35";637
4.78000000000247;"n5";"p35";604
8.30000000000291;"n6";"p35";578
5.2599999999984;"n7";"p35";582
5.58000000000175;"n8";"p35";901
5.27000000000044;"n9";"p35";655
5.81999999999971;"n10";"p35";1016
9.04000000000087;"n11";"p35";1397
6.33000000000175;"n12";"p35";1408
5.52999999999884;"n13";"p35";846
5.02999999999884;"n14";"p35";672
5.09999999999854;"n15";"p35";851
4.81000000000131;"n16";"p35";921
5.32999999999811;"n17";"p35";761
4.85999999999694;"n18";"p35";604
8.56999999999971;"n19";"p35";857
7.25;"n20";"p35";764
5.38000000000102;"n21";"p35";806
8.38999999999942;"n22";"p35";804
4.81999999999971;"n23";"p35";714
12.2700000000004;"r1";"p35";296
1.95999999999913;"r2";"p35";882
2.67000000000189;"r3";"p35";879
1.31000000000131;"r4";"p35";610
2.27999999999884;"r5";"p35";812
59.3199999999997;"o1";"p36";378
32.1699999999983;"o2";"p36";182
26.8300000000017;"o3";"p36";140
24.1899999999987;"o4";"p36";119
23.239999999998;"o5";"p36";149
23.4399999999987;"o6";"p36";80
21.1700000000019;"o7";"p36";161
15.2000000000007;"o8";"p36";130
15;"o9";"p36";133
21.1399999999994;"o10";"p36";126
14.7099999999991;"o11";"p36";82
12.4500000000007;"o12";"p36";110
12.0299999999988;"o13";"p36";184
10.0299999999988;"o14";"p36";128
9.37999999999738;"o15";"p36";152
8.39000000000306;"o16";"p36";146
6.16999999999825;"o17";"p36";138
5.28000000000247;"o18";"p36";95
6.22000000000116;"o19";"p36";69
7.92000000000189;"o20";"p36";133
28.9300000000003;"o21";"p36";169
17.010000000002;"o22";"p36";176
11.7799999999988;"n1";"p36";406
15.2000000000007;"n2";"p36";98
18.5800000000017;"n3";"p36";77
10.9799999999996;"n4";"p36";74
9.13999999999942;"n5";"p36";51
13.7999999999993;"n6";"p36";107
9.45000000000073;"n7";"p36";275
12.9500000000007;"n8";"p36";331
10.0900000000001;"n9";"p36";120
14.1100000000006;"n10";"p36";301
25.5400000000009;"n11";"p36";406
18.8299999999981;"n12";"p36";404
12.4199999999983;"n13";"p36";301
10.0699999999997;"n14";"p36";81
12;"n15";"p36";353
11.4500000000007;"n16";"p36";408
11.1599999999999;"n17";"p36";486
9.31000000000131;"n18";"p36";374
17.5200000000004;"n19";"p36";457
14.630000000001;"n20";"p36";510
11.7700000000004;"n21";"p36";186
16.9200000000019;"n22";"p36";247
9.88999999999942;"n23";"p36";490
17.3400000000001;"r1";"p36";229
5.83000000000175;"r2";"p36";212
7.31000000000131;"r3";"p36";264
3.65999999999985;"r4";"p36";77
6.23999999999796;"r5";"p36";241
46.4799999999996;"o1";"p37";1221
24.4900000000016;"o2";"p37";1217
20.5900000000001;"o3";"p37";1171
17.9000000000015;"o4";"p37";1174
17.6700000000019;"o5";"p37";1179
17.7700000000004;"o6";"p37";1194
15.7999999999993;"o7";"p37";1207
11.0900000000001;"o8";"p37";1161
10.7200000000012;"o9";"p37";1146
16.5;"o10";"p37";1160
10.8600000000006;"o11";"p37";1167
8.47000000000116;"o12";"p37";1202
8.41999999999825;"o13";"p37";1197
6.9900000000016;"o14";"p37";1156
6.25;"o15";"p37";1177
5.43000000000029;"o16";"p37";1225
3.52999999999884;"o17";"p37";1228
3.10999999999694;"o18";"p37";1191
3.36999999999898;"o19";"p37";1275
5.04999999999927;"o20";"p37";1241
21.7800000000025;"o21";"p37";1219
12.1500000000015;"o22";"p37";1199
12.5200000000004;"n1";"p37";1655
13.7000000000007;"n2";"p37";1919
18.5200000000004;"n3";"p37";1831
14.510000000002;"n4";"p37";1221
9.56999999999971;"n5";"p37";1040
17.6599999999999;"n6";"p37";1024
12.5999999999985;"n7";"p37";1196
12.5900000000001;"n8";"p37";1687
11.4699999999975;"n9";"p37";1331
14.0499999999993;"n10";"p37";1881
24.630000000001;"n11";"p37";2301
16.8000000000029;"n12";"p37";2327
12.4700000000012;"n13";"p37";1707
10.3400000000001;"n14";"p37";1438
11.3199999999997;"n15";"p37";1701
11.2800000000025;"n16";"p37";1737
12.4699999999975;"n17";"p37";1499
10.2700000000004;"n18";"p37";1274
20.5499999999993;"n19";"p37";1693
16.2799999999988;"n20";"p37";1642
12.1499999999978;"n21";"p37";1549
18.5500000000029;"n22";"p37";1678
10.8099999999977;"n23";"p37";1443
13.6100000000006;"r1";"p37";542
2.07999999999811;"r2";"p37";1365
2.95000000000073;"r3";"p37";1381
1.41999999999825;"r4";"p37";995
2.52000000000044;"r5";"p37";1214
99.9700000000012;"o1";"p38";580
54.6699999999983;"o2";"p38";359
45.4199999999983;"o3";"p38";253
40.0900000000001;"o4";"p38";104
39.3299999999981;"o5";"p38";163
40.2799999999988;"o6";"p38";188
35.6500000000015;"o7";"p38";260
25.9099999999999;"o8";"p38";231
25.5399999999972;"o9";"p38";122
37.9400000000023;"o10";"p38";164
25.7400000000016;"o11";"p38";65
21.1899999999987;"o12";"p38";183
19.4499999999971;"o13";"p38";279
17.3499999999985;"o14";"p38";104
16.1899999999987;"o15";"p38";84
15.1700000000019;"o16";"p38";210
10.7900000000009;"o17";"p38";42
9.70000000000073;"o18";"p38";46
10.3600000000006;"o19";"p38";31
14.010000000002;"o20";"p38";83
48.75;"o21";"p38";303
28.7799999999988;"o22";"p38";311
28.4700000000012;"n1";"p38";369
33.25;"n2";"p38";150
41.75;"n3";"p38";132
25.380000000001;"n4";"p38";32
18.2700000000004;"n5";"p38";79
29.3099999999977;"n6";"p38";150
23.119999999999;"n7";"p38";444
29.4599999999991;"n8";"p38";298
23.5399999999972;"n9";"p38";126
33.2099999999991;"n10";"p38";267
58.3600000000006;"n11";"p38";350
43.0800000000017;"n12";"p38";356
29.5999999999985;"n13";"p38";252
23.9400000000023;"n14";"p38";231
27.5399999999972;"n15";"p38";318
26.9500000000007;"n16";"p38";345
26.5;"n17";"p38";421
21.7799999999988;"n18";"p38";602
43.2099999999991;"n19";"p38";553
36.5900000000001;"n20";"p38";557
27.2799999999988;"n21";"p38";355
41.6100000000006;"n22";"p38";352
23.3600000000006;"n23";"p38";477
23.130000000001;"r1";"p38";359
9.02999999999884;"r2";"p38";213
10.9700000000012;"r3";"p38";320
5.52999999999884;"r4";"p38";68
8.92000000000189;"r5";"p38";262
45.0499999999993;"o1";"p39";730
24.2099999999991;"o2";"p39";685
20.4400000000023;"o3";"p39";684
17.6899999999987;"o4";"p39";683
17.5600000000013;"o5";"p39";658
17.7000000000007;"o6";"p39";669
15.7199999999975;"o7";"p39";684
10.9799999999996;"o8";"p39";646
10.739999999998;"o9";"p39";646
16.3600000000006;"o10";"p39";621
10.75;"o11";"p39";637
8.5;"o12";"p39";691
7.70000000000073;"o13";"p39";687
7.47000000000116;"o14";"p39";639
6.27000000000044;"o15";"p39";642
5.35999999999694;"o16";"p39";684
3.53000000000247;"o17";"p39";691
3.09000000000015;"o18";"p39";642
3.38000000000102;"o19";"p39";731
5;"o20";"p39";681
21.6599999999999;"o21";"p39";693
12.1899999999987;"o22";"p39";682
12.6000000000022;"n1";"p39";885
13.4799999999996;"n2";"p39";1099
18.3900000000031;"n3";"p39";1064
14.5500000000029;"n4";"p39";662
9.56000000000131;"n5";"p39";617
17.7799999999988;"n6";"p39";608
12.6700000000019;"n7";"p39";616
12.4699999999975;"n8";"p39";961
11.4700000000012;"n9";"p39";719
13.4000000000015;"n10";"p39";1076
23.3199999999997;"n11";"p39";1367
16.1099999999969;"n12";"p39";1373
12.1500000000015;"n13";"p39";922
10.2099999999991;"n14";"p39";729
11.3300000000017;"n15";"p39";903
11.3400000000038;"n16";"p39";957
12.5500000000029;"n17";"p39";821
10.1699999999983;"n18";"p39";643
20.4699999999939;"n19";"p39";886
16.2699999999968;"n20";"p39";854
12.0500000000029;"n21";"p39";821
18.4800000000032;"n22";"p39";882
10.8199999999997;"n23";"p39";766
13.5499999999956;"r1";"p39";313
2.09999999999854;"r2";"p39";833
2.94000000000233;"r3";"p39";841
1.43000000000029;"r4";"p39";602
2.5199999999968;"r5";"p39";773
72.3799999999974;"o1";"p40";374
38.2200000000012;"o2";"p40";207
32.4199999999983;"o3";"p40";155
28.5;"o4";"p40";124
27.5;"o5";"p40";154
28.2300000000032;"o6";"p40";96
25.5599999999977;"o7";"p40";168
17.7999999999956;"o8";"p40";130
17.6500000000015;"o9";"p40";76
25.25;"o10";"p40";147
17.6399999999994;"o11";"p40";47
14.4300000000003;"o12";"p40";119
13.5;"o13";"p40";184
11.8300000000017;"o14";"p40";85
10.8300000000017;"o15";"p40";67
9.73999999999796;"o16";"p40";135
7.02999999999884;"o17";"p40";42
6.20000000000437;"o18";"p40";40
6.87999999999738;"o19";"p40";70
9.09000000000378;"o20";"p40";137
34.0800000000017;"o21";"p40";182
20.5800000000017;"o22";"p40";192
19.3600000000006;"n1";"p40";263
22.3499999999985;"n2";"p40";95
28.9000000000015;"n3";"p40";70
19.4599999999991;"n4";"p40";85
13.9300000000003;"n5";"p40";49
23.6299999999974;"n6";"p40";105
16.7300000000032;"n7";"p40";297
20.9400000000023;"n8";"p40";361
16.8400000000038;"n9";"p40";137
22.3300000000017;"n10";"p40";184
39.0600000000049;"n11";"p40";403
29.4199999999983;"n12";"p40";402
19.6200000000026;"n13";"p40";179
15.9100000000035;"n14";"p40";85
18.4800000000032;"n15";"p40";378
18.1999999999971;"n16";"p40";428
18.5499999999956;"n17";"p40";523
14.9300000000003;"n18";"p40";379
29.5299999999988;"n19";"p40";338
24.3600000000006;"n20";"p40";385
18.5299999999988;"n21";"p40";187
27.9399999999951;"n22";"p40";202
16.7900000000009;"n23";"p40";506
18.5800000000017;"r1";"p40";238
5.94000000000233;"r2";"p40";197
7.19999999999709;"r3";"p40";245
3.69000000000233;"r4";"p40";68
6.25;"r5";"p40";236
55.8600000000006;"o1";"p41";1282
31.0200000000041;"o2";"p41";1223
25.75;"o3";"p41";1182
22.260000000002;"o4";"p41";1199
21.8899999999994;"o5";"p41";1203
22.3600000000006;"o6";"p41";1238
19.760000000002;"o7";"p41";1245
14.2200000000012;"o8";"p41";1172
14.0199999999968;"o9";"p41";1129
21.1199999999953;"o10";"p41";1144
14.2300000000032;"o11";"p41";1175
10.9700000000012;"o12";"p41";1247
10.1699999999983;"o13";"p41";1239
9.08999999999651;"o14";"p41";1149
8.11000000000058;"o15";"p41";1176
6.90000000000146;"o16";"p41";1257
4.5199999999968;"o17";"p41";1258
4.01000000000204;"o18";"p41";1217
4.15000000000146;"o19";"p41";1319
6.40999999999622;"o20";"p41";1267
27.3100000000049;"o21";"p41";1230
15.739999999998;"o22";"p41";1222
8.04999999999563;"n1";"p41";1578
8.5199999999968;"n2";"p41";1983
11.4500000000044;"n3";"p41";1859
9.37000000000262;"n4";"p41";1142
8.16000000000349;"n5";"p41";938
12.7799999999988;"n6";"p41";913
8.19999999999709;"n7";"p41";1085
8.5;"n8";"p41";1646
8.15000000000146;"n9";"p41";1226
8.68999999999505;"n10";"p41";1811
13.2900000000009;"n11";"p41";2375
9.2300000000032;"n12";"p41";2434
8.47000000000116;"n13";"p41";1568
7.91999999999825;"n14";"p41";1285
7.79999999999563;"n15";"p41";1585
7.22999999999593;"n16";"p41";1599
8.26000000000204;"n17";"p41";1383
7.72000000000116;"n18";"p41";1068
12.8700000000026;"n19";"p41";1620
11.1299999999974;"n20";"p41";1464
8.37999999999738;"n21";"p41";1407
12.8799999999974;"n22";"p41";1536
7.41999999999825;"n23";"p41";1283
22.2900000000009;"r1";"p41";500
3.69000000000233;"r2";"p41";1399
5.02999999999884;"r3";"p41";1448
2.42000000000553;"r4";"p41";997
4.27999999999884;"r5";"p41";1271
113.840000000004;"o1";"p42";610
63.0999999999985;"o2";"p42";343
51.7000000000044;"o3";"p42";245
45.4700000000012;"o4";"p42";203
44.25;"o5";"p42";263
46.7900000000009;"o6";"p42";173
40.3000000000029;"o7";"p42";258
29.5299999999988;"o8";"p42";242
27.8099999999977;"o9";"p42";218
41.6100000000006;"o10";"p42";250
30.0999999999985;"o11";"p42";131
23.5299999999988;"o12";"p42";181
22.0199999999968;"o13";"p42";295
19.7200000000012;"o14";"p42";213
17.9599999999991;"o15";"p42";223
16.5699999999997;"o16";"p42";218
11.9400000000023;"o17";"p42";165
10.6999999999971;"o18";"p42";143
11.6100000000006;"o19";"p42";84
15.3799999999974;"o20";"p42";192
54.3499999999985;"o21";"p42";299
32.6999999999971;"o22";"p42";310
22.1399999999994;"n1";"p42";339
28.239999999998;"n2";"p42";158
34.4800000000032;"n3";"p42";139
19.0199999999968;"n4";"p42";30
14.9799999999959;"n5";"p42";83
22.510000000002;"n6";"p42";161
18.0200000000041;"n7";"p42";394
25.0699999999997;"n8";"p42";612
18.6500000000015;"n9";"p42";127
26.8000000000029;"n10";"p42";280
49.6699999999983;"n11";"p42";351
37.3899999999994;"n12";"p42";358
23.5599999999977;"n13";"p42";285
19.6599999999962;"n14";"p42";240
22.1699999999983;"n15";"p42";312
20.8700000000026;"n16";"p42";334
20.989999999998;"n17";"p42";679
16.4099999999962;"n18";"p42";522
34.5;"n19";"p42";489
27.6199999999953;"n20";"p42";473
21.4199999999983;"n21";"p42";384
33.9099999999962;"n22";"p42";326
17.9599999999991;"n23";"p42";384
31.5599999999977;"r1";"p42";337
10.75;"r2";"p42";229
13.8000000000029;"r3";"p42";358
6.65000000000146;"r4";"p42";74
11.2799999999988;"r5";"p42";272
55.1599999999962;"o1";"p43";658
30.7699999999968;"o2";"p43";607
25.6100000000006;"o3";"p43";603
22.239999999998;"o4";"p43";641
21.75;"o5";"p43";603
22.1699999999983;"o6";"p43";603
19.5599999999977;"o7";"p43";629
14.2199999999939;"o8";"p43";580
14;"o9";"p43";580
20.989999999998;"o10";"p43";540
14.0800000000017;"o11";"p43";556
10.8400000000038;"o12";"p43";632
10.1200000000026;"o13";"p43";621
9.04999999999563;"o14";"p43";564
8.11000000000058;"o15";"p43";588
6.84000000000378;"o16";"p43";614
4.4800000000032;"o17";"p43";613
4;"o18";"p43";555
4.14000000000669;"o19";"p43";667
6.37999999999738;"o20";"p43";596
27.6999999999971;"o21";"p43";630
15.6200000000026;"o22";"p43";610
8;"n1";"p43";662
8.43000000000029;"n2";"p43";926
11.3499999999985;"n3";"p43";875
9.34999999999854;"n4";"p43";473
7.55999999999767;"n5";"p43";443
12.7199999999939;"n6";"p43";432
8.13999999999942;"n7";"p43";433
8.54999999999563;"n8";"p43";712
8.14000000000669;"n9";"p43";491
8.66999999999825;"n10";"p43";809
13.0899999999965;"n11";"p43";1172
9.20999999999913;"n12";"p43";1182
8.44000000000233;"n13";"p43";661
7.91999999999825;"n14";"p43";509
7.77000000000407;"n15";"p43";662
7.2300000000032;"n16";"p43";727
8.22000000000116;"n17";"p43";593
7.69000000000233;"n18";"p43";455
12.7799999999988;"n19";"p43";656
11.0299999999988;"n20";"p43";575
8.29000000000087;"n21";"p43";640
12.7200000000012;"n22";"p43";618
7.41000000000349;"n23";"p43";544
22.2200000000012;"r1";"p43";259
3.66999999999825;"r2";"p43";769
5.02999999999884;"r3";"p43";758
2.45999999999913;"r4";"p43";515
4.25;"r5";"p43";691
79.1699999999983;"o1";"p44";363
42.8099999999977;"o2";"p44";180
35.9700000000012;"o3";"p44";135
32.5599999999977;"o4";"p44";116
31.3099999999977;"o5";"p44";146
31.25;"o6";"p44";81
28.010000000002;"o7";"p44";160
20.1699999999983;"o8";"p44";127
19.9199999999983;"o9";"p44";130
28.6699999999983;"o10";"p44";124
19.8700000000026;"o11";"p44";82
16.1900000000023;"o12";"p44";106
14.9199999999983;"o13";"p44";180
13.1500000000015;"o14";"p44";126
12.1299999999974;"o15";"p44";145
10.7699999999968;"o16";"p44";141
7.39000000000669;"o17";"p44";136
6.62999999999738;"o18";"p44";96
7.27999999999884;"o19";"p44";70
9.97000000000116;"o20";"p44";132
38.2000000000044;"o21";"p44";163
22.2799999999988;"o22";"p44";170
12.6399999999994;"n1";"p44";324
15.4599999999991;"n2";"p44";96
19.1800000000003;"n3";"p44";75
12.6100000000006;"n4";"p44";71
10.5299999999988;"n5";"p44";49
16.7099999999991;"n6";"p44";107
11.1599999999962;"n7";"p44";205
13.9400000000023;"n8";"p44";294
11.510000000002;"n9";"p44";113
14.8199999999997;"n10";"p44";277
26.2099999999991;"n11";"p44";384
19.0899999999965;"n12";"p44";375
13.4500000000044;"n13";"p44";282
11.5699999999997;"n14";"p44";77
12.3099999999977;"n15";"p44";302
12.3000000000029;"n16";"p44";351
12.6399999999994;"n17";"p44";361
10.8899999999994;"n18";"p44";283
19.0499999999956;"n19";"p44";375
15.9100000000035;"n20";"p44";378
12.989999999998;"n21";"p44";189
18.9199999999983;"n22";"p44";221
11.0199999999968;"n23";"p44";364
26.4000000000015;"r1";"p44";207
6.97000000000116;"r2";"p44";208
8.97000000000116;"r3";"p44";257
4.37999999999738;"r4";"p44";74
7.44999999999709;"r5";"p44";231
69.0599999999977;"o1";"p45";1125
38.1399999999994;"o2";"p45";1114
31.4100000000035;"o3";"p45";1076
27.2699999999968;"o4";"p45";1084
26.8600000000006;"o5";"p45";1084
27.1599999999962;"o6";"p45";1096
24.1100000000006;"o7";"p45";1113
17.0999999999985;"o8";"p45";1070
16.8099999999977;"o9";"p45";1054
25.5500000000029;"o10";"p45";1066
16.8600000000006;"o11";"p45";1074
13.1599999999962;"o12";"p45";1103
12.2099999999991;"o13";"p45";1104
10.8799999999974;"o14";"p45";1061
9.7699999999968;"o15";"p45";1084
8.26000000000204;"o16";"p45";1130
5.4800000000032;"o17";"p45";1128
4.83000000000175;"o18";"p45";1099
5.15999999999622;"o19";"p45";1175
7.70000000000437;"o20";"p45";1139
33.7799999999988;"o21";"p45";1115
18.9199999999983;"o22";"p45";1105
15.2200000000012;"n1";"p45";1483
16.3099999999977;"n2";"p45";1755
22.0299999999988;"n3";"p45";1665
17.5199999999968;"n4";"p45";1061
12.3600000000006;"n5";"p45";884
22.0999999999985;"n6";"p45";867
15.0699999999997;"n7";"p45";1053
15.3099999999977;"n8";"p45";1526
14.7300000000032;"n9";"p45";1163
16.3300000000017;"n10";"p45";1721
27.5;"n11";"p45";2133
18.8899999999994;"n12";"p45";2157
15.0699999999997;"n13";"p45";1537
13.0199999999968;"n14";"p45";1279
13.8600000000006;"n15";"p45";1540
13.7000000000044;"n16";"p45";1571
14.9400000000023;"n17";"p45";1335
12.9700000000012;"n18";"p45";1111
24.7000000000044;"n19";"p45";1533
20.0599999999977;"n20";"p45";1478
15.0299999999988;"n21";"p45";1384
22.9100000000035;"n22";"p45";1518
13.3899999999994;"n23";"p45";1279
23.5;"r1";"p45";473
3.81999999999971;"r2";"p45";1233
5.27999999999884;"r3";"p45";1248
2.54000000000087;"r4";"p45";883
4.5;"r5";"p45";1087
117.639999999999;"o1";"p46";566
64.1100000000006;"o2";"p46";352
53.6800000000003;"o3";"p46";247
47.260000000002;"o4";"p46";104
45.7200000000012;"o5";"p46";162
46.8300000000017;"o6";"p46";189
41.5299999999988;"o7";"p46";255
30.2099999999991;"o8";"p46";229
29.5;"o9";"p46";123
43.4400000000023;"o10";"p46";166
30;"o11";"p46";67
24.3900000000067;"o12";"p46";179
22.25;"o13";"p46";275
19.9599999999991;"o14";"p46";104
18.4499999999971;"o15";"p46";85
16.5999999999985;"o16";"p46";205
11.8199999999997;"o17";"p46";43
10.8099999999977;"o18";"p46";46
11.5;"o19";"p46";31
15.5299999999988;"o20";"p46";83
57.1999999999971;"o21";"p46";293
33.5;"o22";"p46";308
27.9700000000012;"n1";"p46";333
33.2000000000044;"n2";"p46";149
41.3600000000006;"n3";"p46";130
26.5299999999988;"n4";"p46";32
19.2299999999959;"n5";"p46";78
31.0999999999985;"n6";"p46";149
23.6999999999971;"n7";"p46";377
29.8399999999965;"n8";"p46";286
24.6100000000006;"n9";"p46";127
33.239999999998;"n10";"p46";260
57.5;"n11";"p46";344
41.9599999999991;"n12";"p46";348
30.25;"n13";"p46";250
24.3300000000017;"n14";"p46";229
27.5800000000017;"n15";"p46";289
27.1999999999971;"n16";"p46";327
26.8099999999977;"n17";"p46";351
22.4699999999939;"n18";"p46";511
43.5599999999977;"n19";"p46";501
37.5999999999985;"n20";"p46";476
27.8499999999985;"n21";"p46";355
42.3800000000047;"n22";"p46";345
23.8099999999977;"n23";"p46";402
31.7200000000012;"r1";"p46";320
9.87000000000262;"r2";"p46";207
12.3499999999985;"r3";"p46";312
6.10999999999331;"r4";"p46";65
10.1399999999994;"r5";"p46";248
68.9099999999962;"o1";"p47";656
37.4099999999962;"o2";"p47";603
31.3199999999997;"o3";"p47";609
27.1200000000026;"o4";"p47";611
26.75;"o5";"p47";585
27.1999999999971;"o6";"p47";591
23.9499999999971;"o7";"p47";611
17.0400000000009;"o8";"p47";576
16.8199999999997;"o9";"p47";576
25.4399999999951;"o10";"p47";552
16.8399999999965;"o11";"p47";566
13.1500000000015;"o12";"p47";620
12.1399999999994;"o13";"p47";609
10.8099999999977;"o14";"p47";569
9.77000000000407;"o15";"p47";569
8.27999999999884;"o16";"p47";610
5.45999999999913;"o17";"p47";617
4.83000000000175;"o18";"p47";568
5.69999999999709;"o19";"p47";659
7.72000000000116;"o20";"p47";605
33.0600000000049;"o21";"p47";615
18.8899999999994;"o22";"p47";612
15.1299999999974;"n1";"p47";741
16.2900000000009;"n2";"p47";939
22.0400000000009;"n3";"p47";903
17.4300000000003;"n4";"p47";522
12.3300000000017;"n5";"p47";485
22.1700000000055;"n6";"p47";479
15.0500000000029;"n7";"p47";489
15.9199999999983;"n8";"p47";812
14.1999999999971;"n9";"p47";581
16.2199999999939;"n10";"p47";923
27.5199999999968;"n11";"p47";1198
18.989999999998;"n12";"p47";1206
15;"n13";"p47";763
13.1100000000006;"n14";"p47";581
13.7300000000032;"n15";"p47";761
13.8099999999977;"n16";"p47";805
14.8399999999965;"n17";"p47";681
13.5299999999988;"n18";"p47";511
24.3300000000017;"n19";"p47";746
20.0799999999945;"n20";"p47";701
15;"n21";"p47";676
22.9700000000012;"n22";"p47";733
13.2300000000032;"n23";"p47";622
23.4700000000012;"r1";"p47";272
3.83000000000175;"r2";"p47";741
5.2699999999968;"r3";"p47";744
2.55000000000291;"r4";"p47";516
4.51000000000204;"r5";"p47";676
92.0600000000049;"o1";"p48";359
49.4400000000023;"o2";"p48";202
41.5500000000029;"o3";"p48";148
36.4499999999971;"o4";"p48";120
35.3400000000038;"o5";"p48";153
35.8899999999994;"o6";"p48";97
32.760000000002;"o7";"p48";162
23.0400000000009;"o8";"p48";127
22.4300000000003;"o9";"p48";77
33.25;"o10";"p48";144
22.4400000000023;"o11";"p48";48
18.2300000000032;"o12";"p48";115
16.7799999999988;"o13";"p48";179
15.0799999999945;"o14";"p48";85
13.6399999999994;"o15";"p48";69
12.1200000000026;"o16";"p48";129
8.54000000000087;"o17";"p48";43
7.42000000000553;"o18";"p48";40
8.22000000000116;"o19";"p48";70
11.3600000000006;"o20";"p48";135
43.75;"o21";"p48";176
25.6699999999983;"o22";"p48";187
20.7799999999988;"n1";"p48";227
23.3799999999974;"n2";"p48";94
30.3000000000029;"n3";"p48";68
21.239999999998;"n4";"p48";83
15.6399999999994;"n5";"p48";49
26.4800000000032;"n6";"p48";103
18.25;"n7";"p48";227
21.7900000000009;"n8";"p48";334
18.8899999999994;"n9";"p48";131
23.4000000000015;"n10";"p48";177
40.3899999999994;"n11";"p48";389
29.0599999999977;"n12";"p48";381
20.8399999999965;"n13";"p48";176
17.2200000000012;"n14";"p48";81
19.2799999999988;"n15";"p48";334
19.1600000000035;"n16";"p48";377
20.4599999999991;"n17";"p48";416
16.5499999999956;"n18";"p48";290
31.9799999999959;"n19";"p48";291
26.4099999999962;"n20";"p48";303
20.0699999999997;"n21";"p48";185
30.3000000000029;"n22";"p48";192
17.5;"n23";"p48";398
27.8599999999933;"r1";"p48";212
7.04000000000087;"r2";"p48";191
9.0199999999968;"r3";"p48";236
5.02999999999884;"r4";"p48";65
7.61000000000058;"r5";"p48";222
