setup_id,2,3,6,11,12,14,15,16,18,20,21,22,23,24,26,28,29,30,31,32,33,36,37,41,43,45,49,53,58,219,2068,2073,2074,2075,2076,2077,2079
6035,0.9409363,0.940864,0.96015,0.8767283,0.966,0.831,0.9570808,0.965,0.663,0.956,0.9346117,0.791,0.465035,0.9901514,0.9704476,0.985587,0.8246377,0.9563295,0.702,0.9916307,0.7018517,0.9722944,0.6952839,0.8962064,0.911327,0.8056426,0.8026755,0.6417647,0.7936,0.6991304,0.995327,0.5242791,0.899378,0.1893624,0.7286135,0.9231344,0.4537023
6036,0.6235332,0.9220798,0.65525,0.9071942,0.945,0.785,0.9613667,0.938,0.6935,0.93,0.8535958,0.7425,0.5485339,0.9852281,0.9023148,0.9165478,0.7521737,0.9455491,0.729,0.8346081,0.6222224,0.8645023,0.7642517,0.9225275,0.7926549,0.9583072,0.7233552,0.4751961,0.8002,0.7243778,0.9925057,0.5761155,0.7940901,0.2470689,0.3605996,0.8597015,0.5678268
6037,0.9242072,0.9411765,0.95845,0.8143883,0.9695,0.8465,0.9699381,0.9595,0.7005,0.946,0.954846,0.7635,0.480649,0.9901514,0.9748458,0.9823844,0.8420288,0.9746027,0.707,0.9904478,0.6259261,0.9844156,0.7382777,0.9297954,0.9428416,0.9630096,0.8109867,0.7056442,0.85,0.8018844,0.995327,0.5997508,0.9166408,0.2315056,0.6975329,0.9335822,0.5815067
6038,0.8363169,0.9380515,0.656,0.9071942,0.9435,0.7855,0.9599381,0.938,0.656,0.93,0.8535958,0.743,0.5349742,0.9862129,0.9403549,0.9129892,0.7811595,0.9435383,0.732,0.9059323,0.5925927,0.8584417,0.7733768,0.9225275,0.6694176,0.9583072,0.7233552,0.4858404,0.7998,0.6799714,0.9915711,0.4036732,0.7956455,0.2449135,0.3605996,0.9067165,0.5691597
6039,0.885306,0.940864,0.84845,0.7744242,0.873,0.7585,0.9513458,0.7735,0.7135,0.741,0.88483,0.706,0.5383664,0.9901514,0.9544752,0.8957296,0.8507245,0.9661978,0.729,0.9527839,0.5777778,0.9606061,0.7357145,0.8564152,0.9226323,0.9238244,0.7410197,0.6713445,0.7726,0.7817575,0.995327,0.5707192,0.8625194,0.2504206,0.5516826,0.9380599,0.4769161
6246,0.7616982,0.5222159,0.04065,0.4575779,0.1,0.1,0.6552175,0.1,0.1,0.1,0.7002352,0.1,0.4270223,0.5179714,0.333333,0.101423,0.5550726,0.8976791,0.7,0.103712,0.5777778,0.142857,0.6510598,0.1346762,0.6059556,0.5188085,0.653443,0.2552944,0.3384,0.5754546,0.995327,0.3119945,0.2381025,0.1649515,0.1622826,0.9067165,0.290744
6247,0.8363169,0.6745934,0.172,0.5839991,0.389,0.3855,0.9155694,0.3005,0.4765,0.232,0.7002352,0.269,0.4793207,0.9852281,0.7097222,0.2658362,0.8550724,0.9380598,0.69,0.3900107,0.774074,0.640693,0.7121328,0.3821825,0.7835324,0.6335422,0.6993532,0.522479,0.5338,0.7598204,0.9943836,0.4002856,0.5964231,0.2393985,0.2479678,0.9179104,0.5828582
6248,0.8363169,0.938362,0.0709,0.721659,0.1965,0.197,0.9513459,0.1945,0.1995,0.193,0.7002352,0.196,0.4270223,0.9852281,0.6625002,0.197509,0.8550724,0.9313008,0.723,0.2041485,0.6796299,0.285714,0.7498976,0.2795611,0.9015505,0.8633228,0.7087828,0.394832,0.657,0.7607476,0.995327,0.4070062,0.4373249,0.2109135,0.1915808,0.9067165,0.4850425
6249,0.9008615,0.9405515,0.90005,0.8464672,0.938,0.81,0.9585094,0.8735,0.7085,0.8445,0.9253529,0.7235,0.5377092,0.9901514,0.963503,0.9398577,0.8594203,0.9731418,0.742,0.9749821,0.5685185,0.9727273,0.7342961,0.8653239,0.9326285,0.943887,0.7744627,0.6819608,0.8254,0.7944913,0.995327,0.5909669,0.8897356,0.2408407,0.5837609,0.9350747,0.5298038
6251,0.8618228,0.9220798,0.74505,0.7264723,0.954,0.784,0.969938,0.9275,0.6805,0.929,0.8570641,0.72,0.5118313,0.9852281,0.9023148,0.9188612,0.8594202,0.9515833,0.74,0.8780943,0.6685186,0.9324676,0.7499147,0.9254261,0.9226294,0.9583072,0.7233552,0.6040616,0.8,0.7584524,0.9925057,0.5714131,0.8242613,0.2544857,0.3613123,0.8641791,0.5841356
6252,0.7939576,0.940864,0.77865,0.8847672,0.9765,0.8395,0.9656524,0.9655,0.709,0.967,0.9380797,0.823,0.4983037,0.9901514,0.9286266,0.9791814,0.8550724,0.9223437,0.718,0.9693421,0.7629629,0.9012988,0.7707794,0.9415174,0.8667725,0.959561,0.7337721,0.5968487,0.87,0.7593132,0.9943836,0.5593007,0.8603421,0.2451488,0.4375172,0.9320896,0.5828584
6253,0.7616982,0.9045671,0.5394,0.8783668,0.9475,0.784,0.9599173,0.929,0.5675,0.973,0.842583,0.7395,0.4270223,0.9852281,0.9217593,0.9658364,0.8550724,0.8980445,0.7,0.8957438,0.5777778,0.7870132,0.6510598,0.8493605,0.6268213,0.9579938,0.7347808,0.3570311,0.8556,0.6916934,0.995327,0.3119945,0.8233281,0.1888874,0.3943184,0.9067165,0.4578487
6254,0.9353682,0.9405515,0.8679,0.8016643,0.884,0.7365,0.9513458,0.801,0.708,0.8645,0.888288,0.6895,0.5254092,0.9901514,0.9550925,0.9133452,0.8594203,0.9694885,0.724,0.9573338,0.6037039,0.9601732,0.7552121,0.9107843,0.9191521,0.9520375,0.7494626,0.6419328,0.7908,0.7777632,0.995327,0.5849265,0.8685848,0.1814666,0.3896151,0.9246268,0.6058683
6255,0.9286517,0.9405495,0.9052,0.7136713,0.973,0.82,0.9713872,0.9625,0.69,0.968,0.910865,0.7575,0.5084713,0.9881818,0.9250771,0.9713523,0.8623186,0.9687583,0.744,0.9746192,0.7203704,0.9675325,0.7577411,0.9312872,0.9313227,0.9630093,0.7108442,0.6856301,0.8488,0.7725104,0.9943836,0.5727644,0.8891135,0.260948,0.5327545,0.9223881,0.6180858
6256,0.9442696,0.940864,0.9602,0.8767283,0.966,0.831,0.9570808,0.965,0.662,0.956,0.9346117,0.791,0.4711483,0.9901514,0.9695216,0.985587,0.8260869,0.9559639,0.701,0.9916307,0.7018517,0.9722944,0.6952839,0.8888747,0.911327,0.8053292,0.8026754,0.6417647,0.7936,0.6991746,0.995327,0.5242791,0.899378,0.1893624,0.7286135,0.9231344,0.4537023
6257,0.9264917,0.9411755,0.95165,0.7839991,0.955,0.835,0.9656316,0.94,0.722,0.9085,0.9641147,0.756,0.539672,0.9901514,0.9780864,0.9736654,0.821739,0.97168,0.725,0.9889933,0.575926,0.9844156,0.7356461,0.9283886,0.9332803,0.9426333,0.809945,0.6950839,0.824,0.7822211,0.9934579,0.5720478,0.9066873,0.2147463,0.6109922,0.922388,0.5884119
6258,0.9163919,0.941489,0.95165,0.919995,0.9725,0.84,0.9613666,0.9505,0.7025,0.953,0.9901535,0.796,0.5220262,0.9901514,0.9804783,0.983274,0.8260869,0.9733223,0.714,0.9919037,0.7814813,0.9857143,0.723992,0.9386188,0.9319768,0.9514106,0.7912391,0.715238,0.8338,0.7718261,0.9934402,0.5398149,0.8975117,0.222425,0.733639,0.9268656,0.627675
6259,0.6235332,0.9302213,0.65525,0.9086791,0.945,0.802,0.9556316,0.9355,0.6935,0.929,0.8981549,0.7425,0.5485339,0.9859669,0.9152778,0.9165478,0.784058,0.9455491,0.727,0.8346081,0.6759261,0.8835499,0.7642517,0.9196078,0.8113506,0.9576802,0.7233552,0.4751961,0.8002,0.7452116,0.9934491,0.5761155,0.7940901,0.2470689,0.3605996,0.9059702,0.5678268
6260,0.836317,0.938362,0.17185,0.7471326,0.3705,0.3615,0.94853,0.2805,0.462,0.232,0.7540192,0.244,0.4283047,0.9852281,0.8316358,0.2661923,0.8405796,0.9459158,0.699,0.3853714,0.8351851,0.7995673,0.6758205,0.3880223,0.8167915,0.8984326,0.7118969,0.5011905,0.6516,0.7407531,0.9934579,0.3631599,0.6762052,0.2137843,0.2479678,0.9171642,0.5787672
6261,0.9108739,0.9411765,0.9169,0.7792373,0.852,0.7125,0.9327329,0.7455,0.684,0.6915,0.840281,0.6445,0.4711206,0.9901514,0.9384258,0.8738434,0.8159418,0.9733238,0.704,0.9535123,0.6111113,0.9679654,0.674573,0.9106991,0.928929,0.8874608,0.8058004,0.672549,0.7546,0.767986,0.9943836,0.5337294,0.8502334,0.195839,0.5049545,0.911194,0.5433543
6262,0.9052685,0.9411765,0.9357,0.8303382,0.951,0.8085,0.9527329,0.923,0.7235,0.899,0.9548527,0.751,0.5370609,0.9901514,0.9803241,0.9697508,0.8463767,0.9705841,0.73,0.9866275,0.7925925,0.9809524,0.7369107,0.9223998,0.9367598,0.9489027,0.8110089,0.6714005,0.8206,0.7805878,0.9934579,0.5916516,0.8984448,0.2571178,0.5641215,0.922388,0.509293
6263,0.8363169,0.6605093,0.07445,0.7326422,0.3595,0.1995,0.9255899,0.198,0.2,0.205,0.7002352,0.1975,0.4270223,0.8867563,0.6625002,0.1982206,0.8550724,0.9313008,0.7,0.2056952,0.6851854,0.5653684,0.7239237,0.2781118,0.78244,0.6238243,0.6993532,0.3960084,0.5856,0.7571282,0.995327,0.4070062,0.4381025,0.2180916,0.2093671,0.9067165,0.4958718
6264,0.9353557,0.9405505,0.96,0.8592168,0.9675,0.835,0.9599586,0.964,0.669,0.959,0.9380831,0.7905,0.4657151,0.9901514,0.9666667,0.9855871,0.8202898,0.9592536,0.703,0.9916306,0.7092592,0.9683983,0.7031444,0.8990835,0.9143714,0.8285267,0.8089472,0.6299721,0.7968,0.7042948,0.9934579,0.524932,0.8976672,0.1910407,0.7071925,0.9238808,0.4631987
6265,0.8930463,0.9405515,0.92115,0.8239377,0.9365,0.815,0.965673,0.8995,0.7235,0.8445,0.9386512,0.7305,0.5227663,0.9901514,0.9648148,0.9540925,0.857971,0.9727751,0.742,0.97662,0.5796297,0.9731602,0.7682162,0.928346,0.9317589,0.9470218,0.7838267,0.6856162,0.8306,0.793763,0.995327,0.5889625,0.8973563,0.2257513,0.5938122,0.9350748,0.6317661
6266,0.9454057,0.9405515,0.9325,0.8591912,0.9525,0.817,0.9642237,0.9315,0.715,0.9415,0.9143163,0.7615,0.5336321,0.9901514,0.9677468,0.9679717,0.8681158,0.9724102,0.729,0.9838068,0.6203703,0.9766234,0.7708307,0.9357202,0.9300192,0.9576802,0.7630374,0.6868486,0.8492,0.780985,0.995327,0.6017459,0.8951789,0.2418069,0.5887864,0.9380597,0.6562571
6267,0.9398251,0.9411765,0.93455,0.9279059,0.9735,0.85,0.959938,0.962,0.717,0.957,0.9826254,0.7965,0.5213734,0.9901514,0.9770834,0.97758,0.8550724,0.9727761,0.743,0.9889923,0.6481483,0.9761905,0.7708307,0.9370631,0.9363232,0.9583072,0.8141337,0.7197618,0.848,0.7947562,0.995327,0.586237,0.8984447,0.2221679,0.7239806,0.9313433,0.6099593
6268,0.856392,0.9042555,0.5072,0.7646699,0.864,0.6605,0.9527951,0.67,0.6815,0.781,0.7002352,0.538,0.5064809,0.887372,0.8733795,0.7717081,0.8550724,0.9313008,0.701,0.6397398,0.6870373,0.8034634,0.7395935,0.5901107,0.7930911,0.9028213,0.6993532,0.4670169,0.6612,0.7572608,0.9943836,0.4097089,0.7664075,0.2212064,0.2630092,0.9194029,0.5135877
6269,0.6558428,0.9217673,0.654,0.900717,0.949,0.7845,0.9613667,0.9395,0.695,0.9305,0.8501243,0.7375,0.5451372,0.9852281,0.9010032,0.9156582,0.7637679,0.9473763,0.732,0.8330613,0.6185187,0.8632036,0.7642688,0.9225275,0.798524,0.960188,0.7192105,0.4870028,0.8002,0.7237378,0.9934491,0.5713995,0.7958009,0.2437167,0.358853,0.8619404,0.5800445
6270,0.8363169,0.6736559,0.1835,0.7149514,0.395,0.391,0.9241822,0.31,0.471,0.2875,0.7002352,0.2705,0.454817,0.9852281,0.7097222,0.3085408,0.8550724,0.9362328,0.682,0.4027438,0.7407408,0.7025977,0.7200276,0.4026429,0.7876601,0.689028,0.6993532,0.5094398,0.5344,0.7569293,0.9943836,0.392182,0.5982894,0.2374858,0.2479678,0.9283582,0.5828584
6271,0.9175155,0.940863,0.93825,0.8191758,0.9625,0.8135,0.9571013,0.92,0.688,0.9015,0.9351729,0.7435,0.471139,0.9901514,0.9659721,0.9688613,0.8391303,0.9722274,0.717,0.9862635,0.6074074,0.9805195,0.7421738,0.9152388,0.9389317,0.9460815,0.8089473,0.7163866,0.8298,0.7865244,0.9934579,0.5653818,0.9012441,0.2288694,0.6396498,0.9283582,0.562514
6272,0.6235332,0.9220798,0.65525,0.9071942,0.945,0.785,0.9613667,0.938,0.6935,0.93,0.8535958,0.7425,0.5485339,0.9852281,0.9023148,0.9165478,0.7521737,0.9455491,0.729,0.8346081,0.6222224,0.8645023,0.7642517,0.9225275,0.7926549,0.9583072,0.7233552,0.4751961,0.8002,0.7243778,0.9925057,0.5761155,0.7940901,0.2470689,0.3605996,0.8597015,0.5678268
6273,0.890824,0.940864,0.95765,0.8943678,0.97,0.797,0.9527743,0.942,0.699,0.958,0.8784749,0.758,0.5533048,0.9901514,0.9579477,0.9809607,0.8420289,0.9702178,0.723,0.990629,0.7055556,0.9818182,0.7161144,0.8903667,0.9267594,0.8529781,0.7827961,0.6571429,0.7908,0.7815367,0.995327,0.5492155,0.9063765,0.2511284,0.592279,0.9171641,0.5951129
6274,0.8407864,0.9042555,0.49715,0.5407067,0.846,0.6595,0.9213042,0.6525,0.7005,0.7725,0.7002352,0.4875,0.4799687,0.8867563,0.8792438,0.7729537,0.8550724,0.9313008,0.702,0.64265,0.6870373,0.7696972,0.7291185,0.6004048,0.7896138,0.8746081,0.6983115,0.4503781,0.6068,0.7573931,0.9943836,0.4070062,0.7718506,0.2195328,0.2638649,0.9179104,0.5040354
6275,0.9410111,0.9411765,0.89375,0.7839479,0.889,0.77,0.94559,0.836,0.708,0.859,0.936339,0.7115,0.4969158,0.9901514,0.9738425,0.9247332,0.8507244,0.9713134,0.734,0.966977,0.5777778,0.9722944,0.7435067,0.9254048,0.9263265,0.943887,0.8088925,0.6701402,0.776,0.780654,0.995327,0.5639579,0.8688958,0.1982159,0.5990166,0.9238806,0.6031285
6276,0.9142321,0.9411765,0.8799,0.7777268,0.87,0.7335,0.9469979,0.7375,0.6505,0.7455,0.8426132,0.645,0.4656784,0.9901514,0.9418981,0.8852314,0.805797,0.9651016,0.696,0.9550579,0.614815,0.9627706,0.7148498,0.83604,0.9132836,0.8652037,0.8026754,0.6584034,0.7552,0.7520525,0.9943836,0.4899238,0.855832,0.1953599,0.5059875,0.9194029,0.5218437
6277,0.8674907,0.9042555,0.9023,0.8784692,0.9365,0.817,0.9570602,0.9045,0.7495,0.926,0.9710512,0.76,0.5635043,0.9852281,0.9854939,0.9494661,0.8608695,0.9731428,0.743,0.9780753,0.6481483,0.9735931,0.7590911,0.9385763,0.924369,0.9576801,0.7577849,0.7162603,0.8412,0.7789549,0.995327,0.5943272,0.8950234,0.260241,0.7445099,0.9350747,0.6195668
6278,0.7616982,0.5222159,0.04065,0.4575779,0.1,0.1,0.6552175,0.1,0.1,0.1,0.7002352,0.1,0.4270223,0.5179714,0.333333,0.101423,0.5550726,0.8976791,0.7,0.103712,0.5777778,0.142857,0.6510598,0.1346762,0.6059556,0.5188085,0.653443,0.2552944,0.3384,0.5754546,0.995327,0.3119945,0.2381025,0.1649515,0.1622826,0.9067165,0.290744
6279,0.8363169,0.6605093,0.15465,0.7598567,0.472,0.3635,0.9513665,0.326,0.2,0.3635,0.7002352,0.308,0.4752344,0.8867563,0.6625002,0.3722419,0.8550724,0.9313008,0.704,0.209151,0.6740742,0.5636368,0.7395251,0.3281118,0.7987379,0.7297807,0.6921272,0.4314706,0.6356,0.7563779,0.995327,0.4076729,0.4939348,0.2200153,0.2205227,0.9216417,0.494502
6280,0.9165044,0.940239,0.94285,0.7902971,0.959,0.8265,0.9456109,0.9355,0.744,0.9275,0.9299604,0.7825,0.5498528,0.9901514,0.9652006,0.9690392,0.863768,0.9720443,0.731,0.9847171,0.575926,0.978355,0.7460528,0.93864,0.9278491,0.9473354,0.7744298,0.6784733,0.8036,0.7821106,0.995327,0.6078043,0.9,0.2525686,0.6439969,0.9320896,0.6032212
6281,0.9309861,0.938987,0.7262,0.8736049,0.9385,0.789,0.9570603,0.8865,0.7235,0.915,0.861107,0.748,0.5607924,0.9852281,0.9053241,0.9204626,0.8579709,0.9680269,0.737,0.9161225,0.6925927,0.9601732,0.7511963,0.9312658,0.9202386,0.9504703,0.7181358,0.6632072,0.8322,0.7617628,0.9943836,0.6024215,0.8513218,0.2645435,0.3125524,0.9298506,0.6304148
6282,0.7616982,0.8679585,0.7166,0.4575779,0.7205,0.5995,0.6552175,0.4705,0.5885,0.4715,0.7002352,0.533,0.4270223,0.9862129,0.9024691,0.883452,0.5550726,0.9521273,0.7,0.8927402,0.5777778,0.8891776,0.6510598,0.1346762,0.8993749,0.9075236,0.653443,0.2552944,0.8036,0.7635724,0.995327,0.3119945,0.8381025,0.2477838,0.3142629,0.9067165,0.290744
6283,0.9242321,0.9411765,0.94605,0.7791861,0.957,0.818,0.9455901,0.9305,0.6855,0.912,0.9351927,0.748,0.4690889,0.9901514,0.9713735,0.9713523,0.8202898,0.9713137,0.707,0.9861722,0.6296298,0.9835498,0.7342791,0.9165814,0.9384962,0.9473352,0.8037171,0.6891597,0.83,0.7804332,0.9943836,0.5566025,0.9087092,0.2161825,0.6574354,0.9373137,0.5707333
6284,0.8662673,0.9277038,0.906,0.8367898,0.9425,0.812,0.9627744,0.9085,0.701,0.8725,0.7002352,0.7385,0.5342341,0.980674,0.9018519,0.9654803,0.8565215,0.9693028,0.725,0.9781667,0.6296298,0.9606061,0.7487528,0.8888108,0.9274121,0.9510971,0.6911074,0.6572129,0.8366,0.7733931,0.995327,0.5794759,0.892846,0.2621472,0.4264986,0.9298508,0.6113107
6285,0.9309861,0.938987,0.7262,0.8736049,0.9385,0.789,0.9570603,0.8865,0.7225,0.915,0.861107,0.748,0.5607834,0.9852281,0.9053241,0.9204626,0.8579709,0.9685753,0.737,0.9161225,0.6870372,0.9601732,0.7551095,0.935635,0.9202386,0.9504703,0.7212609,0.6632072,0.8322,0.7617628,0.9925145,0.6031062,0.8513218,0.2690929,0.3125524,0.930597,0.6385228
6286,0.8363169,0.6605093,0.0709,0.7264721,0.1965,0.197,0.954203,0.1945,0.1995,0.193,0.7002352,0.196,0.4270223,0.8867563,0.6625002,0.197509,0.8550724,0.9313008,0.694,0.2041485,0.6722224,0.285714,0.7369449,0.2795611,0.8463387,0.7661441,0.6919409,0.394832,0.5928,0.7577905,0.995327,0.4070062,0.4373249,0.2109135,0.1915808,0.9067165,0.4850425
6287,0.6535581,0.9233298,0.65525,0.9071686,0.951,0.795,0.9613667,0.9435,0.6925,0.9335,0.8726845,0.745,0.5519123,0.9852281,0.9051698,0.9181494,0.784058,0.9464631,0.732,0.8343354,0.6185187,0.8636365,0.7681991,0.9239982,0.8141768,0.9592475,0.7306688,0.479958,0.801,0.7275118,0.9925057,0.5767731,0.7958008,0.2470689,0.3605996,0.8656716,0.5773419
6288,0.9420473,0.940864,0.9609,0.8767283,0.966,0.831,0.9570808,0.965,0.661,0.956,0.9346117,0.791,0.4772798,0.9901514,0.9698303,0.985587,0.8246377,0.9565123,0.713,0.9916307,0.7018517,0.9722944,0.6952839,0.9005967,0.9111096,0.8144201,0.7953071,0.6417647,0.7936,0.6991525,0.9934579,0.5242791,0.899378,0.1893624,0.728613425,0.9231344,0.4537023
6289,0.9565543,0.940239,0.94145,0.8591144,0.955,0.81,0.959938,0.933,0.732,0.9525,0.9224392,0.7795,0.5281303,0.9901514,0.9739969,0.9733097,0.8695651,0.9733251,0.729,0.9857175,0.6944446,0.9796537,0.7669688,0.9443945,0.9363214,0.9586206,0.7796929,0.6879972,0.8412,0.781625,0.9934579,0.6017505,0.8989114,0.1814666,0.3896151,0.9298508,0.6358016
6290,0.8363169,0.8679585,0.17185,0.7439836,0.3705,0.3615,0.9427744,0.2805,0.469,0.232,0.7002352,0.244,0.4283047,0.9852281,0.7097222,0.2661923,0.8550724,0.9435408,0.704,0.3853714,0.7666667,0.7168834,0.6783667,0.3880223,0.8000505,0.7811911,0.6794408,0.5142156,0.6062,0.7545459,0.995327,0.3631599,0.6390357,0.2137843,0.2479678,0.9194029,0.5760645
6291,0.928739,0.940864,0.94405,0.8304406,0.9525,0.8265,0.9570809,0.9165,0.721,0.89,0.9409699,0.7375,0.5220813,0.9901514,0.9760802,0.9661922,0.8405795,0.9744198,0.74,0.9845344,0.575926,0.9809524,0.7590911,0.926918,0.9389357,0.9510973,0.7838595,0.6998178,0.8314,0.7880913,0.9934579,0.5875884,0.9027995,0.2264735,0.58925,0.9291044,0.6030915
6292,0.9308988,0.9411765,0.9453,0.7792373,0.852,0.7125,0.9341615,0.7455,0.685,0.6915,0.840281,0.6445,0.4854247,0.9901514,0.9385029,0.8738434,0.8289855,0.9724093,0.717,0.9535123,0.6092595,0.9679654,0.674573,0.9210783,0.9358879,0.9184951,0.7963489,0.672549,0.7546,0.7791088,0.9934579,0.5566209,0.8502334,0.195839,0.5049545,0.9089552,0.5325435
6293,0.9198626,0.940864,0.9163,0.8512291,0.945,0.811,0.9527951,0.9025,0.729,0.8515,0.9276583,0.7415,0.5431559,0.9901514,0.9752315,0.9571174,0.8666666,0.9718622,0.744,0.98126,0.8074073,0.9688312,0.7552634,0.863832,0.9348015,0.9404388,0.7880263,0.6736976,0.8326,0.7918208,0.995327,0.5916288,0.8956455,0.2571178,0.5655118,0.9373135,0.491781
6294,0.9309487,0.9405515,0.76995,0.7918846,0.94,0.765,0.9670808,0.914,0.6825,0.912,0.9519659,0.704,0.5376632,0.9901514,0.9449073,0.9258009,0.8463767,0.9506682,0.72,0.8948351,0.7296298,0.9454546,0.7460357,0.9254261,0.9302352,0.9514106,0.7660309,0.6631512,0.8012,0.7700831,0.995327,0.5640213,0.8261274,0.2609548,0.5090172,0.8970149,0.6140135
6295,0.9042196,0.9411765,0.89185,0.8209936,0.8955,0.7605,0.9441821,0.84,0.7215,0.835,0.96065,0.734,0.5370151,0.9901514,0.9817901,0.9279357,0.8536231,0.9694875,0.722,0.9666119,0.5925928,0.9692641,0.7421738,0.9210997,0.9280604,0.9322884,0.7942872,0.6689916,0.7872,0.7731283,0.995327,0.5403819,0.8628304,0.207091,0.5441268,0.9253731,0.5719365
6296,0.8363169,0.6605093,0.0709,0.5839991,0.1965,0.197,0.9241614,0.1945,0.1995,0.193,0.7002352,0.196,0.4270223,0.8867563,0.6625002,0.197509,0.8550724,0.9313008,0.7,0.2041485,0.6870373,0.285714,0.7186947,0.2795611,0.7798313,0.6238243,0.6993532,0.394832,0.5686,0.7573931,0.995327,0.4070062,0.4373249,0.2109135,0.1915808,0.9067165,0.4850425
6297,0.928739,0.940864,0.5082,0.8351769,0.8255,0.742,0.9513666,0.769,0.713,0.831,0.9010215,0.6445,0.5668461,0.9901514,0.9180555,0.8104981,0.8536231,0.9592586,0.735,0.804223,0.6722223,0.917749,0.7525463,0.8273869,0.9193714,0.9504702,0.752522,0.6831793,0.7972,0.7662649,0.9943836,0.5761792,0.8222394,0.2592733,0.3136933,0.9201494,0.6194002
6298,0.8964045,0.941489,0.9027,0.8863289,0.973,0.8295,0.9627951,0.951,0.739,0.9505,0.9855256,0.809,0.5458035,0.9899051,0.9801698,0.9686833,0.8637679,0.9694858,0.741,0.9828054,0.6629631,0.9679654,0.7708136,0.9385549,0.9319749,0.9583072,0.8109759,0.7269328,0.8686,0.7838099,0.995327,0.587593,0.8676515,0.2655019,0.7096872,0.938806,0.6249725
6299,0.9432333,0.9405505,0.88145,0.7409116,0.9155,0.712,0.959938,0.837,0.6975,0.9285,0.9461689,0.6875,0.5274729,0.9901514,0.967284,0.9040927,0.8550723,0.9704016,0.729,0.9524196,0.6425926,0.9670996,0.7616714,0.9210143,0.9321918,0.9586207,0.7494735,0.6760225,0.809,0.7584303,0.995327,0.5700708,0.825972,0.2564027,0.5994435,0.932836,0.6058497
6300,0.9142072,0.940864,0.87795,0.7951872,0.864,0.708,0.9327122,0.733,0.642,0.689,0.8425696,0.632,0.4663862,0.9901514,0.9382718,0.8752669,0.7971016,0.9654661,0.702,0.9514205,0.6111113,0.9692641,0.7056564,0.8551365,0.916542,0.8407522,0.8005921,0.6690895,0.7614,0.752825,0.9943836,0.4905996,0.8553655,0.1786014,0.5024241,0.9097014,0.5083488
6301,0.9008864,0.940239,0.88265,0.7678701,0.891,0.766,0.9456109,0.812,0.7245,0.794,0.9166656,0.718,0.539672,0.9901514,0.9645062,0.9087189,0.863768,0.9724097,0.731,0.9639738,0.575926,0.9679654,0.7460528,0.906415,0.9278491,0.9442006,0.7744298,0.6772127,0.7696,0.7821106,0.995327,0.5720706,0.8590981,0.2161699,0.5646923,0.9268656,0.6031286
6302,0.8061797,0.941489,0.71955,0.8752178,0.973,0.82,0.9627951,0.9525,0.7385,0.9505,0.9317079,0.809,0.5152925,0.9899051,0.9241514,0.9653025,0.8637679,0.96163,0.741,0.9432321,0.6592593,0.9285715,0.7708136,0.9385549,0.9169769,0.9583072,0.72125,0.647647,0.8686,0.7592027,0.995327,0.5923001,0.8517885,0.2655019,0.4062229,0.938806,0.5774343
423919,0.89423221,0.940551528,0.77415,0.902406554,0.9765,0.8275,0.959917184,0.9585,0.744,0.969,0.993634897,0.836,0.55328645,0.989905113,0.982253086,0.974021352,0.847826087,0.955053777,0.736,0.938409794,0.577777778,0.934632035,0.777323992,0.945907928,0.926103933,0.955799373,0.797412281,0.698655462,0.8562,0.759445995,0.993457944,0.598385634,0.885381026,0.260226269,0.61815637,0.93358209,0.61949278
2360,0.7616982,0.5222159,0.04065,0.4575779,0.1,0.1,0.6552175,0.1,0.1,0.1,0.7002352,0.1,0.4270223,0.5179714,0.333333,0.101423,0.5550726,0.8976791,0.7,0.103712,0.5777778,0.142857,0.6510598,0.1346762,0.6059556,0.5188085,0.653443,0.2552944,0.3384,0.5754546,0.995327,0.3119945,0.2381025,0.1649515,0.1622826,0.9067165,0.290744
2361,0.8363169,0.6745934,0.172,0.5839991,0.389,0.3855,0.9155694,0.3005,0.4765,0.232,0.7002352,0.269,0.4793207,0.9852281,0.7097222,0.2658362,0.8550724,0.9380598,0.663,0.3900107,0.774074,0.640693,0.7121328,0.3982952,0.7835324,0.6335422,0.6993532,0.522479,0.5338,0.7598204,0.9943836,0.4002856,0.5964231,0.2343741,0.2479678,0.9164178,0.5828582
2362,0.9120472,0.9946796,0.87795,0.7678701,0.8895,0.7625,0.9456109,0.8095,0.7245,0.782,0.9166656,0.7085,0.5240991,1,0.9712963,0.9042703,0.8594202,0.9700349,0.709,0.9657935,0.5777778,0.9632035,0.7434383,0.9254262,0.9271955,0.9429467,0.8538379,0.7033473,0.7436,0.908126,0.995327,0.5653455,0.8622084,0.2070898,0.5646923,0.9373135,0.6166791
2364,0.9499252,0.9586941,0.95995,0.8767283,0.961,0.8015,0.9570808,0.964,0.663,0.9625,0.9346117,0.7895,0.4392534,1,0.9829476,0.9871886,0.8130435,0.960166,0.709,0.9939049,0.7481482,0.9735931,0.7031786,0.9108482,0.9082821,0.7470219,0.9906141,0.7137815,0.7324,0.7936089,0.9915799,0.5229187,0.9063763,0.204456,0.7286135,0.9231343,0.5109218
2367,0.9175403,0.9902978,0.8457,0.7744242,0.8765,0.752,0.9513458,0.773,0.7135,0.7365,0.88483,0.696,0.5213917,0.9993841,0.9604937,0.8955517,0.8463768,0.9660153,0.701,0.9548766,0.5925928,0.9584416,0.7447712,0.8594417,0.9295847,0.9153605,0.7964035,0.7103359,0.7716,0.8802745,0.995327,0.5848722,0.8620529,0.2470576,0.5516826,0.9350747,0.4374304
2368,0.9252808,0.9524246,0.8641,0.7951872,0.8525,0.6515,0.9327122,0.731,0.642,0.6605,0.8425696,0.623,0.4833884,1,0.9361112,0.8665481,0.7695652,0.9649194,0.666,0.9560593,0.7111112,0.9597403,0.7017945,0.8535806,0.9156687,0.7037618,0.7744735,0.6913445,0.7262,0.8861004,0.9925056,0.5276438,0.8488336,0.2013384,0.5024241,0.9119402,0.513754
2369,0.9443071,0.9902988,0.9653,0.8143883,0.968,0.829,0.9699381,0.961,0.7005,0.964,0.954846,0.7715,0.5078232,1,0.9903551,0.9822065,0.8623188,0.9762467,0.765,0.9914489,0.7592591,0.9813853,0.7668491,0.9400043,0.9545807,0.9551725,0.9718091,0.7516946,0.8516,0.9235522,0.9943924,0.6138582,0.9155523,0.2413192,0.6975329,0.9373136,0.5624769
2370,0.9554683,0.9959326,0.9211,0.8863289,0.9765,0.8315,0.9627951,0.9525,0.739,0.958,0.9855256,0.8245,0.5254873,1,0.9900463,0.9711744,0.8507246,0.9685729,0.757,0.9848077,0.8111111,0.9640693,0.7668662,0.9444372,0.9356715,0.9586207,0.9833005,0.8295939,0.8702,0.910355,0.995327,0.5882641,0.8752721,0.2674132,0.7096872,0.938806,0.6617179
2371,0.7616982,0.9386687,0.64205,0.9071942,0.924,0.759,0.9599381,0.935,0.656,0.9355,0.8535958,0.7345,0.4976098,0.9928593,0.9441358,0.864057,0.7478261,0.8989565,0.748,0.9051145,0.5037038,0.7974028,0.7421738,0.9254688,0.6783113,0.9545455,0.7004713,0.457423,0.7996,0.6891296,0.995327,0.4076863,0.7958009,0.2329438,0.3605996,0.9067165,0.5298778
2372,0.7716981,0.6605093,0.0709,0.5839991,0.1965,0.197,0.9241614,0.1945,0.1995,0.193,0.7002352,0.196,0.4270223,0.8867563,0.6625002,0.197509,0.8550724,0.9313008,0.7,0.2041485,0.6888891,0.285714,0.7186947,0.2795611,0.7798313,0.6238243,0.6993532,0.3960085,0.5686,0.7573931,0.995327,0.4070062,0.4373249,0.2109135,0.1915808,0.9067165,0.4850425
2373,0.9509862,0.9899853,0.8606,0.8016643,0.889,0.725,0.9513458,0.809,0.708,0.876,0.888288,0.686,0.536937,1,0.9658178,0.908363,0.8652174,0.9689361,0.715,0.964885,0.7055556,0.952381,0.7512989,0.9181373,0.9230622,0.9467085,0.9780922,0.6927311,0.7954,0.8573223,0.995327,0.5647288,0.8645413,0.189612,0.3896151,0.9350746,0.6167531
2381,0.7460923,0.8742085,0.64105,0.9071942,0.924,0.7595,0.9613667,0.935,0.6935,0.9355,0.8535958,0.734,0.5071153,0.9576555,0.9033179,0.9140569,0.7782609,0.8989571,0.753,0.8575351,0.7499999,0.8034634,0.7590398,0.9254688,0.7950445,0.9545455,0.7004713,0.4456303,0.7996,0.7300492,0.9736906,0.5767867,0.7947122,0.2348572,0.3605996,0.8388061,0.5530175
2489,0.7460923,0.8742085,0.64105,0.9071942,0.924,0.7595,0.9613667,0.935,0.6935,0.9355,0.8535958,0.734,0.5071153,0.9576555,0.9033179,0.9140569,0.7782609,0.8989571,0.753,0.8575351,0.7425926,0.8034634,0.7590398,0.9254688,0.7950445,0.9545455,0.7004713,0.4456303,0.7996,0.7300492,0.9736906,0.5767867,0.7947122,0.2348572,0.3605996,0.8388061,0.5530175
2505,0.9465418,0.9903008,0.8865,0.8209936,0.8985,0.755,0.9441821,0.8455,0.7215,0.835,0.96065,0.72,0.4996597,1,0.9915896,0.927936,0.8492752,0.9685728,0.681,0.9696149,0.5907407,0.9640693,0.7305026,0.9211208,0.9371898,0.9278997,0.9467982,0.71979,0.7822,0.8533721,0.995327,0.5579495,0.8645411,0.2269555,0.5441268,0.916418,0.5842838
2869,0.8696753,0.9615145,0.82255,0.8847672,0.977,0.8405,0.9656524,0.9635,0.709,0.977,0.9380797,0.825,0.4895385,1,0.9307099,0.9823844,0.8521738,0.9285573,0.751,0.979895,0.8148148,0.9277057,0.768182,0.9327365,0.9013306,0.9304074,0.9833005,0.7422129,0.8644,0.75896,0.9943836,0.5714086,0.8678072,0.2506542,0.4375172,0.9335821,0.6480749
2874,0.9665669,0.9148883,0.9127,0.7136713,0.97,0.8215,0.9713872,0.963,0.69,0.974,0.910865,0.745,0.5057455,0.9997538,0.9261574,0.9743772,0.8666665,0.9674792,0.752,0.9808055,0.8055555,0.9619048,0.7642688,0.9371482,0.9324106,0.9633227,0.7463815,0.7104482,0.8462,0.7992805,0.9924968,0.5714131,0.8891136,0.2583123,0.5327545,0.919403,0.599093
2882,0.7616982,0.9145777,0.5558,0.8783668,0.9585,0.777,0.9599173,0.927,0.5675,0.979,0.842583,0.753,0.4303962,0.9987694,0.9225309,0.9708185,0.8550724,0.8980445,0.7,0.9141212,0.6814816,0.8186149,0.6510598,0.8801152,0.7459242,0.9633228,0.7630592,0.4161205,0.853,0.6898178,0.995327,0.3119945,0.831571,0.1948672,0.3943184,0.9067165,0.4687522
2895,0.9833085,0.966203,0.7636,0.7918846,0.9335,0.7635,0.9670808,0.9115,0.6825,0.909,0.9519659,0.7215,0.5227661,0.9991386,0.9485339,0.9277578,0.8594203,0.9534103,0.74,0.895379,0.7481481,0.9341992,0.7512477,0.9312873,0.9256715,0.9529779,0.6993532,0.6442156,0.8074,0.8086603,0.995327,0.5640213,0.822395,0.2494648,0.5090172,0.9007462,0.6180859
2899,0.9755307,0.9802978,0.86695,0.7409116,0.875,0.67,0.959938,0.8345,0.6975,0.9345,0.9461689,0.6555,0.5078321,1,0.9743056,0.8934163,0.8478259,0.971315,0.728,0.9537861,0.7185185,0.9510823,0.7525805,0.9298592,0.9278431,0.954232,0.8664034,0.7079552,0.7914,0.8496424,0.995327,0.5680574,0.8206842,0.2511315,0.5994435,0.9186567,0.5435764
2900,0.9699252,0.961828,0.5082,0.8351769,0.831,0.742,0.9513666,0.769,0.713,0.8315,0.9010215,0.645,0.568202,0.9990154,0.9180555,0.8104981,0.8449277,0.9596236,0.71,0.8173216,0.6907407,0.9194806,0.7525976,0.8332054,0.9204555,0.9504702,0.7193203,0.672409,0.7972,0.7967426,0.9868717,0.5713768,0.8278383,0.2573584,0.3136933,0.9134328,0.622251
2903,0.8363169,0.938362,0.0709,0.721659,0.1965,0.197,0.9513459,0.1945,0.1995,0.193,0.7002352,0.196,0.4270223,0.9619635,0.6625002,0.197509,0.8420291,0.9313008,0.709,0.2041485,0.7407407,0.285714,0.7460186,0.2795611,0.9013325,0.8633228,0.7349014,0.3960085,0.657,0.7616306,0.995327,0.4070062,0.4373249,0.2109135,0.1915808,0.9067165,0.4850425
2904,0.9498876,0.9956191,0.955,0.7839991,0.9585,0.8155,0.9656316,0.929,0.722,0.916,0.9641147,0.75,0.5084896,1,0.9943672,0.9734877,0.8405797,0.9705839,0.704,0.9895384,0.5777778,0.9852814,0.7409093,0.9386401,0.9506672,0.9470219,0.969704,0.7613304,0.8092,0.9374339,0.9906453,0.5848859,0.9066876,0.2133169,0.6109922,0.9343284,0.637301
2905,0.9509988,0.9953046,0.93985,0.8303382,0.9515,0.7955,0.9527329,0.9175,0.7235,0.909,0.9548527,0.7615,0.5139685,1,0.994213,0.9699289,0.8246374,0.9722283,0.732,0.9889018,0.7962963,0.9809524,0.7344329,0.912255,0.9437131,0.9438871,0.9551095,0.7481932,0.818,0.9132237,0.9943836,0.5868675,0.8940903,0.2583217,0.5641215,0.9291045,0.4780267
2906,0.9353806,0.9918642,0.9007,0.8464672,0.9375,0.7985,0.9585094,0.8735,0.7085,0.8455,0.9253529,0.723,0.5295505,1,0.9724535,0.9409251,0.8463766,0.9722287,0.731,0.9787123,0.5703704,0.9679654,0.7694465,0.8550937,0.9415393,0.9388715,0.9060526,0.7233612,0.8198,0.9043521,0.995327,0.6078089,0.8926906,0.2427616,0.5837609,0.938806,0.461903
2907,0.9376153,0.9934277,0.92815,0.8239377,0.94,0.8075,0.965673,0.901,0.7235,0.8325,0.9386512,0.7345,0.5268983,1,0.9741511,0.9530248,0.8550724,0.9725928,0.739,0.9795319,0.5759262,0.9727273,0.7538621,0.9328005,0.9417589,0.946395,0.9247917,0.7457984,0.8174,0.923177,0.995327,0.6084891,0.8982893,0.2358142,0.5938122,0.9395523,0.6277306
2908,0.9610112,0.9918642,0.9377,0.8591912,0.9525,0.8045,0.9642237,0.931,0.715,0.9505,0.9143163,0.767,0.5403936,1,0.9791666,0.9683274,0.8695651,0.9736896,0.738,0.9843534,0.7777779,0.974026,0.7681649,0.9342283,0.9419755,0.9586207,0.9812171,0.7387676,0.8376,0.8857475,0.995327,0.5828771,0.903577,0.2461212,0.5887864,0.9328358,0.6575713
2911,0.8363169,0.6605093,0.07445,0.7326422,0.3595,0.1995,0.9255899,0.198,0.2,0.205,0.7002352,0.1975,0.4270223,0.8867563,0.6625002,0.1982206,0.8550724,0.9313008,0.7,0.2056952,0.6907409,0.5653684,0.7239237,0.2781118,0.78244,0.6238243,0.6993532,0.3971849,0.5856,0.7571282,0.995327,0.4070062,0.4381025,0.2180916,0.2093671,0.9067165,0.4958718
2925,0.9409364,0.98404,0.9407,0.8191758,0.9435,0.8095,0.9571013,0.91,0.688,0.9115,0.9351729,0.732,0.5038194,1,0.9774692,0.966548,0.8565217,0.9729574,0.733,0.9880828,0.8055555,0.9770563,0.7565279,0.9195866,0.9411074,0.8890282,0.9237391,0.7399861,0.8124,0.9128045,0.9943924,0.5909441,0.9012443,0.230299,0.6396498,0.9335821,0.540763
2926,0.7817479,0.8770269,0.64005,0.900717,0.9285,0.7655,0.9613667,0.9335,0.695,0.936,0.8501243,0.728,0.5084805,0.9572861,0.9019291,0.9129893,0.7782608,0.9101109,0.751,0.8570802,0.7240739,0.805195,0.7616201,0.9269181,0.802867,0.953605,0.6983772,0.4597619,0.7992,0.7291446,0.9755774,0.5781516,0.7964229,0.2372558,0.358853,0.8395524,0.5557203
3714,0.0088888,0.9683924,0.95875,0.8943678,0.177,0.7565,0.9527743,0.9405,0.699,0.9615,0.8784749,0.748,0.4989933,1,0.9684416,0.9800713,0.7811593,0.9698527,0.698,0.9919942,0.8148148,0.9714286,0.6992483,0.8742967,0.91067,0.7871473,0.9707896,0.7091316,0.73,0.867651,0.9925144,0.5451706,0.908087,0.2465841,0.592279,0.9186566,0.6072381
6352,0.9264919,0.8742105,0.74345,0.7264723,0.9335,0.777,0.969938,0.9235,0.6805,0.9375,0.8570641,0.7145,0.5016776,0.9624564,0.9032408,0.922242,0.8666666,0.9347727,0.751,0.8792777,0.7333333,0.9151516,0.7525121,0.9268754,0.897199,0.9548591,0.6994297,0.6040476,0.8004,0.7451228,0.9718215,0.5714131,0.8208397,0.2501733,0.3613123,0.838806,0.5422438
6353,0.9499252,0.9586941,0.95995,0.8767283,0.961,0.8015,0.9570808,0.964,0.662,0.9625,0.9346117,0.7895,0.4399339,1,0.9829476,0.9871886,0.8130435,0.9594349,0.709,0.9939049,0.7425926,0.9735931,0.7031786,0.9079497,0.9080647,0.7473354,0.9906141,0.7137815,0.7324,0.7936089,0.9878151,0.5229187,0.9063763,0.204456,0.7286135,0.9231343,0.5109218
6354,0.9543573,0.9959326,0.95915,0.919995,0.9785,0.8305,0.9613666,0.9515,0.7025,0.9625,0.9901535,0.812,0.4969986,1,0.9979939,0.9784698,0.8608694,0.9685738,0.706,0.9939959,0.8055556,0.9813853,0.7186946,0.9385762,0.9510998,0.9485892,0.9770614,0.8332354,0.8286,0.9327773,0.9896931,0.5640395,0.9018662,0.2350951,0.733639,0.9343284,0.6412256
6355,0.8051187,0.9424304,0.64105,0.9086791,0.94,0.7865,0.9556316,0.9405,0.6935,0.936,0.8981549,0.734,0.5071153,1,0.9195989,0.9140569,0.8086956,0.9040759,0.755,0.8575351,0.761111,0.8034634,0.7630214,0.9137043,0.7950445,0.9341691,0.8288376,0.4456303,0.7996,0.7490732,0.9906276,0.5767867,0.7947122,0.2348572,0.3605996,0.9052237,0.5950389
6356,0.8529464,0.9270925,0.17185,0.7471326,0.3705,0.3615,0.94853,0.2805,0.462,0.232,0.7540192,0.244,0.4283047,0.9954465,0.8316358,0.2661923,0.7681157,0.9448198,0.644,0.3853714,0.848148,0.7935067,0.6731718,0.4099959,0.8024392,0.8984326,0.7307236,0.5011905,0.6516,0.7940723,0.9915799,0.3631599,0.6774494,0.2128274,0.2479678,0.9119401,0.5787672
6357,0.9499001,0.9477615,0.86385,0.7792373,0.8435,0.6785,0.9327329,0.73,0.684,0.708,0.840281,0.639,0.4807042,1,0.9393518,0.849644,0.8463769,0.9718605,0.674,0.9573331,0.6981482,0.9558442,0.6861418,0.899126,0.9411025,0.7774294,0.7870285,0.6761065,0.7338,0.8820185,0.9943924,0.5094505,0.8471228,0.2125767,0.5049545,0.9126865,0.4742317
6358,0.9477028,0.9618153,0.96005,0.8592168,0.9665,0.8015,0.9599586,0.9635,0.669,0.9645,0.9380831,0.789,0.4467319,1,0.9780093,0.9870107,0.8231883,0.9619947,0.715,0.993723,0.7259259,0.9701299,0.7031786,0.9181372,0.9154551,0.7670845,0.9874781,0.7244398,0.7412,0.7953965,0.9925233,0.5229323,0.9062209,0.2116371,0.7071925,0.9216416,0.5340615
6359,0.9565669,0.9956181,0.9515,0.9279059,0.9795,0.84,0.959938,0.9575,0.717,0.962,0.9826254,0.819,0.5017651,0.9997536,0.990355,0.9774021,0.857971,0.9735075,0.718,0.9898113,0.8203702,0.9744589,0.7590398,0.9355925,0.9476246,0.9573666,0.9822588,0.8285575,0.8464,0.9277455,0.995327,0.5903094,0.8954901,0.2410828,0.7239806,0.9432835,0.6576639
6360,0.9231584,0.7844181,0.44,0.7646699,0.8345,0.552,0.9527951,0.655,0.6815,0.805,0.7002352,0.4965,0.4799227,0.9703354,0.871682,0.7453738,0.8550724,0.9313008,0.7,0.6482011,0.7037038,0.8363638,0.7382606,0.5489771,0.7891792,0.8241379,0.6993532,0.484622,0.624,0.7570621,0.995327,0.4090331,0.7519441,0.2226423,0.2630092,0.9179103,0.5326916
6364,0.8363169,0.6736559,0.1835,0.7149514,0.395,0.391,0.9241822,0.31,0.471,0.296,0.7002352,0.2705,0.454817,0.9852281,0.7097222,0.3085408,0.8550724,0.9362328,0.661,0.4027438,0.7407408,0.7021648,0.7200276,0.4085253,0.7876601,0.689028,0.6993532,0.5094398,0.5344,0.7569293,0.9943836,0.392182,0.5982894,0.238199,0.2479678,0.9261193,0.5828584
6366,0.9131334,0.7208865,0.4142,0.5407067,0.813,0.5495,0.9213042,0.6425,0.7005,0.7785,0.7002352,0.4545,0.4758596,0.9672582,0.8785493,0.7379004,0.8550724,0.9313008,0.7,0.646836,0.6907409,0.8038963,0.722642,0.5753623,0.7898313,0.7652037,0.6993532,0.459748,0.5738,0.7569959,0.995327,0.4070062,0.7553654,0.2219246,0.2638649,0.9194028,0.5257868
6371,0.9476528,0.9959315,0.8884,0.7839479,0.8975,0.773,0.94559,0.845,0.708,0.8345,0.936339,0.704,0.5010204,1,0.9864197,0.9202847,0.8579711,0.9687547,0.722,0.9690692,0.5777778,0.9679654,0.7422422,0.9342709,0.9311069,0.9398119,0.9644297,0.7033193,0.755,0.9098693,0.9934579,0.5437647,0.8660964,0.2066034,0.5990166,0.930597,0.5978712
6372,0.9320473,0.968077,0.8659,0.7777268,0.8535,0.6575,0.9469979,0.7465,0.6505,0.7025,0.8426132,0.623,0.4751838,1,0.9432869,0.8741993,0.7826086,0.9634546,0.704,0.9564227,0.6666668,0.9554113,0.7070405,0.8347187,0.9141492,0.7432602,0.8570284,0.7032915,0.735,0.8855491,0.993449,0.5108516,0.8548988,0.2020474,0.5059875,0.9156716,0.5353388
6373,0.9342821,0.9918671,0.91,0.8784692,0.9405,0.8185,0.9570602,0.9035,0.7495,0.92,0.9710512,0.7685,0.5417769,1,0.9952161,0.9535586,0.8463767,0.9731421,0.749,0.9799854,0.7129631,0.9701299,0.7733426,0.9268328,0.9291494,0.9548589,0.9572149,0.8119469,0.8292,0.888396,0.995327,0.6030881,0.8931571,0.2592786,0.7445099,0.9365672,0.6221214
6374,0.7616982,0.5222159,0.04065,0.4575779,0.1,0.1,0.6552175,0.1,0.1,0.1,0.7002352,0.1,0.4270223,0.5179714,0.333333,0.101423,0.5550726,0.8976791,0.7,0.103712,0.5777778,0.142857,0.6510598,0.1346762,0.6059556,0.5188085,0.653443,0.2552944,0.3384,0.5754546,0.995327,0.3119945,0.2381025,0.1649515,0.1622826,0.9067165,0.290744
6375,0.9877279,0.938362,0.73285,0.8736049,0.9445,0.7915,0.9570603,0.887,0.7235,0.917,0.861107,0.749,0.5560166,0.9823991,0.9048612,0.9177936,0.8666666,0.9682102,0.718,0.9234013,0.7296296,0.9580087,0.7381581,0.9312446,0.9195856,0.9504702,0.7004934,0.7019887,0.8322,0.7720031,0.9934402,0.5956739,0.8562986,0.2595131,0.3125524,0.9283581,0.6330434
6376,0.9498751,0.9887333,0.9514,0.7791861,0.9585,0.8045,0.9455901,0.9265,0.6855,0.92,0.9351927,0.75,0.4854201,1,0.9854167,0.9718861,0.8536231,0.9724089,0.72,0.9910847,0.7555555,0.9805195,0.7290159,0.9224849,0.9528411,0.9015674,0.9268531,0.7493838,0.824,0.9247219,0.993449,0.5835933,0.9096424,0.228148,0.6574354,0.9320896,0.5598854
6377,0.8563419,0.9643319,0.91665,0.8367898,0.947,0.805,0.9627744,0.907,0.701,0.8525,0.7002352,0.7485,0.5024177,1,0.9012345,0.9606762,0.8507246,0.970033,0.72,0.9772564,0.7148148,0.9636364,0.7486673,0.9108482,0.9439299,0.943887,0.8015681,0.712731,0.8196,0.8875572,0.995327,0.5855659,0.896734,0.2686128,0.4264986,0.935821,0.5367271
6378,0.9877279,0.938362,0.73285,0.8736049,0.9445,0.792,0.9570603,0.887,0.7225,0.917,0.861107,0.749,0.5594042,0.9823991,0.9048612,0.9177936,0.8681159,0.9682102,0.727,0.9234013,0.7314815,0.9580087,0.7420713,0.9327578,0.9195856,0.9504702,0.72341,0.7019887,0.8322,0.7720031,0.9906277,0.6057865,0.8562986,0.2645393,0.3125524,0.9313433,0.6343391
6379,0.8874907,0.9702713,0.7724,0.8752178,0.9765,0.8195,0.9627951,0.9545,0.7385,0.958,0.9317079,0.8245,0.5180454,0.9997538,0.9259261,0.9715302,0.857971,0.9647366,0.757,0.9540579,0.7574075,0.9510823,0.7668662,0.9444372,0.9274088,0.9586207,0.9833005,0.7789356,0.8702,0.7603283,0.995327,0.5889624,0.856765,0.2669348,0.4062229,0.9402985,0.6589041
6381,0.8363169,0.6605093,0.153,0.7598567,0.5355,0.3375,0.9513665,0.3415,0.2,0.389,0.7002352,0.3125,0.4799778,0.8867563,0.6625002,0.3355873,0.8550724,0.9322135,0.702,0.2080603,0.6944445,0.5614723,0.7305026,0.3219524,0.8167867,0.777743,0.6951975,0.4645238,0.6474,0.7563117,0.995327,0.4049836,0.5059097,0.2152209,0.2205227,0.9208955,0.5025731
6382,0.7728464,0.8954889,0.6418,0.9071686,0.9315,0.764,0.9613667,0.9395,0.6925,0.9435,0.8726845,0.7455,0.5179674,0.9956927,0.9059414,0.916726,0.7942028,0.902065,0.752,0.8566249,0.7462964,0.8034634,0.7577412,0.9298378,0.795913,0.9532914,0.7254935,0.4456303,0.8006,0.7391202,0.9821548,0.5693996,0.7944012,0.2348572,0.3605996,0.849254,0.5679934
6383,0.9499252,0.9586941,0.95995,0.8767283,0.961,0.8015,0.9570808,0.964,0.661,0.9625,0.9346117,0.7895,0.4392582,1,0.9829476,0.9871886,0.8130435,0.960166,0.709,0.9939049,0.7425926,0.9735931,0.7031786,0.913768,0.908064699,0.7501567,0.9906141,0.7137815,0.7324,0.7936089,0.9915799,0.5229187,0.9063763,0.204456,0.7286135,0.9231343,0.5109218
6384,0.9732835,0.9946787,0.9436,0.8591144,0.958,0.8095,0.959938,0.93,0.732,0.953,0.9224392,0.7685,0.5478214,1,0.9842593,0.9734876,0.8681157,0.9729569,0.727,0.9877188,0.7685185,0.9761905,0.7539134,0.9458652,0.9434951,0.9589341,0.990614,0.7410784,0.8368,0.8838716,0.9915711,0.5969935,0.9020217,0.189612,0.3896151,0.9358209,0.6533322
6385,0.8363169,0.8679585,0.17185,0.7439836,0.3705,0.3615,0.9427744,0.2805,0.469,0.232,0.7002352,0.244,0.4283047,0.9852281,0.7097222,0.2661923,0.8550724,0.9435408,0.665,0.3853714,0.7666667,0.7264072,0.6784008,0.4099959,0.8000505,0.7811911,0.6878619,0.5142156,0.6062,0.7689352,0.995327,0.3631599,0.6393468,0.2128274,0.2479678,0.9246267,0.5760645
6386,0.9554807,0.9962461,0.9474,0.8304406,0.9575,0.8105,0.9570809,0.922,0.721,0.8875,0.9409699,0.7485,0.5227432,1,0.9904321,0.9702847,0.8652174,0.9735071,0.719,0.9873553,0.6037037,0.9787879,0.7552292,0.9415387,0.9524073,0.946395,0.9477303,0.7683194,0.8148,0.9307028,0.9915799,0.5983585,0.9037326,0.2279027,0.58925,0.9388059,0.6303593
6387,0.9499126,0.9477615,0.86385,0.7792373,0.8435,0.6785,0.9341615,0.73,0.685,0.708,0.840281,0.639,0.4874978,1,0.9393518,0.849644,0.843478,0.9720437,0.674,0.9573331,0.6907408,0.9558442,0.6861418,0.9093351,0.948492,0.8463952,0.7870285,0.6761065,0.7338,0.8820185,0.9943924,0.5094505,0.8471228,0.2125767,0.5049545,0.9126865,0.4742317
6388,0.9365293,0.9918652,0.91905,0.8512291,0.9465,0.7985,0.9527951,0.901,0.729,0.8705,0.9276583,0.7465,0.5295413,1,0.9852625,0.9596086,0.8594201,0.9713156,0.741,0.9839891,0.8074073,0.9679654,0.7655163,0.8756607,0.9465363,0.938558,0.9070614,0.7281092,0.819,0.9049039,0.995327,0.6064755,0.8936237,0.2583217,0.5655118,0.9410449,0.4551276
6389,0.9409738,0.9946796,0.94925,0.7902971,0.952,0.8245,0.9456109,0.941,0.744,0.9305,0.9299604,0.778,0.5322531,1,0.9719135,0.9715302,0.8594202,0.9724106,0.709,0.9863543,0.5777778,0.9792208,0.7434383,0.9474209,0.9271955,0.9489028,0.8538379,0.7268347,0.78,0.908126,0.995327,0.6084572,0.9073094,0.2619118,0.6439969,0.9380599,0.6236025
6390,0.7772536,0.6605093,0.0709,0.7264721,0.1965,0.197,0.954203,0.1945,0.1995,0.193,0.7002352,0.196,0.4270223,0.9635684,0.6625002,0.197509,0.8550724,0.9313008,0.688,0.2041485,0.6814815,0.285714,0.7369449,0.2795611,0.8463387,0.7661441,0.6951537,0.3960085,0.5928,0.7577463,0.995327,0.4070062,0.4373249,0.2109135,0.1915808,0.9067165,0.4850425
6391,0.7616982,0.8679585,0.70315,0.4575779,0.7415,0.598,0.6552175,0.4705,0.5885,0.483,0.7002352,0.5325,0.4270223,0.9858422,0.9033178,0.8781137,0.5550726,0.9534091,0.7,0.8990179,0.5777778,0.878788,0.6510598,0.1346762,0.8982879,0.9075236,0.653443,0.2552944,0.8098,0.7916892,0.995327,0.3119945,0.8360809,0.2482593,0.3142629,0.9067165,0.290744
386123,0.984419476,0.992803683,0.82305,0.902406554,0.976,0.8285,0.959917184,0.9615,0.744,0.9715,0.993634897,0.8325,0.511923148,1,0.993981481,0.983096085,0.82173913,0.954874298,0.726,0.947598561,0.55,0.954545455,0.759107997,0.941538789,0.911540602,0.240752351,0.971820175,0.796722689,0.8392,0.788025908,0.991579968,0.58694903,0.902021773,0.270045208,0.61815637,0.918656716,0.597815624
