"";"n1";"n10";"n11";"n12";"n13";"n14";"n15";"n16";"n17";"n18";"n19";"n2";"n20";"n21";"n22";"n23";"n3";"n4";"n5";"n6";"n7";"n8";"n9";"o1";"o10";"o11";"o12";"o13";"o14";"o15";"o16";"o17";"o18";"o19";"o2";"o20";"o21";"o22";"o3";"o4";"o5";"o6";"o7";"o8";"o9";"r1";"r2";"r3";"r4";"r5";"avgr_acc";"avgrr_acc"
"w1  ";5;56;80;19;6;30,5;4;7;8;1;322;41;226;3;279;2;238;26,5;64;351;12;2;1;323;351;270;244;76;114;156;67;88;10;141;312;314;145;369;184;326;304;296;233;268;212;83;63,5;299;103;314;148,99;105
"w10";312;308,5;218;236;307;269;257;254;294;206;195;308;195;270;219;316;139;340;312,5;166;201;236;266;294;164;199;248;112;161;228,5;170;269;260;254;205;242;207;140;194;209;244;243;195;249;185;250;142,5;246;234,5;133,5;230,08;253
"w100";354;359,5;263;297;365;366,5;357;364;367;375;321;364;343;325;297;367;316;289,5;368;353;361;357;329;342;342;364;364;354;344;346;331;375;344;346;353;319;378;308;369;363;353;359;353;359;361;375;346;309;322;291;344,57;374
"w101";230;241,5;99;185,5;204;216,5;213;217,5;194;205;168;268;220;219;144;214,5;194;93;293;131,5;258,5;184;189;157;112;103;178,5;121;250;232;238;273;264;293;67;241;137;126;181;154;145;156;142;187;96;247;213;236,5;303,5;259;193,9;165
"w102";369;374;375;357;352;377;371;340;382;372;307,5;366;338;378;162;375;383;366;351;128;352;377;374;57;178;272;358;367;359;373;381;328;300;271;259;377;125;222;128;232;183;247;185;320;268;72;368;363;365;357;304,83;342
"w103";6;5;24;39;33;55;5;8;6;11;1;104;7;35;4;7;51;54;152;80;125,5;19;18;330;286;320;274;211;238;296;206;87;19;159;321;78;315;226;267;327;299;316;307;240;246;156;193;69;359;160;143,09;97
"w104";25,5;2,5;10;18;5;5;6;26,5;34,5;49;5;12;16;10;12;59,5;7;6;9;5;5;6;5;7;25;89;13;16;8;3;32;14;27;9,5;70,5;43;51;11;32;72;32;26;42;24;12;12;5;12;24;8;21,19;4
"w105";19;68;147;98;46;340;72;11;12;45;260;52;292;58;92;360;168;177;37;220;74;12,5;28;179;152;39;100;192;94;32;333;102;18;53,5;121;189;345;77;34;22;122;375;20;65;35,5;100;76;329;125,5;325;126,88;89
"w106";199;226,5;184;253;193;207;160;181;184;192;170;195;177;205;154;252;93;307;308;90;174;158;229;271;116;148;208;98;167;102;128;141;181,5;138;182;98;173;105;201;197;140;140;112;183;183;281,5;172,5;215;249,5;190;180,25;146
"w107";293;172;307;294;295;187;238;311;224;309;235;196;283;335;288;300;280;356;193;256;304,5;239,5;278;240;210;266;191;258;246;116,5;315;194;196;144;103;144;176;142;322;196;168;180;147;163,5;350,5;224;290;108;218,5;140;232,46;264
"w108";169;153,5;76;146;159;148;144;175;273;337;138;311;222;140;106;237;237;308;138;212;211;150;143;340;285;316;269;328;318;288;220;214;104,5;273;350;260,5;312;279;283;322;317;290;330;286;283,5;372;286,5;206,5;215,5;257;238,79;276
"w109";184;238,5;154;282;238;193;167;191;176,5;167;197;191;179;168;177;200;86;304;317;95;214;171;202;156;72;149;174;109;177;125,5;117;154,5;188;132,5;68;95;131;73;145;145;141;139;93;157;208,5;258;252;215;220,5;185;171,45;133
"w11";345;294;323;353;320;305;330;356;310;285;306;239;262;344;330;330;288;368;274,5;325;302;351;352;212;196;278;130;322;163;236;317;250;235;250;116;163;274;173;350;236;265;273;270;247;347;352;267;227,5;204,5;157;276,07;333
"w110";102;68;59;101;34;30,5;79;54,5;127;111;20;85;17;62;6;143;63;173;50;48;57;63,5;29;10;2;15,5;2;12;45;59;6;50;90;83;27;10;6;3;2;10;7;1,5;1;21;62;54;218;99,5;49,5;129;53,15;31
"w111";73;88;84;127;97;75;82;117;80;21;51;66;59;111;63;26;53;175;49;56;63;106;38;109;11;28;69;188;115;51;131;80;75,5;49,5;19;86;16;104;23;11;17;19;11;99;77,5;171;129;50;150,5;52;74,04;54
"w112";47;29,5;29;65;24;16;25;59;44;47;31;30;28;14;34;53;14;190;33;18;17;47,5;76;8;31;87;45;20;70;10;3;41;41;46;46,5;33,5;46,5;25;37;82;80,5;21;37;2;84,5;5;17;16;17,5;17;38,82;14
"w113";78;28;294;32;25;87;87;2;18;28;346;199;348;113;335;28;330;90;116;382;165;299;22;289;320;292;312;236;285;303;89;119;53;119;308;339;310;337;262;313;364;245;315;283;323,5;39;55;320;122;343;202,95;188
"w114";238;254;180;184;181;255;289;214,5;204;209;148;299;206;229;135,5;224;231;153;268;135;248;198;161;296;246;214;257;176;274;176;187;264;305;317,5;265;258;293;240;246;270;286;203,5;282;269;223,5;267;159;239;279,5;258;231,9;262
"w115";315;251;346;328;341;247;258;299;236;316;247;211;276;354;299;210;339;254;237;260;311;300;340;264;260;326;188;302;260;125,5;314;171;285,5;113;223;120;269;203;317;206;182;217;269;196;304;231;219;243;217;128;254,56;305
"w116";351;349;253;258;361;369;350;345;359;359;280;356;327;276;272;354;271;271;363;338;346;344;333;349;359;375;357;359;354;362;344;347;345;355;356;335;371;327;370;365;374;365;369;363;367;358;327;290;285;239;337,04;364
"w117";241;245;157;185,5;199;240;281;217,5;188;183;140;264;213;241;135,5;214,5;217;99;301;121;219;190;186;235;136;114;178,5;99;290;213,5;239;290;275;285;124,5;267;212;183;189;129;245;201;182;167;127;245;188;236,5;303,5;253;205,71;193
"w118";266;326;235;375;206;287;264;295;181;124;90;365;93;153;96;162;274;196;266;103,5;134;167,5;138;97;187;226;291;293;317;326,5;334;371;376;379;227;304;143;168;150;164;208;235;157;271;203;61;364;375;371;377;235,45;271
"w119";115;29,5;55;69;148;156;76;85;66;12;63;265;50;112;67;44;162;106;189;171;108;91;101;267;310;299;313;286;316;317;225,5;152;178;234;284;229;291;289;234;249;313;319;320;310;316;152;130;149;325;172;186,4;155
"w12";131;202;109;128;169;147;155;143;314;281;143;225;199;139;118;163;228;281;118;246;157;178;152;350;311;331;306;318;302;312;274;326;154;319;349;272;329;286;293;333;333;309;333;338;341;364;304;153;183,5;278;244,55;289
"w120";28;10,5;20;23;7;47;16;25;37;41;11;22;22;31;27;66,5;24;12;17;7;11;26;26;25;82;138;49;49;30;6;52;53;113,5;5;142;48;99;47;74;125;94;73;70;34;32,5;4;5;20;34;33;41,88;18
"w121";91;93;245;64;91;81;93;13,5;22;99;228;110;244;100;127;6;245;50;310;384;92;24,5;100;101;325;58;120;206;108;46,5;136;339;92;106,5;40;175;91;283;109;59;108;37;324;59;93;369;80;323;125,5;328;143,09;98
"w122";216;219,5;113;221;192;192;251;154,5;221;187;130;221;167;210,5;157,5;205;130;112;305;102;170;157;170,5;301;175;171;235;95;156;122;123;148;204;225;226;215;231;148;200;170;235;157;241;171,5;208,5;240;172,5;223;249,5;183;188,61;159
"w123";307;184,5;305;327;292;201,5;229;300;285;318;277;218;304;328;304;231;290;221;171;268;286;287;304;269;240;251;128;246;229;106;285;221;253;198,5;164;123;256;175;307;227;190;206;238;194;296;297;167,5;234;218,5;165;242,45;280
"w124";183;192,5;75;251;161;231;301;234;288;272;180;328;163;146;148;322;306;213;261;226;241;229,5;201;344;330;328;325;346;313;298;254;216;164;335;347;294;338;328;324;351;352;346;349;330;340;341;270;252,5;215,5;232;268,32;326
"w125";185;238,5;94;199;230;200;266;149;183;179;156;206;196;169;140;204;115;141;319;112;218;166;182;229;107;162;158;93;160;150;114;144;202;232,5;129;208;195;92;168;123,5;175;177;175;151;221,5;238;252;191,5;220,5;177;177,86;142
"w126";92;72;62;106;52;128;97;107;108;102;35;101;33,5;69;55,5;133;113;29;113;76;79;100;34,5;70;52;37;73;66,5;68;107;30;19;102,5;16;138;40;39;52;67;29;20;64;62;95;151;69;105,5;55;49,5;86;73,21;52
"w127";143;108;130;114;125;91;109;29;69;51;86;109;46;88;86;20;117;52;66;65;118;117;50;64;62;62;90;122;93;90;120;38;137;109,5;12;170;23;76;64;26;60;80;63;80;132;109;102;53,5;150,5;49;84,53;65
"w128";66;56;39;40;43;66;20;71;52;42;46;54;27;51;65;66,5;42;37;80;29;23;29;44,5;42;87,5;106;92;52;51;15;16;62;91;43;127;41;84;45;90;133;102;84;105;44;125;15;5;24;17,5;24;56,24;33
"w129";10;98,5;236;36;30;27;24;41;3;4;323;23;328;32;230;11;279;26,5;51;364;50;3;19;300;339;346;252;83;121;112;84;332;1;91;361;325;180;367;257;331;215,5;239;345;166;199,5;64;78,5;316;212;344;166,21;124
"w13";326;288;234;233;306;258,5;243;263;267;193;179;270;197;235;236;317;131;334;324;191;182;235;290;216;141;170;194;180,5;153;174;175;255;222;247,5;62;233;156;117;191;146;207;231;117;193;137;292;214,5;231;174,5;179,5;214,84;213
"w130";279;294;125;162;205;296;225;253;256;233;210;305;134;272;197;287;176;167;149;167,5;189,5;254;218;298;212;216;286;217;264;271;232;286;318;259;231;251;241;200;247;257;264;252;243;267;186;269;208,5;159;301,5;187;233,54;267
"w131";319;192,5;313;344;329;252;329;319;296;307;241;237;282;353;319;249,5;312;270;253;293;331;325;343;206;197;265;139;333;211;170;322;179;306;237;151;186;301;192;346;267;238;272;291;229;325;255;302;227,5;248;103;266,15;322
"w132";361;363;285;363;360;368;367;360;370;373;329;360;347;320;314;370;341;272;366;342;353;363;344;365;348;362;343;353;345;350;348;366;355;354;363;342;382;307;377;356;366;361;367;365;369;366;348;293;332;295;349,38;379
"w133";275;245;168;211;278;261;231;258;261;248;217;287;136;299;218;219;164;150;276;170;250;280;250;227;95;172;224;196;270;227;216;309;333,5;230,5;92;212;188;163;197;101;164;200;140;213;123,5;271;255,5;137,5;283;227;216,39;218
"w134";377;375;374;366;377;355;372;287;374;325;262;350;287;377;121;380;380;348;343;108;338;374;369;65;205;317;360;357;362;368;377;334;331;326,5;268;369;140;266;141;263;243;295;197;326;265;27;370;362;364;358;305,51;343
"w135";56;46,5;53;78;38;84;13;31;21;38;29;134;70;89;18;12;61;82;166,5;138;119;56,5;72;328;296;356;295;127;225;291;260;116;101;253;325;116;305;241;273;345;309;340;300;294;250;144;288;87;335;87;163,85;119
"w136";16;26;12;11;15;20;17;23,5;70;74;27;6;9;19;25;62,5;8;20;11;19;13;20;30;16;32;78;28;15;9;33;38;13;51;19,5;69;39;71;26;31;89;51;52;54;8;8;17;17;10;78;2;30,17;8
"w137";39,5;90,5;231;84,5;51;33,5;62;28;1;55;256;45;248;6;101;36;132;236;140;287;9;15;176;198;89;21;138;152;125;231;109;89;7;154,5;162;177;95;82;48;316;109;195;51;109;30,5;125;58;321;115,5;322;119,85;86
"w138";247;294;255;270;322;277;172;251;293;267,5;225;209;113;266;245;269;106;346;326,5;203;215;233,5;286;274;142;195;242;132;204;204;205;247;273;169,5;107;131;181;106;173;176;210;224;171;223;142;263;154,5;185,5;238,5;167,5;216,64;219
"w139";304;155;301;318;293;250;305;317;240;310;267;220;273;334;294;233;308;371;246;301;314;282;263;203;174;282;147;262;259;189;298;204;234;228;99;152;281;182;330;237;133;254;232;241;271;223;268,5;252,5;158,5;121;248,29;296
"w14";129;120;67;100;80;53;89;112;302;143;66;107;54;61;15;154;71;120;82;42;99;127;62;33;6;3;11;33;1;60;23;9;29,5;31;26;5;9;14;8;4;6;32;8;29;22,5;66;329;308;154,5;215;74,61;55
"w140";153;158,5;129;135;155;136;164;192;327;340;174;249;205;128;115;294;215;303;128;244,5;233;203;151;348;308;329;308;292;298;320;270;321;187;304,5;333;287;318;290;289;341;339;293;328;308;329,5;363;307;119;231,5;280;251,47;301
"w141";251;258;256;280;330;258,5;224;228,5;274;279,5;177;219;117;309;242;253;108;358;335,5;217;257;257,5;276,5;189;138;196;230;169;131;190;188;243;226;101;88;145,5;166;113;156;96;143;219,5;125;204;145,5;270;194,5;147,5;228,5;194,5;208,07;199
"w142";141;131;64;96;53;28;102;83,5;182;108;41;67;31;84;21;159;68;214;43;61;43;125;71;12;3;1;3;8;3;28;8;4;11;36;10;3;10;20;3;2;10;34;18;28;18;11;285;235;59,5;100;59,6;38
"w143";95;126,5;89;116;62;68;124;99;25;67;70;58;68;53;77,5;107;81;208,5;39;59;40;84;122;119;41;8;67;201;99;259;104;150;58;111,5;1;125;33;90;19;23;27;45,5;30;91;24,5;185;93;52;185,5;59;84,79;66
"w144";36;64;45;62,5;66;56;38;75,5;86;98;37;39;40;15;44;55;26;258;29;37;25;51;113;38;38;95;47;14;27;14;17;24;15,5;61;21;32;79;32;53;94;86;57;52;19,5;13,5;41;17;4,5;25,5;35;48,97;24
"w145";72;44;293;80;64;149;107;78;67;50;332;81;335;131;345;88,5;355;129;142;326;130,5;70;136;265;300;312;302;272;295;310;182;124;43;232,5;303;370;357;336;263;357;382;301;313;366;274;119;71;328;123;327;216,65;220
"w146";288;285;170;145;197;291;226;243;271;246;205;281;156;263;255;254;213;159;137;154;210;239,5;199;291;269;212;271;244;284;294;262;287;328,5;270;257;234;255;268;254;260;283;264;275;295;248;254;208,5;165;301,5;244;243,32;283
"w147";317;162,5;344;343;333;238;340;351;286,5;296;272;201;277;363;312;197;293;260;214;313;313;301;314,5;232;252;286;143,5;304;195;243;335;193;321;164,5;157;187;253;246;331;258;231;258;268;257;321,5;235;268,5;224,5;99;139;260,88;318
"w148";353;344,5;261;333;347;359;351;322;363;342;291;345;325;288;264;355;281;268;353;319;345;340;309;358;369;368;361;363;355;344;339;346;368;359;365;352;368;346;374;369;376;378;372;375;373;354;324;298;353;282;340,95;370
"w149";273;268;161;222,5;267;278;207;270;260;254;218;289;120;303;253;220;207;146;274,5;158;258,5;271,5;268,5;228;221;181;207;228;273;246;240;313;269;241,5;131;226;218;224;176;142;226;203,5;172;210;135;319;255,5;137,5;273;245;227,77;247
"w15";30;137,5;115;122;135;78;148;123;45;10;52;57;39;82;76;35;78;101;28;49;90;94;103;134;44;20;88;213;87;267;152;196;66,5;180;14;124;63;110;25;16;40;44;28;101;39,5;177;89;81;119,5;82;88,56;70
"w150";163;188,5;213;358;152;303;179;187;118;126;85;333;76;147;93;152;212;171;176;85;139;138;139;117;214;207;294;277;283;322,5;325;355;365;380;264;301;147;211;202;211;201;246;159;273;221,5;59;362;364;375;368;220,75;231
"w151";146;82,5;68;87;112;267;126;111;133;105;88;202;98;138;112;135;165;262;221;185;156;128;144;192;304;254;341;283;320;322,5;251;154,5;162;277;280;263;267;305;237;256;295;302;289;334;297;160;239,5;88,5;274;99;202,37;185
"w152";38;39;22;17;28,5;52;68;63;98;95;54;18;41;57;62;90;32;32;10;26;58;49,5;78,5;51;126;113;62;35;26;67;64,5;28;93,5;8;173;58;105;54;97;177;107;103,5;91;49;53;31;17;19;74;13;60,48;39
"w153";57;68;265;29,5;92;120,5;70;278;94,5;100;255;112;278;97;126;125,5;253;69;54;219;135;95;108;132;209;56;136;92;315;270;116;156;109;337;7;222;72;326;325;53;76;86;82;352;70;383;65,5;343;115,5;332;158,78;116
"w154";242;245;153;224;277;237;202;235,5;290;267,5;204;166;166;277;220;239;161;183;326,5;200;229;246;260;278;225;193;234;145;191;223;194;267;303;154,5;199;232;217;231;190;200;222,5;227;272;219,5;171;276;154,5;185,5;238,5;167,5;221,22;232
"w155";305;166,5;330;317;289;264,5;313;348;308;311;270;215;288;341;349;227,5;266;215;254;297;299;296;319;234;227;281;154;247;180;198;313;211;314,5;187;200;211;283;237;347;235;232;265;271;243;237;345,5;283;220;158,5;154;261,14;320
"w156";176;233;163;202;173;262;233;150,5;317,5;264;240;329;227;149;125;336;299;126;231,5;274;269;222;188;356;337;349;332;338;328;339;292;336;291;341;338;308;339;322;326;349;359;336;355;329;357;215;298;189;231,5;270;275;329
"w157";254;251;143,5;246;283;235;196;259;277;279,5;208;185;115;308;223;234;175;193;335,5;215;276;277;270;238;181;182;229;170,5;143;218;184;240;281;147;128;180;206;194;165;150;189;219,5;215;201,5;156,5;323;194,5;147,5;228,5;194,5;214,89;214
"w158";98;56;71;93;50;123;104;75,5;105;109;75;82;75;80;71;140;160;77;81;78;52;110;102;79;86;25;72;61;75;136;59;86;52;73;214;77;73;80;99;32;72;90;81;114;94;53;156;59;59,5;72;85,94;67
"w159";123;72;93;117,5;128;107;138;42,5;119;129;93;94;91;95;100;119;101;83;87;70;111;112;105;76;78;50;86;142;111;247,5;124,5;209;128;166;38;213;54;109;77;38;58;93;83;75;102;159;88;49;185,5;65;104,69;80
"w16";79;77;37;50;75;58;64,5;101;91;106;64;43;58;22;66;122;22;240,5;38;31;65;78;117;46;47;94;41;18;25;31;11;48;27;56;61;24;90;34;57;132;80,5;62;57;26;22,5;37;26;16;27,5;10,5;58,24;36
"w160";49,5;32,5;36;33;76;90;74;94,5;109;107;67;79;38;63;75;86;57;64;56;51;49;54,5;119;58;128;140;123;46,5;56;70,5;50;66;83,5;75;171;53;108;60;127;183;113;122;135;76;55,5;42;17;27,5;25,5;14,5;75,73;57
"w161";11;102,5;291;3,5;27;14,5;335;13,5;7;5;283;61;351;4;263;1;340;46;99;360;53;18;7;320;335;243;232;125;215;118;103;327;144;109,5;305;337;298;379;225;340;360;268;338;146;215,5;88;67;332;51;333;181;148
"w162";191;213,5;131;173;171;206;275;195;160;174;157;316;210;160;142;172;170;96;247;97;194;216;167,5;288;179;205;245;220;253;251;228;220;254,5;297;225;235;201;186;248;286;279,5;202;235;264;215,5;279;208,5;155,5;224,5;212;210,62;202
"w163";298;223;311;315;328;273,5;297;306;201;315;234;183;300;357;273;164;347;251;195;275;304,5;262;292;248;216;311;162;274;230;177;284;238;228;84;168;102;265;161;300;199;98;209;190;244;282;242;191;151,5;265;155;239,59;277
"w164";355;352;262;292;363;358;356;352;368;371;326;353;341;312;289;368;298;227;361;339;340;359;312;338;340;361;353;352;348;343;328;368;340;345;351;326;374;310;365;360;351;356;350;357;360;374;331;305;312;287;338,78;367
"w165";195;206;207;202;196;228;299;249,5;152;184;149;301;207;259;157,5;176;152;107;230;100;236,5;215;217;208;76;150;171;187;207,5;162;178;215;270;308;102;247;126;111;203;100;162;137;144;181;108;246;125;111,5;259,5;214;186,7;156
"w166";378;382;376;177;378;362;376;343;373;312;165;369;221;376;113;377;375;319;334;118;327;378;306;45;139;246;335;349;353;369;378;341;333,5;280;238;383;117;166;93;207;136;210;133;299;230,5;48;367;357;369;366;282,46;335
"w167";29;13;28;21;44;70;2;15,5;13;18;2;88;53;21;13;30,5;48;71;133;119;97;35;25;324;288;306;280;234,5;234;289;207;72;9;142;330;80,5;313;234;291;329;303;299;306;245;251;143;217;79;348;176;146,38;103
"w168";12;6,5;11;7;4;3;7;9;34,5;33;6;8;4;9;9;32;5;5;3;13;1;4;3;2;23;83;22;19;5;2;21;11;23;1;72;18;43;12;26;80;25;30;41;3;10;2;5;30,5;58;7;18,07;2
"w169";65;346;246;77;26;86;53;293;26;17;246;92;290,5;48;87;24,5;107;186;46;285;70;28;97;217;120;34;83;147;92;54,5;36;98;35;74;187;148;100;70;41;312;332;352;6;56;53;75;87;325;139,5;342;129,16;92
"w17";82;64;260;41;47;336;45;17;79;26;342;93;323;70;343;75;284;80;105;363;103;36;126;317;332;294;289;239;303;306;173;342;309;191;316;334;355;375;360;362;305;320;382;289;280,5;106;60;334;45;311;219,39;228
"w170";239;285;173;216;222;189;161;199;165;180,5;119;238;157,5;249;160;258;75;278;288;91;208,5;161;232;260;130;178;228;153;219;61;148;164;180;129;139;117;162;87;208;159;165;143;130;153;192,5;265;132,5;101,5;179,5;143,5;177,44;140
"w171";287;150,5;303;291;310;180;283;298;251,5;333;245;176;296;326;271;161;283;354;172;236;301;265;249;222;163;245;142;242;251;91;288;249;225;161;140;141;257;143;290;198;149,5;169;153;171,5;339;283;254;264;176,5;92;230,43;254
"w172";168;149;82;160;143;161,5;156;154,5;309;332;136;307;186;137;103;222;223;276;144;228;189,5;151;141;343;282;303;272;325;323;292;248;145;108;282,5;341;249;311;281;285;321;315;285;334;287;283,5;367;257,5;201;246,5;264;236,21;273
"w173";200;303,5;202;215;244;222;158;219;169;175,5;137;228;157,5;226;149;262,5;92;266;314;84;263,5;167,5;212;200;73;168;164;154;235;83;124,5;183;181,5;132,5;82;118;128;69;146;102;112;141;124;168;192,5;233,5;115,5;111,5;206,5;130,5;170,91;132
"w174";83;82,5;61;95;9;23;90;46;122;57;19;90;13;55;5;144;58;154;77;47;44;68;40;6;9;15,5;1;17;43;51;1;10;81;81,5;9;9;2;2;5;5;4;3;3;25;68;35;216;91;40,5;110;48,52;23
"w175";122;106,5;86;107;65;36;86;108;92;92;39;38;80;91;74;16,5;65;122,5;70;55;98;79;63;69;15;27;54;193,5;116;38;121;56;93,5;51,5;3;87,5;13;83,5;7;19;18;25;17;102;74,5;184;192;51;96,5;50;72,98;50
"w176";33;18,5;43;46;11;9;36;52;53;59;15;26;12;23;30;24,5;15,5;103;45;28;14;62;60;4;37;93;35;1;47;24;13;55;64,5;22;25;47;40;23;33;83;68;17;36;9;90;1;10;36;15,5;36;35,67;11
"w177";87;42;283;67;77,5;139;57;303;29,5;79;327;117;340;38;320;38;368;86;121;367;137;89;98;290;298;242;287;250;304;277;204;113;110;164,5;380;349;268;340;238;302;284;270;287;270;234;115;75;322;124;331;206,77;195
"w178";205;258;151;178;164;254;292;185;158;172;153;324;209;166;190;171;220;102;265;155;271;211;167,5;309;230;215;249;203;267;225;185;262;308;322;271;248;272;250;253;290;267;213;257;265;210;295;208,5;144;224,5;202;225,33;243
"w179";234;164,5;332;307;336;171;317;309;210;306;222;193;299;336;275;182;326;222;206;267;288;303;273;211;255;300;141;299;258;108,5;282;260;262;120;196;137;263;199;337;192;177;225;231;235;302,5;216;223;254;214;159;242,71;281
"w18";330;317;175;245;248;317;272;266,5;283;245;206;294;174;257;239;297;230;229;250;180;172,5;237;234;319;280;276;309;254;268;268;196;323;249;279;269;286;302;273;281;305;282;284;274;298;255,5;272;142,5;232,5;257,5;132;257,3;311
"w180";347;342;238;311;354;356;344;297;358;348;281;349;314;240;260;351;248;235;358;322;341;341;298;346;356;376;355;358;352;352;336;348;341;352;357;329;366;324;364;364;371;363;365;361;365;261;316;287;290;242;328,6;358
"w181";192;199;199;202;186;205;284;245;168;169;172;315;203;242;171;177;206;110;235;156;236,5;233,5;219;246;85;133;176;180,5;241;187;195;224;278,5;288;133;253;155;185;179;116;180;173;184;182;129,5;243,5;125;111,5;259,5;207;195,5;168
"w182";162;179,5;189;360;156;270;234;178;113;121;83;341;85;143;77,5;134;233;138;198;106;130,5;143;134;80;161;198;267;249;311;308;308;352;360;381;236;296,5;124;153;149;127;134;199;132;259;171;28;365;367;381;381;207,72;198
"w183";96;86;57;57;130;184;83;42,5;77;88;73;253;79;124;79;78;181;131;166,5;238;140;111;118;181;291;271;319;298;319;318;224;151;166,5;245,5;275;209,5;254;293;222;215;277;281;281;296;308,5;128;103;97,5;337;146;183,59;152
"w184";37;15,5;19;20;8;39;19;47;48;31;21;14;30;40;28;48;18;19;12;20;15;11;20;32;79;116;58;58;19;7;26;25;61,5;3;141;22,5;94;44;75;128;95;85;68;32;28,5;6;5;16;61;22;39,74;15
"w185";128;102,5;264;45;96;60,5;84;26,5;51;110;178;106;225;116;250;29;242;43;52;244,5;122;32;46;86;151;54;94;115;103;80;92;76;77;121;53;159;350;272;60;49;49;377;55;90;84,5;379;90;306;139,5;330;130,9;93
"w186";224;264,5;164;190;219;185;215;210;172;180,5;134;246;208;238;150;165;126;97;286;117;208,5;181;166;280;176;152;239;172;216;116,5;168;153;202;230,5;224;182;175;159;199;181;191;168;246;136;197;252;132,5;101,5;179,5;143,5;186,37;154
"w187";289;172;326;299;316;175,5;296;310;206;295;190;230;302;340;280;212;309;136;164;261;296;293;314,5;231;262;225;117;160;224;104,5;296;233;231;197;189;161,5;219;201,5;301;220;154;185;226;161;280,5;227;169;172;176,5;80;228,31;249
"w188";179;158,5;78;232;146;251;240;183;315;234;133;325;145,5;142;152;311;294;152;239;233;262;228;187;345;333;343;322;344;312;299;289;161;141;328,5;337;302;332;321;316;347;354;351;348;311;327,5;275;257,5;199;246,5;234;257,92;313
"w189";219;280,5;135,5;213,5;263;181,5;267;186;174;175,5;135;243;214;225;174;180,5;109;108;321;92;263,5;187,5;164;245;100;153;159;151;231;104,5;145;173;191;208;87;188;153;121;159;143;203;182;167;156;195;233,5;115,5;96;206,5;130,5;178,17;143
"w19";335;318,5;366;362;355;339;337;370;313;321;334;280;286;366;358;284;357;312;328;328;307;355,5;368;236;264;302;155;343;269;240;341;275;338,5;261;232,5;195;331;242;356;298;273;266;311;292;349;301;310;226;282;141;302,2;341
"w190";93;93;60;110;41;113;94;91;97;73;44;116;52;77;52;117;116;31;115;71;77;109;31;62;51;42;42;66,5;77;97;15;3;119;41;143;50;26;53;73;30;23;69;58;85;143,5;63;94;53,5;40,5;60;71,06;49
"w191";142;114;107;104,5;89;72;149;44;75,5;119;77;96;77;109;85;54;112;48,5;63;73;107;108;85;52;65;64;39;126;83;95,5;161;79;140;94;4;161,5;18;67;61;31;57;67;92;74;129,5;104;166;62;96,5;53;87,05;69
"w192";55;50,5;30;28;37;69;34;69;50;61;25;55;23;52;54;39;41;35;41;34;28;46;47,5;21;83,5;105;87;29,5;66;19;22;60;87;43;115;35;77;48;84;141;100;81;107;37;109;9;17;42;15,5;6;53,01;30
"w193";112;134;372;149;150;146;166;126;126;125;379;302;357;150;377;83;364;84;342;378;100;114;47,5;318;360;336;356;96;134;301;208;330;158;347;359;367;150;377;228;283;356;347;240;312;164;70;164;346;121;355;237,33;274
"w194";301;306;137;226;261;310;273;237,5;257,5;219;152;278;188,5;300;228;285,5;203;168;249;204;148;288;255;306;183;235;278;269;138;263;192;310;323,5;328,5;248;221;284;196;235;292;293;240;265;301;232;303;299,5;121;341,5;271;248,88;299
"w195";270;294;337;355;334;316;306;337;275;286;298;175;306;369;336;279;300;265;320;321;254;309;354;155;220;305;121;332;277;210;330;205;290;217;59,5;139;270;167;354;246;262;263;223;225;329,5;212;220,5;161;222;213;264,49;321
"w196";333;359,5;289;350;369;372;366;367;320;362;349;368;336;367;357;335;363;355;377;346;373;362;364;383;383;383;384;382;382;374;372;376;374;374;383;382;376;382;380;383;383;383;383;383;384;362;301;288;167;122;354,97;383
"w197";295;294;127;242,5;275;294;269;205;268;229;166,5;262;169;285,5;241;270;205;216;270;209;152;281;261;177;118;160;183,5;223;189;256;209;302;284;313;57;224;172;158;139;108;147;165;136;197,5;132;332;299,5;121;341,5;268;217,97;224
"w198";379;377;379;368;379;380;379;379;380;383;384;375;384;379;383;379;377;383;384;330;384;380;381;148;276;360;382;384;384;383;376;329;352;315;299;360;264;300;223;310;308;348;318;358;357;151;374;369;370;374;349,16;378
"w199";118;153,5;85;143;182;319;103;145;137;146;107;148;119;271;128;103;97;252;339;305;195;182;192;334;303;351;298;229;305;302;306;168;79,5;220;323;112;322;262;288;343;323;337;308;300;252;129;352;295;266;249;226,52;245
"w2";328;323;138;238;239;308;285;247;278;220;186;277;180;247;226;293;208;226;225;184;172,5;223;222;303;226;244;304;237;265;273;215;314;317;286;239;282;276;225;256;300;289;244;276;290;245;273;142,5;232,5;257,5;151;248,72;298
"w20";338;339;251;289;350;353;339;365;352;324;232;352;315;333;266;318;270;323;365;344;344;328;338;366;373;380;374;374;360;360;351;353;370;361;372;354;379;352;383;374;380;379;378;380;375,5;357;344;302;355;277;343,83;373
"w200";45;24;6;15;40;12,5;40;62;103;93;30;7;67;34;22;105;10;15;8;17;35;73,5;24;24;33;86;24;45;16;51;80;68,5;49,5;40;80;56;86;13;51;85;53;40,5;56;17;10;43;60;12;68;45;43,61;19
"w201";134;150,5;280;108;72;19;88;120;102;161;370;187;371;148;372;113;352;318;40;343;142;122;140;251;294;17;38;65;38;222;150;129;4;193;250;290;68;291;35;314;66;27;38;58;47;373;81;347;11,5;353;166,06;122
"w202";243;274;225;230,5;255;218;199;237,5;217;222;203;229;159;228;251;321;120;364;155;142;144;220;335;277;140;169;231;134;147;250;189;307;208;240;174;145,5;142;129;167;171;236;159;162;184;190,5;294;265,5;124;297,5;83,5;208,17;200
"w203";256;254;306;332;242;248;291;307;281,5;243;269;125;280;287;325;271;324;362;182;270;285;318;325;170;144;237,5;81;253;239;224;316;159;220,5;195;113;122;242;130;311;201;159;212;212;170;300;229;224;255;112,5;123;234,76;270
"w204";368;365;120;364;176;329;342;315;340;368;352;346;345;164;365;358;362;350;127;223;375;368;373;379;327;321;331;310;368;370;360;357;212,5;349;369;356;352;313;357;317;346;317;358;340;357;360;111;276;187,5;228;316,48;350
"w205";232;294;226;239;291;216,5;192;222,5;253;228;224;254;155;237;222;324;127;372;169;164;176;270;321;173;75;137;203;161;122,5;213,5;132;303;166,5;238;45;129,5;158;112;124;92,5;181;170;131;192;162;328,5;265,5;124;287,5;88,5;198,49;175
"w206";285;318,5;182;296;321;126,5;311;313;372;349;288;127;275;227;176;366;77;370;150;124;334;348;301;53;18;6;19;55;20;68;66;58;32;14,5;65;4;11;30,5;22;8;2;38;19;68;24,5;141;360;331;181,5;326;161,56;118
"w207";107;117;81;142;124;76;99;132;130;156;92;77;96;71;72;65;54;310;34;74;158,5;132,5;131;116;49;26;29;218;40;205,5;100;142;66,5;108;5;101;44;89;10;25;30;55;34;97;48,5;167;120;85;156,5;81;95,58;76
"w208";85;77;54;79;107;29;52;83,5;111;113;58;44;57;39;49;149;28;331;47;38;61;72;137;44;34;60;37;11;31;40;56;30;24;71,5;55;19;74;29;58;77;78;54;50;16;17;58;35;32;13,5;29;60,67;41
"w209";119;268;362;154;220;198;175;131;117;101;378;323;364;177;381;84;372;81;297;383;133;175;165;337;362;248;262;136;324;286;243;271;171;336;360;343;344;384;343;274;269;374;342;362;219,5;110;334;354;131;364;260,83;317
"w21";322;324;203;267;280;301;300;266,5;248;227;189;298;183;304;229;298;219;182;309;192;207;289;283;258;191;187;205;224;255;276;212;325;307;281;90;284;228;251;205;187;222,5;226;209;236;179,5;315;262,5;208,5;271,5;153;243,4;284
"w210";292;311;237;241;264;302;261;232;239;226;223;310;185;297;252;285,5;188;195;255;221;145;279;252;305;277;249;276;273;169;249;193;319,5;314,5;332;266;273;292;269;271;307;301;236;283;293;218;257;296,5;133;338,5;238;258,43;315
"w211";329;251;358;348;342;328;341;347;265;259;304;168;256;362;344;303;335;284,5;279;304;243;317;356;149;239;279;149;327;232;217;321;274;338,5;198,5;206;160;296;236;352;262;241;275;237;261;332,5;204;282;215;275;178;275,2;330
"w212";358;366;297;349;373;374;373;369;316;357;353;372;339;371;362;329;367;347;380;359;371;369;371;384;384;384;383;383;383;376;374;374;378;369;384;378;380;383;384;384;384;384;384;384;383;349;312;304;252;161;359,68;384
"w213";276;302;243;242,5;268;263;270;233;262;235;212;309;168;285,5;247;261;182;245;269;214;169;251;253;190;192;176,5;183,5;259;237;237;200;319,5;310;321;135;275;197;265;207;114,5;199;194;160;211;167;313;296,5;133;338,5;240;234,62;269
"w214";373;376;373;376;374;361;377;380;365;352;330;384;324;372;308;369;361;342;357;283;342;371;361;224;271;289;347;347;356;358;363;384;381;372;294;345;243;275;244;251;287;304;292;318;293;103;381;378;380;378;333,38;363
"w215";156;179,5;172;167;179;334;147;160,5;140;136;181;222;116;251;186;130;190;284,5;332;309;166;202;203;279;319;344;340;309;336;329;311;143;197;265;307;220;324;299;286;319;331;344;343;327;326;124;347;281;281;136;246,21;291
"w216";61,5;36;18;31;69;77;63;82;99;103;53;24;65;59;37;119;29;18;23;22;36;67;54;71;143;157;59;63;33;62;87;68,5;120;77,5;202;64;115;58;123;162;99;103,5;111;54;43;49,5;50;4,5;80;41;70,92;48
"w217";140;158,5;370;134;154;112;142;135;131;118;374;154;372;126;376;148;323;89;90;335;160;140;129;142;334;68;145;86;128;144;133;130;132,5;183;302;347;97;354;132;65;82;89;192;84;53;96;92;353;11,5;350;174,71;136
"w218";235;308,5;216;256;213;268;255;196,5;245,5;240;187;227;181;231;249;264,5;195;202;153;146;147;263;264;253;207;186;238;182;162;255;191;316;206,5;224;217;184;220;235;171;210;227;187;261;242;154;268;227,5;135;297,5;83,5;217,66;223
"w219";297;176;349;324;286;292;312;333;298;276;301;161;251;291;332;290;285;231,5;211;279;289,5;327;350;151;204;273;124;256;248;258;277;241;312;152;166;172;259;216;321;230;214;221;219;222;287;228;293;258;112,5;95;251,03;300
"w22";360;344,5;288;378;224;341;349;358;203;149;106;382;94;261;108;221;334;217;341;161,5;149,5;276;207;145;248;257;337;330;331;347;353;383;382;367;274;341;208;257;232;243;261;291;260;285;261;89,5;363;370;350;367;275,7;332
"w220";366;371;351;361;368;342;375;371;346;369;356;354;342;204;367;342;365;201;145;242;372;370;375;380;349;335;348;339;367;372;359;354;282;350;371;371;356;335;362;324;348;338;370;353;362;355;97;268;187,5;219;330,13;361
"w221";197;270;219;255;260;257;232;201;266;212;194;184;171;232;221;264,5;186;210;174;161,5;193;250;267;144;177;176,5;206;198;122,5;266;149;317;192;205;136;181;178;214;164;136;212;192;179;195;143,5;321;227,5;124;287,5;88,5;204,18;190
"w222";291;331,5;268;313;304;315;315;350;355;313;295;133;254;212;248;352;129;293;238;208;282;326;211;133;127;47;127;77;53;188;73;110;149,5;77,5;243;73;62;88;110;34;65;97;115;122;112,5;121;341;272;181,5;310;196,91;172
"w223";110;141;171;152;136;102;129;150,5;142;159;100;62;101;125;102;76,5;84;76;106;79;136;135;42;85;113;81;101;137;84;269;101;180;152;104;18;194;37;132;107;57;52;100;88;87;83;172;179;85;156,5;70;112,83;84
"w224";70;72;49;70;88;97;59;103;110;116;65;86;69;81;64;124;67;67;96;54;72;69;91;61;135;107;119;41;37;56;75;85;134;79;165;63;114;57;126;140;117;115;121;78;50,5;57;35;24;13,5;23;81,34;61
"w225";207;95;357;278;122;125;159;166;135;53;377;314;366;152;380;94;371;122,5;157;369;42;142;89;302;377;345;263;230;159;342;202;64;176;252;293;357;335;365;214;370;129;373;210;185;161;120;73;359;117;362;228,15;248
"w226";249;236;150;208;214;236;253;156,5;187;188;128;297;170;181;175;245;185;118;177;173;183;165;215;247;184;211;265;197;192;180;236;285;283;307;232,5;198;202;178;204;279;260;176;262;253;223,5;348;242,5;241,5;336;285,5;219,96;229
"w227";303;285;329;337;332;244;278;332;257,5;271;250;158;267;351;326;242,5;329;255;200,5;306;255;302;311;239;194;322;210;291;278;147;278;201;179;158;156;151;266;197;313;213;121;154;168;174,5;287;195;122;133;267;256;243,84;285
"w228";313;357;282;338;362;365;359;346;322;354;339;355;322;360;340;319;349;352;375;345;367;358;345;381;380;382;380;379;381;366;370;367;373;365;382;376;372;376;368;378;379;381;380;381;382;317;292;166,5;233;182;347,87;376
"w229";253;199;126;210;210,5;201,5;219;164;189,5;197;126;312;173;178;189;229,5;197;170;188;205,5;202,5;214;228;138;61;124;213;210;228;200;222;284;293;324;93;200;121;139;114;99;130;131,5;148;142;99;342;175,5;248,5;349;285,5;193,92;166
"w23";109;49;66;82;133;210;127;45;121;22;69;146;63;134;84;59,5;118;124;168;182;91;92;124;275;315;315;336;303;329;328;283;227;159;257;304;245;328;292;274;308;330;341;339;324;315;187;222;263;326;184;202,55;186
"w230";382;378;384;371;380;383;380;381;383;384;380;378;383;380;375;381;381;381;383;333;383;381;383;105;265;332;371;378;377;380;380;345;362;338;290;381;189;280;172;259;254;300;297;350;338;176;373;372;372;372;342,32;372
"w231";137;140;100;155;162;288;114;134;139;139;101;216;105;183;114;123;104;224;346;296;178;217;150;327;290;319;292;252;292;295;267;128;31;204;328;87,5;323;245;265;332;314;331;302;263;242;99;336;284;253;229;215,91;217
"w232";31;15,5;4;6;12;4;23;68;73,5;66;9;4;51;13;14;87;9;3;4;2;6;27;13;13;28;85;12;29,5;17;12;39;32;36;13;79;27;59;9;47;73;24;22;40;6,5;3,5;46,5;42,5;33,5;82;44;30;7
"w233";124;120;339;112;127;94,5;145;86,5;136;76;373;111;360;93;368;116;287;163;71;348;95;136;80;272;180;22;71;88;64;66;169;123;59,5;62;89;246;69;360;55;66;42;9;22;50;63,5;82;128;350;152,5;365;145,73;102
"w234";181;226,5;174;229;190;141;176;147;284;223,5;121;160;147;202;161;280;70;314;161,5;111;217;145;206;197;74;118;169;120;213;103;110;175;200;118;185;109;129;102;138;160;125;120;139;129;184;314;202,5;181;236,5;197,5;170,32;130
"w235";213;166,5;302;331;272;230;206;296;242,5;244;259;179;281;305;334;232;259;294;165;252;300;278;243;185;155;189;82;226;263;131;276;186;169;123;83;85;192;138;306;151;131;107;198;123,5;302,5;214;152;211;90,5;206;211,19;204
"w236";362;359,5;117;359;151;289,5;338;286;351;364;350;348;332;176;361;357;262;280;248;232;368;310;367;371;316;218;339;313;335;315;347;338;163;247,5;362;291;347;319;349;285;297;257;354;323;335;353;163;277;135,5;208;298,52;339
"w237";186;197;156;269;250;153;180;188;255;230,5;123;165;154;173;143;301;82;300;227;96;238,5;176;237;150;63;111;167;131;181;72;122;178;184;115;101;115;136;72;118;120;137;123;59;125;195;296;182,5;172;269,5;199,5;167,49;126
"w238";280;315,5;224;298;273;158;327;328;356;351;252;100;233;213;178;361;80;345;125;99;293;321;230;35;7;11;17;60;81;89;12;111;124,5;63,5;74;14;7,5;10;20;14;9;5;5;35;88;178;350;313;137,5;319;158,61;115
"w239";86;123;90;156;87;65;85;129,5;176,5;138;76;36;89;117;82;93;43;218,5;65;60;143;119,5;88;115;12;84;25;117;110;84;78;47;69,5;92;43;57;25;93;24;15;13;16;13;66;71,5;155;212;71;85,5;67;84,53;64
"w24";67;46,5;26;37;60;88;64,5;81;94,5;77;59,5;27;78;56;51;108,5;40;23;25;25;67;73,5;84;60;145;129;80;56,5;36;81;68;33,5;142;58;194;61;113;62;113;167;104;98;129;57;44,5;65;17;1;48;4;70,51;46
"w240";60;60;50;68;81;18;48;90;85;72;32;33;56;30;35;127;21;238,5;68;33;22;63,5;99;17;20;61;20;13;78;22;41;90;79,5;29;59,5;33,5;46,5;8;54;74;31;11;25;4;80;38;5;42;4,5;25;50,03;26
"w241";144;321;369;132;165;332;135;206;106;96;376;244;355;250;384;69,5;351;65;220;373;51;139;262;321;379;233;279;287;262;238;255;157;117;351;314;348;365;380;219;353;329;256;220;335;174,5;60;127;361;81;345;245,84;290
"w242";282;238,5;232;206;212;190;246;171;198;202;145;291;188,5;194;194;249,5;158;164;173;167,5;198;196;214;168;251;219;281;215;218;207;230;272;296;303;254;231;286;219;233;275;275;197;230;232,5;240;338;242,5;251;328;283,5;229,71;252
"w243";290;208;333;342;335;284;263;290;233;261;268;150;257;358;331;242,5;325;261;263;298;249;307;336;256;245;293;151;284;223;88;312;239;288,5;188;180;134;221;206;332;216;193;216;207;159;298;211;136,5;282,5;147;163;247,08;293
"w244";350;350;286;345;367;370;365;354;317,5;353;344;361;329;365;351;309;359;336;378;349;366;361;353;382;382;381;381;377;379;371;371;369;372;362;381;368;375;381;375;382;381;382;381;382;381;217;320;280;230;164;350,51;380
"w245";281;204,5;227;209;210,5;211;218;171;189,5;198;127;286;194;180;192;229,5;155;180;205;190;212;205;231;110;158;110;213;238;244;228,5;214;263;311;317,5;184;240;165;189;158;105;209;147;169;128;127;320;175,5;259,5;346;283,5;206,37;194
"w246";376;379;371;380;376;357;378;377;366;366;325;381;333;374;287;371;354;351;350;290;348;372;370;123;261;267;321;341;350;345;361;381;383;377;273;318;187;238;187;240;233;298;249;307;259,5;127;377;383;378;379;323,51;353
"w247";148;139;104;140;168;327;146;137;153;145;117;256;106;198;120;108,5;201;220;344;286;151;174;174;270;318;348;315;321;349;321;295;140;172;266;301;238;314;296;270;309;328;329;337;306;310;91;338;297;245;124;232,21;263
"w248";61,5;22,5;15;24,5;31;54;26;74;78;60;26;15;45;28;24;88,5;25;8;19;9;8;30,5;15;39;92;115;63;49;32;22;71;22;59,5;37;160;43;103;41;92;123,5;90;66;90;41;21;33;42,5;33,5;98;47;50,27;27
"w249";149;136;360;109;126;99;150;119;100;87;382;129;356;98;290;111;302;63;112;355;120;137;114;107;287;48;148;84;127;44;119;109;44;140;289;330;81;334;125;69;75;354;95;89;116;79;72;336;152,5;360;164,35;120
"w25";34;21;273;43,5;101;108;61;30;71;23;359;149;331;101;206;19;261;66;60;250;128;71;95;112;231;72;95;133;118;285;105;125;112;211;51;230;93;256;79;45;343;87;329;354;68;132;46;312;52,5;337;145,5;100
"w250";177;213,5;162;165;191;169;217;173;180;223,5;116;189;178;187;151;244;184;143;178;140;227;201;195;124;162;145;233;106;209;115;108;174;214;229;242;158;164;165;152;173;174;130;239;123,5;205,5;318;202,5;197;236,5;197,5;182,01;150
"w251";203;211;348;330;225;223;236;301;205;287;282;140;308;283;310;211;236;243;175;258;256;304;318;233;208;191;135;214;242;94;261;191;210;200,5;211,5;140;210;181;318;157;157;150;218;150;277,5;206;220,5;221,5;90,5;138;222,38;236
"w252";364;364;338;354;153;314;363;359;341;361;348;359;326;262;363;332;307;156,5;302;241;363;365;366;374;344;234;349;337;340;316;352;337;189;340;367;355;354;332;358;330;345;310;368;349;352,5;230;145,5;271;135,5;216;314,64;347
"w253";193;208;176;204;241;191;248;152;166;230,5;118;232;198;179;139;227,5;179;178,5;233;125;238,5;189;239;83;96;130,5;181;108;188;125,5;115;167;199;222;197;154;154;123;140;110,5;170;133,5;155;126;195;299;182,5;172;269,5;199,5;177,61;141
"w254";332;330;266;286;284;320;320;342;357;328;297;119;240;210,5;227;362;136;274;217,5;211;321;330;183;102;55;29,5;68;73;55;132;53;115;136;39;209;38;22;64;85;48;45;65;101;108;147,5;140;342;270;137,5;315;185,75;153
"w255";120;133;158;150;123;89;139;138;149;154;98;74;92;102;89;128;87;38;108;83;141;134;92;77;66;91;36;110;104;108,5;96;81,5;160;126,5;20;149;30;71;78;52;41;71;64;67;104,5;108;190;72;85,5;68;98,93;77
"w256";76;77;35;48;95;79;60;80;96;82;50;68;62;44;50;102;46;40;110;45;34;60;69;41;93;73;60;34;80;46,5;63;54;127;45;100;55;92;37;104;130;84;79;106;47;106,5;51,5;50;42;4,5;19;66,64;44
"w257";68;50,5;355;55,5;104;116;241;22;17;25;364;272;376;130;378;73,5;348;28;117;380;89;90;132;169;374;229;237;168;276;234;166;104;193;150,5;260;350;340;361;119;247;139;288;252;260;121,5;179;83;358;3;347;196,79;170
"w258";236;288;140;250;246;273,5;282;213;245,5;173;183;300;165;290;214;255,5;169;228;262;179;177;247;244;292;229;220;284;267;149;244,5;227;306;299;330,5;247;192;275;179;243;291;290;228;279;304;203;331;276,5;127,5;347;272;243,87;286
"w259";269;202;308;341;298;298;303;288;289;270;279;137;250;331;317;188,5;319;249;257;302;330;305;360;154;167;277;53;324;140;145;309;162;322;130;126;94;248;157;315;238;171;214;178;160;275,5;221;281;274;284;150;241,2;278
"w26";334;313;166;187,5;254;233;294;204;292;214;219;261;176;258;231;305;180;197;312,5;174;191;244;247;284;242;208;246;116;194;220,5;167;296;313;244;222;257;235;259;213;242;250;241;234;248;178;278;142,5;256,5;234,5;133,5;232,83;265
"w260";327;351;274;320;357;364;358;335;348,5;367;331;344;330;332;327;359;263;361;370;334;377;352;346;377;368;369;377;370;376;363;369;377;354;375;377;373;370;356;376;377;373;372;376;371;378;232;131;141;223;145;337,47;365
"w261";246;274;143,5;262;236;280;288;228,5;250;195;185;293;161;282;208;248;154;148;315;178;231;257,5;294;164;114;154;187;233;152;220,5;211;298;288,5;316;48;190;148,5;155;137;149;146;155;137;197,5;127;351;276,5;127,5;351,5;273;213,3;208
"w262";380;380;377;367;381;384;381;378;381;381;383;374;382;383;373;378;378;382;381;324;381;379;384;141;273;359;378;381;380;382;379;333;349;333;295;372;240;298;224;306;306;334;298;355;343;137;372;373;374;369;347,12;375
"w263";127;158,5;97;144;174;322;113;146;134;142;108;163;112;267;124;95,5;105;250;340;291;222;154;197;332;309;357;297;227;297;304;302;146;97;212;320;135;316;261;279;344;321;335;312;305;257;130;353;294;278;255;227,22;246
"w264";14;13;2;3,5;19;8;14;21;65;78;22;3;24;18;16;61;4;11;13;6;31;30,5;9;20;30;76;21;24;2;46,5;48;15;33;27;86;16;65;17;38;88;56;39;49;5;5;26;50;16;31;37,5;29,06;6
"w265";81;135;325;97;102;7;112;23,5;87;37;358;87;358;104;355;97,5;232;321;76;350;114;82;121;125;274;7;156;104;59;158,5;137;84;14;194;244;298;15;357;49;51;38;33;47;81;34;87;68;339;1,5;352;141,38;96
"w266";217;271;223;235;326;170;186;203;242,5;190;175;186;111;200;233;291;95;367;181;126;162;204;310;268;132;142;216;144;151;160;171;248;229;175;122;100;141;116;134;175;224;142;149;165;182;309;246,5;155,5;306,5;115,5;194,47;167
"w267";215;144,5;299;306;251;289,5;259;279;247;291;248;156;241;268;286;275;278;359;224;247;309;294;272;171;156;239;103;257;106;138;245;231;218;236;64;79;177;150;275;218;173;178;199;131;247;219;313;218;168,5;210;223,15;238
"w268";220;264,5;102;147,5;145;151;254;165;350;350;271;283;285;167;195;344;218;349;130;235;362;306;194;368;323;310;305;276;300;325;294;256;177;263;329;295;337;294;303;318;337;315;341;332;345;222;113,5;78;54,5;78;255,54;307
"w269";248;282,5;222;261;317;220;200;231;238;225;193;235;109;214,5;246;296;89;374;217,5;153;232;191;337;186;77;132;197;183;144,5;163;154,5;253;245;177;42;104;170;115;105;92,5;185,5;164;134;188;165;339;246,5;144;287,5;119,5;196,9;171
"w27";352;233;354;351;340;325;332;355;306;301;335;190;311;350;347;313;331;253;196,5;318;267;355,5;359;218;241;314;152;334;221;272;320;236;335;219;169;250;325;243;351;253;263;248;295;266;348;356;311;160;204,5;189;285,37;337
"w270";272;313;204;279;313;135;309;326;371;344;273;120;252;246;183;346;73;373;151;129;335;349;326;63;17;4;10;42;21;30;37;8;48;11;58;2;4;30,5;21;7;3;42;14;63;27;134;357;324;171,5;320;157,82;113
"w271";106;115;83;137;119;63;95;125;159;132;91;48;97;76;73;97,5;52;311;30;77;138;131;135;106;43;23;34;207;72;230;93;120;72;95;6;89;29;98;9;24;39;61;39;93;28,5;163;135;60;141,5;75;93,51;75
"w272";41;82,5;47;74;63;21;33;98;54;80;49;40;25;50;40;51;34;333;48;36;33;41,5;130;29;26;46;30;7;12;27;42;18;15,5;32,5;34;7;66;22;50;78;77;51;48;12;7;19,5;35;44;9,5;26;47,5;22
"w273";150;111,5;361;124;132;179;123;106;107;120;375;203;370;209;382;79,5;366;98;132;375;71;115;125;259;375;217;268;167;281;275;146;106;156,5;251;300;351;282;378;230;265;338;353;317;227;230,5;107;50;356;76;336;222,24;235
"w274";245;294;220;268;227;264,5;277;216;227,5;178;207;318;182;296;262;247;166;223;260;177;154;256;256;297;275;264;283;261;179;239;225,5;322;319;325;270;255;287;274;261;303;298;238;286;279;243;288,5;276,5;114;344;233;253,21;302
"w275";262;219,5;328;340;296;304;265;331;280;284;290;153;269;345;329;190;318;264;283;294;328;314;358;135;211;284;134;282;210;148;252;212;266;150,5;203;119;250;218;335;234;225;277;278;199;311;225;294;168;200;211;253,52;303
"w276";337;354;276;319;349;360;360;349;334;356;333;343;313;347;333;349;311;330;362;332;369;350;334;378;378;377;376;369;374;367;368;370;363;371;379;375;367;368;379;379;378;376;377;378;380;192;284;109;251;101;339,28;368
"w277";244;294;221;273;235;307;274;221;229,5;204;216;306;191;281;259;213;163;158;318;183;242;253;296;180;228;159;180;240;205;203;190;315;280;320;119;252;196;247;192;114,5;211;198;152;252;151;334;276,5;104;351,5;241;229,46;251
"w278";371;372;365;381;371;349;370;376;360;336;324;380;298;368;298;353;333;338;349;263;339;366;342;219;259;263;333;342;347;348;358;380;380;378;287;328;227;270;240;239;268;289;253;309;273;98;384;384;382;383;324,46;356
"w279";155;182;186;196;183;333;141;174;157;150;209;250;122;244;167;137,5;222;309;296;282;175;149;221;266;322;327;342;294,5;337;330;319;170;174;256;296;207;304;315;268;304;326;326;327;322;300;168;335;229,5;255;105;243,31;282
"w28";160;161;103;219;198;281;204;255;311;215;159;330;229;154;141;198;305;200;186;272;199;148;170,5;359;346;347;346;348;334;331;264;340;258;342;343;311;346;333;339;348;357;343;360;343;352,5;344;286,5;191,5;183,5;220;268,29;325
"w280";27;42;8;16;58;40;47;49;57;85;45;9;21;66;39;91;20;14;18;15;45;52,5;37;54;123;136;75;46,5;35;95,5;74;17;104,5;29;201;45;104;49;100;178;97;95;100;52;39,5;29;35;21;47;40;58,47;37
"w281";103;129;356;115;117;111;133;109;104;141;367;132;363;120;360;146;286;85;91;341;123;118;200;255;278;79;113;75;91;149;127;136;132,5;173;32;292;67;314;65;64;116;113;102;92;81,5;93;57;342;1,5;309;157,99;114
"w282";222;226,5;215;220;285;229;216;208;225;203;161;167;140;171;215;240,5;133;166;179;122;163;197;258;273;217;167;202;175;157;194;162;277;239;168;177;169;222;229;185;223;252;153;236;226;159;248;227,5;163;306,5;115,5;201,69;181
"w283";229;144,5;331;302;270;245;307;302;229,5;274;300;164;261;295;318;208;224;178,5;222;295;310;308;351;126;224;236;116;278;132;173;291;184;260;184;179;184;247;217;278;245;205;211;245;186;249;203;260;176;168,5;142;233,36;266
"w284";252;321;196;259;185;221;287;272;344;346;309;319;290,5;184;276;347;273;109;158;243;354;312;204;367;341;338;327;311;308;338;304;261;257;268;342;306;349;325;342;325;347;332;351;341;354;209;113,5;82;54,5;74;274,57;328
"w285";225;245;179;264;299;212;191;193,5;227,5;247;150;213;151;197;234;258;143;189;229;144;235;248;291;130;166;161;189;204;144,5;157;154,5;291;260;185;110;173;171;210;161;136;206;183;181;200;154;300;227,5;144;287,5;119,5;199,41;177
"w286";261;336;267;303;324;318;310;334;342;263;276;139;238;218;254;337;145;273;243;201;277;331;227;129;105;52;125;74;52;158,5;72;83;138;67,5;237;75;52;100;129;36;59;92;108;138;112,5;117;337;265;171,5;313;192,3;164
"w287";138;137,5;201;157;129;101;136;139;125;157;105;71;103;114;98;101;88;72;104;88;127;132,5;61;78;122;80;89;148;97;242;112;163;146;131;49;179;45;118;111;54;47;102;94;94;91;157;122;85;141,5;69;113,03;85
"w288";22;77;40;60;99;93;56;89;90;91;61,5;80;33,5;74;69;92;50;73;98;52;56;52,5;82;56;99;102;107;40;48;46,5;64,5;42;117;65,5;155;49;109;59;106;148;110;111;122;71;58,5;55;35;46;9,5;32;73,08;51
"w289";152;8;364;125;86;32;67;33,5;40;13;363;197;362;115;374;43;369;36;85;381;4;77;10;310;355;101;243;113;105;279;203;44;121;167;258;322;303;372;178;138,5;312;327;173;88;212;92;60;352;100;348;180,26;147
"w29";325;308,5;146;187,5;282;276;268;244;270;211;211;233;160;245;205;312;167;156,5;323;195;196;252;282;254;199,5;200;196;185;168;202;160;305;217;227;114;256;198;220;154;208;220;229;213;216;169;324,5;214,5;245;174,5;179,5;222,08;234
"w290";257;274;122;198;202;186;228;189;164;189;114;269;190;190;170;191;193;155;185;134;171;172,5;220;199;169;213;282;200;158;165;221;295;237;301;228;193;205;128;198;273;266;162;251;215;188;322;242,5;241,5;329;304;210,99;203
"w291";206;186;300;312;314;178;181;304;220;265;243;172;258;324;293;216;317;259;208,5;280;265;298;347;210;159;290;143,5;251;148;57;257;160;151;128;120;132;152;131;302;182;119;158;186;177;312;208;91;224,5;316;209;218,41;225
"w292";342;338;254;301;351;352;352;318;335;358;312;339;317;317;291;356;257;332;359;336;370;335;307;370;364;370;372;364;372;354;357;360;356;366;373;353;361;348;363;372;361;362;361;377;371;191;206;139,5;213;114;327,99;357
"w293";227;278,5;114;227,5;226;157;237;196,5;173;207;132;267;193;256;155,5;179;198;113;240;137;188;179;254;137;64;125;218;174;193;183;229;289;241;302;97;199;120;96;130;104;127;131,5;138;141;88;333;175,5;248,5;343;303;189,29;160
"w294";381;383;380;373;382;381;382;382;384;382;372;377;380;384;364;382;384;380;379;317;380;382;379;100;235;324;362;376;365;378;384;344;366;330,5;282;380;184;271;170;241;248;287;288;345;319,5;161;383;377;376;376;338,46;366
"w295";117;143;135,5;158;160;282;118;140;150;135;102;178;102;162;117;131;134;207;322;277;186;200;163;325;289;323;301;265;299;293;258;121;47;186;326;97;320;248;280;338;310;323;310;274;259,5;97;330;286;262;186;215,46;215
"w296";17;2,5;5;5;20;1;10;39;14;36;7;5;14;5;3;42;3;1;1;1;2;12,5;2;3;24;67;9;6;4;4;33;5,5;17;17;56;8;55;6;30;75,5;28;24;35;10;2;13;42,5;40;69;46;19,55;3
"w297";100;39;327;123;108;46;120;50;101;69;362;53;374;121;282;119;289;169;84;347;76;86;73;140;171;38;65;71;96;36;35;65;37;14,5;77;288;56;363;6;50;16;8;21;60;58,5;136;136,5;345;162,5;363;128,66;91
"w298";165;188,5;208;248;243;137;185;156,5;175;163;109;142;139;206;164;258;66;315;208,5;101;202,5;177;223;147;70;134;150;103;166;121;144;189,5;248;88;178;126;119;99;133;165;118;119;118;130;174,5;304;202,5;174;263,5;217,5;167,63;127
"w299";189;182;290;310;271;143;171;320;219;297;239;147;259;254;307;251;227;316;163;266;289,5;291;259;223;134;209;85;184;206;77,5;235;165;173;102;94;92;232,5;146;284;136;128;112;141;120;263,5;197;199;261;133,5;192;203,71;189
"w3";346;308,5;363;365;353;337;345;353;299;331;341;288;309;373;356;299;338;317;345;331;318;345;372;220;233;318;132;329;271;219;338;229;337;223;219;218;309;204,5;353;296;291;286;309;280;350,5;345,5;314;194;132;147;296,6;338
"w30";126;82,5;73;104,5;98;131;110;128;129;134;78;115;83;119;41;156;187;57;111;69;88;101;93;90;117;42;110;64;46;140;57;59;82;80;216;72;82;85;112;41;64;94;72;111;104,5;86;237;118;154,5;181;102,62;78
"w300";223;194,5;118;153;139;132;249;180;326;341;249;322;264;182;180;320;256;282;258,5;229;356;229,5;162;352;297;223;317;300;294;261;272;219;71;216;346;269;336;301;308;277;294;255;340;321;331;200;148,5;75;101,5;126;243,93;287
"w301";178;204,5;211;260;233;134;182;171;195;164;110;173;127;174;182;260;91;302;290,5;115;220;192;242;114;67;119,5;177;100;175,5;114;156;202,5;243,5;96;91;113;122;75;122;103;132;124;60;121;174,5;308;182,5;194;276,5;223,5;167,96;128
"w302";259;321;229;283;290;165;323;316;348,5;334;254;113;235;216;187;345;79;343;129;89;306;313;245;37;8;10;5;53;60;69;7;108;111;93;63;13;7,5;19;12;12;11;6;7;40;77,5;149;356;317;148,5;316;156,76;112
"w303";99;117;108;151;84;60,5;75;129,5;145;151;89;25;84;122;70;85;36;218,5;61;64;125,5;116;107;91;14;77;50;135;107;93;85;45;69,5;99;41;69;27;95;14;6;15;13;10;72;73;126;125;58;62,5;56;81,02;60
"w304";46;56;51;76;73;17;46;52;23,5;56;28;34;8;37;33;33;33;240,5;69;32;19;41,5;70;11;21;66;15,5;5;42;5;19;95;85;24;22;37;36;5;44;70;37;12;26;11;81,5;10;35;36;22,5;30;41,56;17
"w305";105;36;359;129;138;124;92;113;43;39;371;276;379;136;371;73,5;358;88;264;374;64;105;96;262;361;297;251;166;289;253;268;101;156,5;215;286;358;245;374;250;311;197;250;301;189;233;102;153;360;77;356;215,9;216
"w306";263;300;197;195;203;196;242;193,5;170;213;122;259;187;207;198;207;204;194;194;149;206;187,5;210;193;253;204;273;191;196;205,5;218;299;242;294,5;253;217;278;209;226;272;274;218;222;208;239;302;242,5;247;315;297;225,71;244
"w307";286;219,5;319;309;309;208;189;291;186;290;263;171;272;330;313;188,5;292;277;199;257;281;290;330;244;236;287;190;270;252;87;266;235;267;103;181;103;229;177;305;194;184;171;191;173;285;220;95,5;150;295;230;233,81;268
"w308";320;335;239;288;346;351;354;327;337;347;310;342;312;314;302;341;265;320;354;327;364;339;299;373;372;373;369;360;369;355;350;356;353;364;378;336;364;353;367;373;370;371;362;373;379;169;151;139,5;178;102;323,85;354
"w309";233;278,5;198;227,5;221;172;214;184;178;208;124;271;192;253;185;169;196;162;245;151;230;159;251;81;149;123;213;208;220;209;213;294;247;294,5;172;223;169;164;147;122;192;152;180;134;110,5;316;175,5;259,5;333;292;201,9;184
"w31";53;98,5;106;89;147;98;105;52;123;89;74;128;71;110;107;34;119;78,5;83;67;129;129;43;82;115;59;97;140,5;90;260;102;198;165;171;31;206;83;124;83;61;33;108;80;113;116;180;118;74;119,5;76;104,36;79
"w310";375;373;352;384;375;346;374;375;364;355;319;373;320;364;278;364;332;328;347;262;347;367;365;128;244;230;311;314;346;340;356;379;379;382;277;307;161;228;175;202;195;280;242;302;241;118;379;382;379;375;313,82;346
"w311";151;147,5;101;159;170;306;152;160,5;156;148;125;266;130;175;147;136;214;212;338;284;181;152;169;243;317;325;328;312;341;326,5;269;132;195;269;291;237;299;297;241;289;319;313;323;315;321,5;84;328;289;202;137;230,46;255
"w312";54;18,5;9;12;21;49;21;38;27;43;8;13;29;16;23;62,5;11;4;5;4;7;9;8;28;71;108;32;36;23;8;58;21;57;18;123;31;78;38;71;107;85;74;71;31;19;16;42,5;45;75;43;38,03;12
"w313";139;117;314;90,5;94;71;121;96;73,5;127;354;102;353;156;359;58;269;53;101;366;121;141;75;252;284;57;115;80;67;38;98;114;129,5;163;175;362;53;341;76;67;74;43;158;106;74,5;80;26;341;162,5;359;152,93;106
"w314";182;211;145;180;231;154,5;188;177;179;171;129;174;148;192;169;235;156;115;241,5;127;197;153;160;139;168;146;182;107;171;113;118;189,5;263;148,5;229;147;160;141;153;180;153;125;228;148;189;312;202,5;181;263,5;217,5;175,79;138
"w315";180;176;312;295;229;168;262;314;269;294;296;126;295;316;305;170;249;160;156;271;295;231;313;163;182;180;211;222;227;70,5;242;182;184;114;191;111;239;171;260;188;152;146;221;140;306,5;194;188;198;133,5;203;214,03;210
"w316";264;196;149;257;131;188;302;280;343;338;294;326;243;265;224;326;295;144;303;231;355;297;213;357;338;237,5;338;307;296;274;293;222;124,5;300;340;296,5;351;311;341;334;341;307;357;346;336,5;198;148,5;67,5;101,5;111;266,77;324
"w317";161;229,5;152;240;218;160;210;159;171;177;144;200;164;191;165;195,5;137;142;290,5;136;221;155;208;94;98;130,5;175;114;175,5;134,5;141;192;254,5;179;193;106;151;125;142;110,5;151;133,5;145;119;199,5;266;182,5;194;276,5;223,5;172,65;134
"w318";311;327;252;276;302;323;318;324;338;278;314;151;218;201;258;350;123;263;216;216;272;320;196;103;58;29,5;70;69;54;141;34;99,5;148;34;195;20;28;66;89;42;44;60;104;112;156,5;116;343;275;148,5;301;181,74;149
"w319";135;132;111;136;111;92;151;136;143;140;97;63;88;99;91;129;102;51;107;81;113;121;68;59;60;98;43;118,5;100;98;86;43;153;85;11;136;35;81;63;43;46;75;69;55;119;105;145,5;66;62,5;61;92,27;73
"w32";64;52,5;44;62,5;83;100;69;94,5;84;104;68;73;72;54;81;125,5;59;60;72;44;69;61;120;66;146;141;108;39;63;73;29;40;122;56;204;65;116;61;116;189;115;116;123;73;68;49,5;26;4,5;27,5;10,5;79,26;59
"w320";48;72;41;61;74;73;35;71;59;48;55;69;10;45;61;50;62;39;114;40,5;26;21;49;36;83,5;69;56;26;58;12;43;78;117;2;118;28;75;39;101;152;88;70;97;38;119;14;35;36;22,5;20;57,13;35
"w321";101;64;347;83;93;117;116;60;20;40;361;51;361;103;366;49;346;30;120;368;55;102;23;205;353;274;255;90;266;111;183;93;161;100;263;340;224;362;294;191;200;145;84;180;215,5;71;70;348;164;341;179,19;145
"w322";212;216;91;192;207;194,5;222;265;200;237;160;282;129;275;216;193;153;237;187;163;184;225;236;283;206;228;260;255;137;252;163;276;230;311;241;219;223;174;242;284;271;191;267;281;219,5;336;276,5;115,5;361,5;254;224,67;242
"w323";250;156;295;334;237;219;295;289;231;299;230;144;242;323;315;168;247;230;213;255;323;275;316;184;160;283;64;288;154;123;324;172;219;210;109;90,5;237;145;329;254;167;207;254;174,5;319,5;213;315;219;256;225;231,63;261
"w324";302;356;258;335;327;348;334;281;336;363;318;337;260;321;295;340;255;339;355;329;365;343;303;375;366;365;370;366;370;359;365;373;350;368;374;364;362;344;366;375;368;364;371;370;374;210;157;95;201;96;324,36;355
"w325";204;202;87;174;279;194,5;252;241;215;210;146;251;123;294;243;186;146;205;183;210;246,5;266;248;166;111;175;165;232;164;193;153;281;240;304,5;105;225;163;152;151;106;142;160;156;201,5;123,5;347;276,5;115,5;361,5;250;200,52;179
"w326";383;381;378;369;383;376;383;383;378;377;365;379;377;382;353;384;382;378;371;303;379;383;377;120;267;353;373;371;375;377;382;343;346;344;288;379;194;282;180;282;272;324;285;344;323,5;139;376;374;373;371;340,83;369
"w327";133;164,5;139;166;144;295;106;148;155;160;103;143;118;234;130;137,5;114;244;329;259;167;144;155;326;307;354;288;202;293;305;305;134;99;235;322;156;321;260;282;346;318;345;304;316;262;148;345;285;261;171;223,56;241
"w328";9;22,5;1;1;16;6;12;37;41;68;16;1;5;24;10;47;2;22;2;10;10;44;14;22;27;70;26;22;10;25,5;40;20;29,5;4;75;22,5;64;18;40;90;54;36;61;6,5;10;23;50;24;46;42;27,57;5
"w329";71;111,5;310;92;113;12,5;91;100;49;63;347;76;375;83;342;45;254;289,5;27;376;93;80;142;113;326;12;57;56,5;39;110;60;122;20;126,5;30;216;14;330;39;47;48;56;33;51;37;146;85;340;7;302;127,31;90
"w33";1;2,5;275;47;1;35;1;6;4;2;328;31;321;1;269;10;275;41;58;358;54;147;53;307;365;253;200;156;133;185;90;37;2;26;311;316;369;370;227;354;355;175;128;356;158;384;50;327;70;300;166,49;125
"w330";208;288;240;213,5;297;164;221;179;213,5;238;151;205;108;233;211;201,5;98;369;258,5;213;179,5;199;271;237;131;139;217;124;173;184;151;279;220,5;175;161;153;179;134;135;158;215,5;148;164;191;136;327;246,5;155,5;320,5;112,5;198,53;176
"w331";171;146;292;284;215;215;250;282;264;292;251;138;231;284;292;209;268;360;161,5;253;317;284;293;152;157;255;96;248;112;154;250;137;246;182;112;51;138;147;304;233;166;186;177;132;269;199;264;212,5;209,5;107;212,97;207
"w332";157;182;128;138;140;130;169;153;328;322;221;296;153;161;129;302;250;341;124;207;298;206;172;361;324;313;296;279;307;314;301;251;186;275,5;327;285;330;302;298;315;335;321;335;325;334;182;100,5;76;66,5;63;238,19;275
"w333";202;274;217;244;308;177;201;230;244;251;158;257;128;260;225;201,5;103;363;294;193;204,5;212;289;183;97;127;192;193,5;135,5;181;140;252;232;226;96;138;146;122;121;95;149,5;161;127;224;139,5;337;246,5;144;297,5;117,5;197,13;173
"w334";284;325;205;274;288;142;308;305;361;323;266;123;224;224;163;338;76;365;134;143;322;347;339;47;19;5;8;27;11;35;45;1;38;19,5;81;1;1;36;17;3;1;40,5;15;64;32,5;147;358;318;165,5;317;154,64;110
"w335";104;109;79;126;106;42;81;121;120;123;96;28;87;73;60;95,5;44;297;31;68;86;123;133;98;48;24;40;177;71;182;97;107;73;105;2;93;21;97;13;27;35;50;24;69;44,5;135;111;56;92,5;57;83,63;63
"w336";15;77;48;74;54;22;43;61;46;83;56;37;26;29;38;41;30;326;67;40,5;27;23;123;30;29;53;51;10;28;29;28;31;27;63,5;36;26;60;21;52;79;67;49;46;15;3,5;18;35;24;35,5;27;47,2;21
"w337";88;126,5;367;84,5;115;159;131;118;56;94;368;162;365;127;370;99;350;127;122;379;124;96;147;215;381;252;259;155;129;247,5;95;94;342;145;315;331;300;364;310;264;324;349;166;237;229;95;82;351;173;349;214,57;212
"w338";211;233;167;207;187;226;211;248;218;239;155;284;150;274;204;199;200;204;196,5;196;185;219;238;282;272;259;266;245;139;244,5;143;288;285,5;314;251;236;271;277;264;288;292;230;290;278;215,5;343;276,5;104;361,5;222;235,78;272
"w339";268;176;315;314;249;272;271;285;301;282;253;170;228;342;309;187;296;199;203,5;276;297;225;341;172;215;288;111;263;217;143;297;207;326;181;208;99;288;193;312;229;219;276;263;221;305;262;308;121;268;261;246,25;292
"w34";271;300;92;197;228;209;212;212;232;242;220;285;216;248;201;277;172;121;170;141;260;221;158;312;213;222;253;234,5;256;178;247;257;325;289;252;281;236;204,5;276;280;258;193;273;256;181;260;237;201;241,5;260;231,23;260
"w340";310;347;244;305;312;350;348;294;332;339;316;336;255;313;303;328;252;288;356;320;357;329;327;376;371;378;367;365;371;365;364;363;359;370;376;374;363;355;371;376;375;367;373;374;377;183;147;111,5;170;90;321,85;352
"w341";231;245;183;176;281;197;239;239;202;217;184;304;172;292;235;195,5;191;211;226;218;244;232;246;165;223;155;163;216;212;226;142;293;274;312;163;228;186;252;195;117;198;189;183;209;151;328,5;276,5;104;361,5;196;217,58;222
"w342";363;362;322;370;358;338;353;373;347;330;315;358;249;348;267;327;272;337;333;248;316;354;317;158;258;221;324;323;327;335;337;362;375;383;281;305;174;264;215;224;237;278;216;313;258;94;382;380;384;382;306,94;344
"w343";164;188,5;230;179;158;335;130;142;144;158;176;212;162;163;181;142;211;247;236;237;161;146;154;214;305;240;344;289;332;334;299;149;206,5;272;283;262;262;317;236;294;302;303;296;339;289,5;145;333;278,5;254;109;230,88;258
"w344";20;36;17;8;28,5;48;39;64,5;59;90;36;16;20;68;42;71,5;13;21;6;24;46;65;56;55;124;121;78;25;22;63,5;54;52;99;47,5;186;25;106;51;94;169;93;106;86;46;41,5;51,5;35;24;42;34;56,51;34
"w345";130;111,5;320;113;100;105;125;110;93;128;360;84;378;132;348;121;276;68;73;354;105;97;94;335;302;65;76;81;113;192;107;138;107;156,5;13;309;98;343;103;55;92;110;103;77;48,5;77;117;335;7;334;154,39;109
"w346";221;229,5;188;230,5;262;173;198;222,5;234;241;173;234;149;236;210;180,5;140;198;256;188,5;179,5;194;287;207;203;163;215;138;170;233;138;297;233;156,5;211,5;176;199;191;157;212;251;179;255;239;167;330;227,5;163;320,5;112,5;207,39;196
"w347";187;142;304;293;232;224;208;269;226;283;258;136;236;307;311;175;243;147;147;254;279;264;322;195;190;227;112;241;130;153;217;166;265;162;198;164;251;207;327;226;229;205;229;218;227;202;159;229,5;209,5;135;218,42;226
"w348";174;300;195;163;167;203;293;264;323;298;236;317;211;188;188;306;277;133;131;234;283;241;184;364;336;341;320;315,5;291;337;303;280;272;282,5;335;303;342;331;333;320;344;325;346;336;355;190;100,5;80;66,5;62;258,4;314
"w349";218;216;181;254;266;199;183;200;235;256;169;242;135;273;209;173,5;148;192;287;197,5;204,5;218;305;161;170;164,5;201;170,5;135,5;171;147;268;251,5;200,5;149,5;155;182;190;174;138,5;176;181;187;205;149;305;227,5;144;297,5;117,5;199,61;178
"w35";318;258;341;346;348;300;316;338;263;320;303;240;265;355;321;314;344;298;316;316;332;338;328;315;249;298;193;331;279;133;323;213;271;214;170;157;261;187;336;204;202;282;211;232,5;344;226;323;179;194;158;274,07;327
"w350";299;334;257;281;300;312;314;321;325;218;302;130;219;223;238;315;138;291;212;202;326;342;240;121;94;55;105;68;73;166;83;7;139;53,5;235;82;38;101;120;40;70;96;114;135;119;113;339;203;165,5;312;187,72;158
"w351";132;120;192;139;109;109;122;115;114,5;147;104;75;100;118;97;132;90;75;93,5;82;104;126;87;72;103;82;77;101,5;82;264;126;133;155;137;35;203;34;120;98;60;36;101;85;96;92;138;122;77;92,5;55;107,2;81
"w352";23;88;46;52,5;85;85;55;104;61;112;59,5;56;15;75;59;71,5;55;70;100;53;68;54,5;110;48;104;109;102;54;50;43;49;35;102,5;51,5;147;62;110;56;108;109;114;117;119;70;50,5;33;35;38,5;35,5;21;70,63;47
"w353";39,5;9;350;72;90;24;71;58;32,5;34;366;198;352;155;369;139;356;47;78,5;370;29;33;59;176;358;122;258;91;141;186;111;63;106;124;317;333;290;366;210;222;196;138;109;149;102;361;78,5;349;79;346;174,26;135
"w354";196;254;119;170;177,5;145;174;224;147;186;131;255;144;189;146;194;141;104;192;116;192;213;177;213;173;179;250;162;174;169;241;265,5;236;262;220;205;191;154;196;268;249;167;244;228;160;236;260;176;330;299;197,88;174
"w355";194;168,5;287;322;259;213;203;273;213,5;300;215;131;263;322;296;166;282;231,5;159;230;274;261;265;242;153;296;219;264;142;86;286;225;215;172;134;84;246;151;295;231;103;149;165;154;293;201;239,5;269;305;248;221,92;233
"w356";316;340;248;287;319;345;336;271;329;343;289;334;293;289;268;339;229;324;352;310;351;319;281;369;357;366;351;355;363;349;355;358;347;357;370;346;358;338;359;367;362;360;364;367;368;175;186;97,5;191;104;315,03;348
"w357";210;223;112;168;216,5;140;170;207;151;185;162;247;132;222;145;192;135;94;200,5;103,5;291;249;216;167;54;112;204;146;186;151,5;219;265,5;209;267;124,5;197;118;94;115;97;155;135;120;127;86;288,5;196,5;176;334;298;176,28;139
"w358";384;384;382;374;384;378;384;384;375;378;355;383;373;381;350;383;376;377;367;307;378;384;376;104;199,5;301;350;372;361;375;383;350;364;343;267;384;130;267;143;225;185,5;274;217;337;277,5;123;378;379;377;380;328,87;359
"w359";125;147,5;200;171;137;232;119;144;163;155;95;177;104;159;109;115;100;187,5;292;278;153;172,5;149;322;292;308;299;281;288;300;287;99,5;45;160;319;90,5;326;249;292;336;307;314;305;272;253,5;111;326;296;291;169;212,46;206
"w36";341;355;242;308;366;363;347;362;345;370;305;351;334;327;300;343;260;295;369;352;358;336;332;339;347;363;363;362;342;356;340;372;357;348;355;320;381;312;372;359;350;357;352;360;363;376;359;315;311;288;341,6;371
"w360";4;6,5;3;2;3;2;8;15,5;15;27;4;2;1;7;2;22;1;2;7;3;3;10;4;5;22;75;14;3,5;7;1;24;2;12;7;33;12;58;4;16;75,5;21;20;31;1;1;3;26;29;44;48;14,98;1
"w361";75;88;353;111;142;64;58;93;141;130;257;78;369;133;274;57;189;206;59;362;41;87;44,5;111;50;31;93;70;85;41;79;103;34;9,5;159;279;50;350;28;58;22;14;23;45;41,5;68;84;338;87,5;354;122,38;87
"w362";172;194,5;241;222,5;257,5;122;165;198;192;165,5;113;157;121;217;138;218;83;306;219;113;168;163;190;191;87,5;117;186;85;178;74;139;185;227;76;167;128;127;107;87;163;138;118;113;116;167;249;202,5;196;293,5;251,5;166,1;123
"w363";209;168,5;296;300;265;138;177;275;222;327;242;135;223;306;284;167;258;296;139;273;275;193;257;146;147;188;126;199;207,5;85;234;176;190;135;106;80,5;214;133;239;184;124;109;174;147;267;196;107;244;198,5;269;201,02;180
"w364";159;162,5;165;141;121;118;194;169;321;293;188;321;175;170;119;292;251;292;231,5;205,5;337;207;175;353;299;231;314;301;301;262;273;217;86;221;339;270;334;303;299;281;276;251;331;328;336,5;166;98,5;73;104,5;79;230,7;257
"w365";173;208;247;234;252,5;133;178;227;191;199,5;120;181;131;208;137;206;69;313;207;110;225,5;170;233;143;68;119,5;170;105;182,5;77,5;165;202,5;243,5;87;95;121;123;78;81;112;135;127;78;118;177;286;182,5;204,5;308,5;274,5;168,36;129
"w366";274;329;228;272;247;175,5;328;329;331;329;264;121;217;214,5;153;333;72;357;126;98;325;316;226;34;5;9;4;59;69;101;4;96;99;97,5;50;11;3;15;15;17;5;4;4;36;77,5;133;355;310;110,5;306;153,89;108
"w367";116;104,5;77;117,5;105;51;100;124;116;137;87;32;90;123;68;82;45;233;53;63;83;98;115;93;10;74;44;128;102;130;44;46;75,5;90;16;67,5;19;83,5;11;9;14;15;12;61;71,5;153;111;64;106,5;58;78,57;58
"w368";25,5;52,5;56;55,5;67;10;50;77;23,5;46;24;35;11;17;36;16,5;23;238,5;75;30;20;75;58;1;16;63;15,5;2;41;18;9;70;83,5;38;37;30;42;7;36;71;43;10;29;19,5;77,5;24,5;17;48;29,5;37,5;40,75;16
"w369";74;106,5;340;74;116;144;134;79;68;65;369;194;368;129;379;64;360;95;123;377;102;66;74;257;370;184;275;97;236;146;223;74;147;111,5;354;363;277;373;355;252;204;305;203;231;116;181;86;355;118;351;202,9;187
"w37";265;261,5;96;193,5;201;204;195;242;196;304;166,5;295;246;230;193;276;178;117;267;133;266;209;179,5;202;110;147;160,5;179;272;168;181;254;276,5;298,5;78;280;134;144;231;134;156;136;154;169;106,5;259;271,5;169,5;241,5;263;201,79;183
"w370";188;277;191;172;177,5;183;184;182;138;182;141,5;274;152;193;179;184;183;105;215;120;252,5;162;185;194;256;201;254;157;165;172;199;282,5;198;255;256;202;230;215;229;269;247;190;264;258;228;239;260;185,5;317;293;208,73;201
"w371";255;176;309;304;256;167;173;283;193;273;237;141;268;319;306;173,5;322;234;141;264;294;267;300;196;222;275;146;266;185;75,5;256;242;238;125;213;107,5;209;201,5;296;161;144;184;206;176;295;188;95,5;278,5;292;237;223,32;240
"w372";267;341;206;265;315;343;331;276;330;335;286;335;270;280;270;334;241;299;348;292;350;315;280;372;367;374;354;356;366;353;354;351;358;356;375;327;359;345;361;371;369;369;363;368;372;165;235;90;197;85;312,42;345
"w373";201;261,5;185;169;216,5;161,5;168;176;148;170;141,5;273;137;221;168;184;202;91;202;123;268;225;224,5;96;150;128;209;149;226;179;201;282,5;212,5;258;183;201;159;170;163;147;179;144;196;133;110,5;306;196,5;185,5;324;290;189,9;162
"w374";365;368;334;372;364;344;368;372;353;326;317;362;307;337;244;348;267;325;337;249;336;360;323;122;201;203;300;294,5;330;332;343;364;369;384;261;300;139;221;177;144;187;249;200;275;225;101;380;381;383;384;298,55;340
"w375";145;152;116;161;163;331;143;141;167;162;111;279;110;157;122;145;244;137;285;281;200;180;148;204;295;285;323;315,5;333;313;275;127;211;241,5;279;209,5;244;304;218;261;279,5;279;284;314;289,5;85;332;282,5;244;98;220,12;230
"w376";18;10,5;14;10;14;43;18;48;38;30;12;17;3;26,5;19;40;6;10;15;14;24;22;16;23;69;104;33;43;18;9;47;29;64,5;22;148;43;88;40;68;121;87;83;65;30;26;7,5;29;47;56;39;38,14;13
"w377";166;98,5;345;88;118;114;140;97;75,5;153;345;99;354;78;257;150;310;55;103;323;109;85;109;88;257;51;106;78;79;34;70;81,5;129,5;143;255;324;111;347;59;68;106;63;76;53;61;122;65,5;344;87,5;338;147,38;104
"w378";170;211;133,5;164;257,5;152;163;163;146;165,5;115;169;141;185;134;184;177;111;241,5;150;155;164;181;178;172;144;172;130;184;100;130;197;224;117;215;142,5;135;149;144;185,5;163;128;201;115;163;243,5;202,5;206,5;293,5;251,5;170,39;131
"w379";214;172;298;275;223;163;197;277;237;255;229;124;253;278;285;160;246;140;148;239;312;245;268,5;182;232;190;153;285;201;79;237;177;184;146;145,5;83;226;162;249;203;123;166;189;144;272;193;188;151,5;198,5;221;204,38;191
"w38";370;370;383;382;339;379;361;374;379;380;336;357;367;370;213;374;379;376;374;225;374;376;378;74;193;280;365;373;364;379;375;331;316;278;262;361;148,5;255;131;248;213;259;208;319;279;89,5;371;366;366;361;315,62;349
"w380";167;176;159;217;134;150;227;214,5;319;289;201;327;202;252;172;246;301;132;311;227;329;238;173;354;343;241;329;305;306;278;290;230;124,5;306;336;289;341;316;319;335;342;308;347;348;346;170;98,5;61;104,5;77;248,16;295
"w381";175;233;133,5;212;252,5;154,5;193;168;154;199,5;147;208;145,5;220;155,5;178;159;135;234;147;225,5;184;209;92;101;135;168;123;182,5;120;135;199;250;106,5;210;129,5;132;136;136;126;178;129;170;139;179,5;287;182,5;204,5;308,5;274,5;175,13;137
"w382";331;337;250;285;287;321;333;325;333;194;307,5;159;200;195;256;325;122;269;203,5;194;320;324;205;89;53;32;52;79;57;151,5;27;92;145;56;192;17;17;65;86;56;62;72;87;110;139,5;112;340;256,5;110,5;289;178,42;144
"w383";136;126,5;169;133;103;82,5;157;133;114,5;152;84;64;81;106;83;141;99;45;102;86;94;130;66;50;57;99;27;140,5;98;128,5;76;51;149,5;86;17;107,5;20;74;70;46;71;68;77;62;99;114;140;63;106,5;71;93,12;74
"w384";43;82,5;31;29,5;77,5;74;28;64,5;16;62;40;65;19;43;57;46;56;42;109;43;37,5;56,5;34,5;31;81;71;61;44;49;22;20;71;113,5;22;108;36;87;42;91;119;89;78;98;42;96;7,5;35;38,5;29,5;31;55,39;32
"w39";7;26;25;27;10;44;3;5;10;15;3;89;2;49;1;13;39;61;154;93;116,5;7;12;333;281;309;277;225;245;283;253;91;39,5;153;318;74;308;232;259;328;300;312;293;212;235,5;173;198;94;356;191;143,69;99
"w4";359;359,5;272;325;370;371;362;366;354;365;320;367;344;346;323;363;328;327;373;357;359;353;357;355;354;367;359;350;358;361;366;365;371;360;368;338;384;318;382;358;363;368;375;376;370;371;354;307;318;294;352,61;381
"w40";49,5;13;7;14;22;11;15;56,5;47;70;18;10;55;11;20;56;12;7;16;8;16;16;27;14;35;88;18;23;13;16;62;57;54;12;85;54;61;16;42;81;34;23;44;18;6;44,5;5;12;57;18;31,39;9
"w41";13;60;279;71;42;45;54;292;29,5;7;261;103;310;72;110;9;125;151;325;288;21;45;65;160;283;33;157;94;95;38;81;112;25;71,5;152;171;348;320;95;21;334;7;314;98;38;378;62;319;127,5;323;140,69;95
"w42";190;248,5;190;181;194;227;154;158;216;258;191;223;201;196;173;225,5;94;301;282;94;280;186;235;241;125;166;222;101,5;172;99;134;200;205;136;190;127;190;127;206;190;188;126;143;162;187;307;232,5;155,5;192,5;246,5;189,39;161
"w43";294;238,5;318;323;305;271;279;323;223;308;285;207;289;349;283;308;313;353;210;312;333;292;295;287;165;258;195;320;214;128,5;307;245;223;213;98;110;225;198;314;228;148;151;202;152;314;207;303;217;143,5;93;247,41;294
"w44";154;170;74;102;172;181,5;132;162;212;266;139;320;204;144;99;158;239;279;135;157;149,5;160;145;336;279;304;285;335;322;284;210;292;88;264;348;260,5;306;285;269;323;322;292;332;297;275,5;370;289;181;226,5;226;231,11;259
"w45";198;216;194;263;195;239;162;167;199;260;196;210;237;186;166;240,5;96;286;298,5;87;240;156;224,5;159;91;174;173;150;197;134,5;164;195;194;189;52;105;133;79;169;153;169;121;116;143;190,5;326;232,5;158;195,5;235,5;182,3;151
"w46";108;64;58;103;32;33,5;96;35;124;122;23;97;42;79;11;157;74;165;35,5;39;62;88;51;9;1;13;6;31;44;82;18;27;96;59;29;15;12;1;1;13;12;1,5;2;27;58,5;73;322;273;72,5;266;65,27;43
"w47";63;111,5;98;120;141;67;98;127;63;19;13;95;6;105;53;3;60;185;44;46;81;99;52;108;13;45;104;164;101;20;106;73;63;67,5;28;76;32;114;29;18;19;29;16;100;66;162;165;70;145,5;51;74,69;56
"w48";89;32,5;42;51;39;25;29;56,5;62;64;33;29;35;41;31;114;17;161;35,5;23;39;47,5;78,5;15;39;90;31;3,5;61;12;2;61;49,5;60;54;59;48;27;45;87;73;18;32;13;99;44,5;5;8,5;32,5;9;45,06;20
"w49";35;2,5;214;35;68;347;31;12;81;20;340;105;346;46;354;14;370;87;93,5;365;96;14;39;308;329;291;264;212;261;287;91;97;46;190;310;366;360;342;216;381;367;297;326;262;253,5;76;77;330;7;329;195,81;169
"w5";321;313;121;271;274;309;280;260;254;196;202;260;184;298;212;295;210;181;300;160;223;271,5;241;230;148;185;221;243;243;195;198;318;332;284;70,5;278;193;184;211;155;194;222;146;214;154;285;262,5;208,5;271,5;156;228,77;250
"w50";258;303,5;160;205;234;266;205;226;241;252;199;258;230;199;191;283;226;134;180;169;292;242;159;304;270;260;256;219;282;167;233;258;295;326,5;285;277;295;263;245;287;278;215;277;255;235,5;241;237;201;241,5;262;241,56;279
"w51";314;258;343;326;343;297;326;336;295;314;265;241;274;352;337;304;353;283;280;300;278;334;349;293;266;340;185;326;286;235;327;259;330;169,5;230;184;280;227;344;217;221;271;250;207;317,5;237;211;262;211;204,5;279,85;334
"w52";348;333;212;249;359;354;343;361;339;319;200;347;318;310;265;323;234;267;360;340;343;323;308;347;363;372;366;361;357;364;349;359;343;358;358;323;373;339;373;366;372;370;374;364;364;359;349;300;300;281;333,18;362
"w53";260;258;110;193,5;200;234;209;249,5;207,5;302;164;252;234;239;184;282;225;116;284;145;303;243;179,5;226;137;158;160,5;173;275;155;186;270;278,5;323;149,5;283;215;172;166;172;240;188;193;155;134;274;271,5;169,5;241,5;267;214,14;211
"w54";324;343;281;383;209;313;321;363;185;133;94;376;99;165;88;203;297;225;331;130;158,5;286;153;99;202;232;316;308;338;333;345;382;384;373;246;315;144;195;188;179;242;283;194;277;226;78;366;376;367;373;256,43;309
"w55";90;42;52;66;110;166;77;40;36;32;47;180;32;108;43;52;124;92;160;222;116,5;93;106;276;312;330;318;280;339;311;244;158;170;245,5;297;244;317;284;252;297;327;339;336;303;308,5;131;167,5;178;327;201;187,58;157
"w56";58;18,5;23;24,5;23;57;37;67;55;58;17;21;60;26,5;29;76,5;35;9;20;12;32;17;21;27;109;151;66;49;24;17;69;49;115;43;153;67,5;101;46;82;156;91;88;96;39;35,5;24,5;17;7;39;28;51,73;29
"w57";356;82,5;269;59;61;103,5;78;3,5;31;16;292;122;284;90;111;4;235;44;88;311;73;34;64;153;314;42;109;118,5;86;54,5;159;139;42;97,5;331;254;24;371;62;39;79;53;79;79;96;377;54;333;127,5;318;136,05;94
"w58";240;241,5;123;237;189;214;190;190;207,5;275;171;263;215;172;199;255,5;157;128;278;114;251;184;193;311;198;192;241;111;187;139;157;208;216;249;240;204;258;188;221;214;246;163;247;178,5;203;280;232,5;163;192,5;246,5;207,47;197
"w59";343;233;336;316;337;241;322;308;305;317;293;245;305;339;322;268;315;275;228;315;319;333;331;285;263;250;137;268;240;137;310;234;276,5;209;249;142,5;238;212;323;205;234;196;227;163,5;342;205;252;210;143,5;94;259,84;316
"w6";372;348;381;379;245;375;364;344;376;379;381;340;381;359;341;373;373;384;382;251;382;373;380;95;254;355;379;380;378;384;367;311;351;275,5;292;313;204;287;183;299;288;333;299;351;313;74;375;371;354;339;329,35;360
"w60";158;184,5;65;175;175;279;223;261;249;168;112;332;138;145;131;223;304;208,5;271;181;234;195;156;341;328;333;330;345;314;307;259;278;135;334;352;299;333;323;320;350;349;350;356;331;317,5;340;295;190;226,5;231;256,7;310
"w61";237;226,5;141;200;188;242;187;209;211;288;163;214;232;203;196;274;171;125;298,5;105;252,5;169;198;201;106;156;198;139;190;119;158;218;202;196;130;214;203;137;182;113;161;174;176;137;207;311;232,5;136;195,5;235,5;191,16;163
"w62";113;64;69;99;57;115;128;122;128;84;42;118;49;87;45;151;142;34;92;72;78;103;41;73;56;36;98;72;74;92;25;16;89;35;137;29;31;50;72;28;26;59;66;103;147,5;81;178;99,5;72,5;193;81,43;62
"w63";114;130;105;131;114;103,5;111;66;42;54;72;155;48;107;90;27;111;48,5;55;62;106;124;90;68;59;49;91;178;88;65;129;39;131;81,5;23;174;41;68;66;37;55;82;53;83;121,5;150;150;88,5;145,5;54;88,72;71
"w64";77;60;27;52,5;59;96;51;71;64;71;48;46;61;67;46;81;38;25;62;27;48;39;86;40;102;100;114;37;76;42;31;77;95;25;132;46;96;43;88;131;101;77;110;43;132;19,5;5;30,5;32,5;12;62,8;42
"w65";2;32,5;259;26;49;82,5;32;1;9;3;343;42;319;47;301;5;240;24;57;361;18;1;6;314;350;334;247;87;120;208;94;12;3;89;313;312;216;358;212;380;270;311;344;178,5;114;380;69;326;89;308;165,97;121
"w66";339;282,5;209;189;276;311;220;235,5;307;277;227;290;133;311;200;266,5;199;174;184;148;187;260;284;286;238;206;270;231;254;265;231;300;287;309,5;234;271;249;156;258;278;281;262;259;284;212;264;161,5;130,5;310;204,5;244,03;288
"w67";278;248,5;316;336;344;299;319;330;209;249;274;231;271;361;324;238;336;257;330;299;287;332;362;209;189;295;79;319;257;201;332;223;301;287;111;167;279;169;348;250;255;269;266;250;332,5;291;291;221,5;203;106;266,63;323
"w68";367;367;284;329;372;373;369;368;369;376;337;371;350;343;339;372;345;329;376;356;360;364;355;362;352;371;352;351;343;357;362;361;361;353;364;344;383;309;381;361;365;366;366;372;366;368;351;292;340;296;354,4;382
"w69";336;315,5;210;183;301;285;230;262;281,5;269;213;303;143;301,5;232;262,5;174;184;304;172;245;283;274;225;121;164,5;223;209;233;212;197;301;297,5;291,5;46,5;266;167;176;155;118;172;208;150;219,5;145,5;335;170,5;106,5;319;170;223,26;239
"w7";8;90,5;32;38;17;94,5;22;10;19;14;10;70;18;60;8;23;37;58;143;107;110;8;11;329;293;352;290;158,5;249;297;265;126;21,5;192;334;96;307;258;287;342;316;330;316;276;263,5;174;321;92;358;175;156,53;111
"w70";374;369;368;356;331;382;346;246;377;374;357;338;359;375;261;376;374;379;372;186;376;375;382;84;250;342;375;375;373;381;373;308;348;298,5;278;332;183;278;160;276;285;318;256;347;287;46,5;369;368;345;340;320,18;351
"w71";51;46,5;34;54;35;110;49;20;32,5;24;14;91;36;96;7;30,5;47;56;146;109;112;43;32;331;301;358;303;163;222;290;263;131;55;218;324;114;319;253;277;337;311;328;303;291;244;164;250;83;331;108;158,95;117
"w72";32;26;13;13;18;14,5;9;36;59;75;34;11;44;25;26;79,5;15,5;17;21;11;30;49,5;17;18;40;96;23;21;14;75,5;46;33,5;68;6;66;52;76;28;43;86;61;48;67;14;15,5;36;17;4,5;37;14,5;35,65;10
"w73";44;56;178;86;45;26;66;18;11;35;275;49;247;12;116;21;121;119;26;187;66;5;67;263;108;19;131;186;126;257;82;118;6;122;221;191;353;135;309;44;111;28;321;145;58,5;158;63,5;314;94,5;305;122,91;88
"w74";306;274;233;266;323;249;235;256;300;221;198;226;126;255;202;307;110;335;277;175;216;259;297;281;154;197;240;82;198;142;172;206;297,5;206;144;178;168;108;193;195;228;223;161;251;171;253;138,5;185,5;129,5;152;214;209
"w75";283;188,5;324;339;325;246;324;312;276;262;284;188;279;329;328;288;291;375;251;289;308;311;302;162;234;268;122;336;202;197;279;181;268;260;73;150;273;208;340;244;160;260;214;203;291;256;318;212,5;189,5;174;255,55;308
"w76";147;191;155;147,5;166;129;153;220;324;345;192;217;239;135;105;310;216;305;136;240;228;255;157;351;306;339;307;296;310;319;280;324;168;290;345;293;327;288;297;339;336;306;325;333;327,5;365;305,5;117;160,5;279;254,92;306
"w77";300;280,5;249;277;303;260;276;257;297;191;182;224;142;279;237;273;144;344;272,5;165;270;274;276,5;221;119;183;225;189;150;161;179,5;244;294;203;39;168;157;91;148;98;158;234;126;190;139,5;324,5;108,5;127,5;83,5;125;205,19;192
"w78";121;122;63;94;70;41;101;116;259;117;38;83;66;42;17;153;64;187,5;89;57;84;119,5;77;19;4;2;7;9;6;58;5;36;13;32,5;15;6;5;24;4;1;8;31;9;33;20;33;309;267;64,5;166;67,36;45
"w79";84;124;95;130;120;106;108;102;39;8;80;50;64;65;58;68;85;139;32;58;101;81;112;118;36;14;99;221;109;280;99;147;39,5;116;8;133;49;119;27;20;29;47;27;104;30,5;189;105,5;57;108,5;66;86,14;68
"w8";69;18,5;16;34;55;62;30;73;89;81;43;19;73;36;32;100;27;13;22;16;59,5;83;36;26;45;97;46;28;15;49;55;67;74;49,5;117;66;80;33;56;91;63;45,5;74;23;13,5;56;45;16;43;16;49,53;25
"w80";59;93;33;81;56;50;27;88;72;115;61,5;47;37;20;55,5;69,5;19;256;42;35;47;40;128;43;42;92;48;32;29;25,5;10;5,5;21,5;70;44;21;85;35;46;84;83;58;43;22;15,5;21,5;17;2;20,5;3;51,01;28
"w81";80;101;321;43,5;36;174;44;33,5;88;44;351;98;349;86;352;37;342;100;119;372;85;37,5;81;299;321;337;310;275;309;309;176;105;78;207;306;365;297;351;272;355;320;355;322;369;270;381;74;311;71;321;216,81;221
"w82";344;305;187;218;240;326;245;252;304;257;238;292;125;293;207;281;221;203;191;152;164;268,5;288;313;268;247;293;260;280;281;246;312;320;309,5;272;268;289;276;266;293;296;267;294;288;255,5;284;161,5;130,5;314;188;257,47;312
"w83";308;219,5;342;347;345;324;304;339;272;236;313;192;301;338;346;272;343;248;295;314;324;337;363;175;243;261;140;317;155;241;329;210;327;243;207;166;285;233;345;271;257;294;280;254;300;251;317;266;208;173;275,41;331
"w84";357;353;270;290;356;366,5;355;357;362;360;299;363;337;318;281;365;321;322;364;337;349;346;348;363;376;379;368;368;351;351;342;349;367;363;366;359;377;349;378;368;377;380;379;379;375,5;350;325;291;357;276;348,8;377
"w85";349;331,5;132;182;294;293;247;268;279;253;231;275;124;301,5;240;266,5;209;176;307;176;224;285;275;174;186;173;220;205;200;211;249;304;328,5;291,5;84;274;213;254;209;185,5;218;232;188;230;139,5;290;170,5;106,5;323;149;230,53;256
"w86";296;328;278;377;180;330;286;274;162;144;99;370;95;158;104;155;303;191;306;139;146;208;146;131;237;256;326;306;325;341;346;378;377;376;276;317;185;239;220;221;230;261;224;282;238;62;361;365;368;370;253,86;304
"w87";111;72;70;90,5;157;253;117;105;161;52;81;152;86;141;94;104;150;242;190;197,5;87;104;127;249;313;269;334;271;321;324;271;169;175;274;298;259;294;295;251;301;325;322;319;317;306,5;186;134;93;313;162;201,79;182
"w88";52;39;21;22;48;59;42;54,5;83;97;57;20;47;33;47;112;31;16;24;21;59,5;58,5;55;49;133;126;74;38;34;63,5;61;23;124,5;29;176;70;112;55;96;166;105;105;99;48;55,5;21,5;17;8,5;38;1;60,54;40
"w89";24;104,5;271;49;82;120,5;73;32;28;29;311;114;297;85;123;15;264;78,5;74;224;115;76;111;127;218;40;129;129;124;282;88;135;336;148,5;332;276;57;213;69;63;340;76;89;107;63,5;382;26;301;94,5;335;145,62;101
"w9";21;98,5;124;58;13;38;80;19;5;9;287;59;245;8;133;18;173;114;14;159;82;37,5;57;188;46;18;226;165;119;196;326;117;8;175;158;264;102;306;18;33;96;35;45;86;46;142;50;303;52,5;307;109,59;83
"w90";340;294;148;225;269;243;256;202;303;232;214;248;114;264;217;289;151;149;281;199;213;273;279;261;219;202;236;195;199;175;177;237;323,5;178;154;239;234;244;186;219;259;233;258;234;199,5;277;138,5;185,5;129,5;127;222,45;237
"w91";277;199;335;352;318;286;325;341;286,5;250;278;204;266;315;338;236;320;246;223;308;315;322;324;187;247;262;166;297;203;216;300;188;303;239;145,5;196;252;223;328;255;256;253;248;246;293;310;249;239;189,5;91;260,93;319
"w92";228;264,5;142;252;208;256;244;240;312;305;233;331;294;151;159;331;314;145;252;265;246,5;227;191;360;345;350;345;340;326;336;281;335;292;339;344;321;343;329;338;352;358;342;359;342;359;293;305,5;166,5;160,5;243;283,91;336
"w93";323;264,5;177;247;311;283;260;225;291;201;226;236;107;269;203;278;147;172;272,5;188,5;273;268,5;285;136;185;194;227;190;146;215;179,5;246;303;202;76;243;211;230;162;168;217;237;225;206;174,5;298;108,5;127,5;83,5;97;211,91;205
"w94";97;96;72;121;71;126,5;137;114;132;131;79;145;74;94;48;147;149;62;95;75;80;113;83;75;80;35;84;62;62;125,5;77;75;61,5;65,5;218;71;89;86;102;35;69;91;75;117;102;67;119;67,5;64,5;73;91,8;72
"w95";94;126,5;193;119;149;119;115;86,5;112;114;82;108;82;92;95;106;128;74;97;66;132;107;116;87;90;44;55;143;117;254;113;232;143;134;24;227;70;103;80;62;50;99;73;105;88;154;104;65;108,5;64;108,03;82
"w96";42;46,5;38;42;79;80;41;92;82;86;71;72;43;64;80;110;49;59;86;50;75;58,5;104;67;129;143;118;51;65;53;51;26;56;47,5;188;60;107;63;117;174;120;114;151;82;65;30;17;27,5;20,5;5;73,95;53
"w97";3;32,5;277;9;2;37;11;3,5;2;6;338;60;316;2;316;8;327;33;78,5;371;37,5;24,5;33;316;331;224;199;89;89;199;14;187;5;69;309;310;232,5;359;217;295;239;358;163;158;205,5;40;56;337;19;324;153,43;107
"w98";226;268;88;191;184;225;290;211;197;216;154;313;212;243;132;225,5;192;130;244;131,5;261;210;178;295;188;210;261;158,5;287;191;174;226;256;296;245;265;200;180;255;266;253;172;205;238;199,5;281,5;159;239;279,5;265;219,34;227
"w99";309;223;317;321;338;275;298;284;251,5;303;244;182;303;356;277;217;337;287;289;269;284;295;320;250;195;307;133;290;247;164;318;228;251,5;139;104;165;260;160;334;193;126;242;204;217;266;218;319;250;114;148;248,44;297
